Facility Name,Facility RRID,Institution Name,City,State,Country,Website,Services,Description
AU-FACS Core Facility,RRID:SCR_022323,Aarhus University,Aarhus,,United States of America,www.facs.au.dk,"Data Analysis,Data Analysis And Interpretation,FACS Cell Sorting,Flow Cytometric Analysis,Flow Cytometry Data Analysis,Imaging Flow Cytometry,Multi-color Flow Cytometry,Single-Cell Analysis,Training","The FACS Core Facility at Aarhus University is an open fee-for-service SRL. The facility has 3 highly skilled staff, taking care of training and maintenance. The facility is equipped with 2 cell sorters, 4 analyzers, 1 ImageStream and 1 full spectrum flow cytometer."
Epigenomics Shared Facility (ESF),RRID:SCR_023284,Albert Einstein College of Medicine,Bronx,NY,United States,https://www.einsteinmed.edu/research/shared-facilities/cores/53/epigenomics/,"10x Genomics,AlloSeq Tx17 (HLA Genotyping),ATAC-Seq,CDNA Synthesis,ChIP-Seq,CITE-seq,Computational - Bioinformatics,CUT&RUN-Seq,CUT&Tag-R-Loop-Seq,CUT&Tag-Seq,DNA Analysis,DNA Isolation,EM-Seq (Enzymatic Methyl-seq) ,Genomics,Long Read Sequencing Utilizing Oxford Nanopore’s MinION Platform,Metabolomics,Metagenomics Analysis,Methylation Analysis,Ribosomal Reduction ,RNA analysis,RNA Integrity,RNA Isolation,RNA Modification Analysis,RNAseq,Single-Cell Analysis,Single-cell Sequencing,Small/miRNA-Seq,Targeted RNA-Seq ,Targeted-Seq,Ultra-Low RNA-Seq,WEM-Seq (whole Exome Sequencing)","The Epigenomics Shared Facility (ESF), part of Einstein’s Center for Epigenomics and an Illumina CSPro (certified service provider) laboratory, offers massively-parallel sequencing (MPS) including fully-automated library preparation, quality control and assurance, and a number of assays to study the genome/epigenome. Data analytical services are provided by the Computational Genomics Facility. The ESF supports diverse assays for MPS analysis and strive to bring cutting-edge technologies. The services include library preparation and sequencing plus Data Storage, primary data return,..."
Nemours Cell Science Core,RRID:SCR_017854,Alfred I. duPont Hospital for Children,Wilmington,DE,United States of America,https://my.ilabsolutions.com/service_center/show_external/4003,"2D-PAGE,Blood Processing,Cell Culture,Cell Sorting,Consultations,Flow Cytometric Analysis,Proteomics,Shared Instrumentation Oversight & Maintenance,Tissue Culture,Western Blot","Services include: flow cytometry, cell sorting, cell & tissue culture, immortalization of cell lines, and 2-D DIGE. Additionally, CSC staff offer training and assistance in flow cytometry, tissue culture, and operation of many of our walk up instruments."
ATCC Sequencing & Bioinformatics Center,RRID:SCR_021346,American Type Culture Collection,Manassas,VA,United States,https://www.atcc.org/services,"BioBanking,Biorepository,Capillary Electrophoresis,CDNA Synthesis,Cell Culture,Cell Line Authentication,Computational - Bioinformatics,Computational - Biostatistics,Computational - High Performance Computing,Copy Number Variation (CNV),Data Analysis,Data Analysis And Interpretation,Data Processing,Data Processing And Interpretation,Data Visualization,DNA Analysis,DNA Isolation,Droplet Digital PCR,Exosomes Characterisation,Genome/Transcriptome Assembly And Annotation,Genomics,Genotyping,Genotyping-by-sequencing,High-throughput Screening,Long Read Sequencing,Metagenomics Analysis,Microbiological Culturing,Microbiome,Mycoplasma Detection,Nanopore Sequencing,Phenotyping,Quantitative DNA Sequence Mapping,Real-time qPCR,RNA analysis,RNA Integrity,RNA Isolation,RNAseq,Sample Accessioning,Sample Preparation,Sequencing - Capillary Sequencing,Sequencing - DNA Sequencing,Sequencing - Next Generation Sequencing (NGS),Single-Cell Analysis,Single-cell Sequencing,TaqMan Arrays,Virology,Whole Exome Sequencing,Whole Genome Se","We are the core genomics and bioinformatics group at the American Type Culture Collection (ATCC). We offer whole genome sequencing and advanced bioinformatics analysis for a wide range of biological materials - ranging from viruses and bacteria, to fungi and human or animal cell lines. In addition to extensive sequencing capabilities, we also offer genome assembly, verified annotation, functional genomics analysis, transcriptomics analysis, cell line contamination assessments, microbiome profiling, and advanced cell line authentication services."
Auburn University Flow Cytometry and High-Speed Cell Sorting Laboratory Core Facility,RRID:SCR_025507,Auburn University,Auburn,,United States of America,https://www.vetmed.auburn.edu/research/flow-cytometry-laboratory/,"FACS Cell Sorting,Flow Cytometry,Flow Cytometry Training",Flow Cytometry Laboratory at Auburn University College of Veterinary Medicine provides operator-managed and assisted support for flow cytometry analyses and high-speed cell sorting.
"BNI Biobank, Flow Cytometry and Genomics Core Facilities",RRID:SCR_021133,Barrow Neurological Institute,Phoenix,AZ,United States of America,https://www.barrowneuro.org/for-physicians-researchers/research/research-at-barrow/active-research-studies/flow-cytometry-core-facility/,"10x Genomics,BioBanking,Biorepository,Bioshipping,Cell Sorting,Computational - Bioinformatics,Computational - Biostatistics,DNA Analysis,DNA Isolation,FACS Cell Sorting,Flow Cytometric Analysis,Flow Cytometry Data Analysis,Genomics,Molecular Library Services,Nanostring,Nanostring NCounter,RNA analysis,RNA Integrity,RNA Isolation,RNAseq,Sequencing - Next Generation Sequencing (NGS),Single-Cell Analysis,Single-cell Sequencing","Recently added services! We are now excited to offer RNA/DNA integrity analyses, library prep and sequencing services with our Qiaxcel System and Illumina NextSeq 2000. 
 
 Our facility has over 100,000 human specimens banked for your research needs"
BCM Mass Spectrometry Proteomics Core,RRID:SCR_027015,Baylor College of Medicine,Houston,TX,,https://www.bcm.edu/research/atc-core-labs/mass-spectrometry-proteomics-core,"Protein Interactions (IP/MS, AP/MS, Proximity Labeling, DNA-protein Interactions, Chemoproteomics),Protein Post-translational Modification (PTM) Identification,Protein Post-Translational Modification Profiling (TMT, Label-Free),Protein Profiling And Quantitation (Label-Free Quantitation, TMT, SILAC)","Mass Spectrometry Proteomics Core provides a broad range of services with beginning-to-end support that includes project evaluation and design, sample processing and biochemical purifications, mass spectrometry measurements, data processing, and bioinformatics analysis performed by the experienced core personnel."
BCM-RNA In Situ Hybridization Core,RRID:SCR_017856,Baylor College of Medicine,Houston,TX,United States of America,https://www.bcm.edu/research/advanced-technology-core-labs/lab-listing/rna-in-situ-hybridization,"In Situ Hybridization,Slide Scanning,Whole Slide Imaging","We perform mRNA or microRNA in situ hybridization on tissue sections. The ISH is performed on a liquid handling robot that can handle up to 196 slides per experiment and we can develop the signal with chromogenic or fluorescent methods. 
 We can also assist with rodent dissections and embedding of tissue for local customers, and cryostat sectioning, mRNA probe production and imaging (whole slide scanning) for all customers."
Optical Imaging & Vital Microscopy (OiVM),RRID:SCR_019297,Baylor College of Medicine,Houston,TX,United States of America,http://bcm.edu/oivm,"3D Visualization,Analysis Workstations,Cell Imaging,Confocal Microscopy,In Situ Hybridization,In-vivo Imaging,Light-sheet Microscopy,MicroCT,Microscopy,Multiphoton Microscopy,Optical Imaging,Optical Projection Tomography (OPT),Outreach,Super-resolution Microscopy,Whole Slide Imaging","The Optical Imaging & Vital Microscopy (OiVM) Core provides state-of-the-art instrumentation and cutting-edge imaging/image analysis tools for the research applications of a broad range of Baylor College of Medicine investigators. This core is dedicated to vital and intravital imaging of cellular processes within cells, intact tissue explants, developing embryos and functioning organs within the live animal. Our users are focused on a variety of applications such as understanding cell migration, optimizing angiogenic therapies, how blood flow influences development and cancer, immune cell..."
BCCHR-FLOWCORE,RRID:SCR_022790,BC Children's Hospital Foundation,Vancouver,BC,Canada,https://www.bcchr.ca/flowcore,"Cell Sorting,FACS Cell Sorting,Flow Cytometric Analysis,Flow Cytometry Data Analysis","The BCCHR Flow Cytometry Core provides state-of-the-art equipment for flow cytometric analysis, full-service cell sorting, as well as training, and dissemination."
Benaroya Research Institute Human Immunophenotyping Core,RRID:SCR_026355,Benaroya Research Institute,Seattle,WA,United States,https://benaroyaresearch.org/our-research/core-labs/human-immunophenotyping-core,"Assay Development,Cell Culture,Cell Sorting,CyTOF,Cytokine Assays,ELISA,Experimental Design,FACS Cell Sorting,Flow Cytometric Analysis,Flow Cytometry,Flow Cytometry Data Analysis,High Dimensional Flow Cytometry Analysis,Immune Monitoring,Luminex Bead Based Cytokine Assays,Mass Cytometry,Multi-color Flow Cytometry,Research Design,Sample Preparation,Spectral Flow Cytometry,Training","The Human Immunophenotyping (HIP) core at the Benaroya Research Institute (BRI) provides access to cutting-edge technologies and services enabling study of human immune-mediated diseases.
 
 We offer expertise in human immunology along with innovative assays and state-of-the-art technology. We specialize in robust, high-parameter single-cell assays utilizing conventional, spectral, and mass cytometry (CyTOF), which can be paired with sophisticated genomic and bioninformatic analyses through our connections with other outstanding BRI cores. Other services include, but are not limited to,..."
Cell and Tissue Analysis Group,RRID:SCR_026327,Benaroya Research Institute,Seattle,WA,,https://www.benaroyaresearch.org/our-research/core-labs/cell-and-tissue-analysis-group,"Flow Cytometry,Histology,Microscopy","The Cell and Tissue Analysis (CATA) Group at the Benaroya Research Institute offers an extensive array of flow cytometry, imaging, and histology resources for both BRI investigators as well as external research entities.
 
 Spread over three floors at the BRI, the CATA Group strives to provide researchers with consistent and dependable access to cutting-edge technologies. With expertise in the fields of imaging, histology, and flow cytometry, we seek to not only offer the physical space and machines necessary to carry out your work but also critical support through the whole process, from..."
BIDMC - Small Animal Imaging Facility,RRID:SCR_026600,Beth Israel Deaconess Medical Center,Boston,MA,United States,https://www.bidmc.org/research/core-facilities/small-animal-imaging-core/longwood-small-animal-imaging-facility-saif,"Bioluminsecence Imaging,Blood Cell Count,Blood Chemistry,Clinical Imaging - Small Animal (luminescence/fluorescence)","At the Longwood Small Animal Imaging Facility (SAIF), our mission is to provide state-of-the-art small animal imaging services to researchers in the Longwood Medical Area of Harvard Medical School, as well as external academic and corporate researchers. To that end, we have designed a dynamic facility to provide multi-modality imaging, advanced data analysis, image fusion resources, custom chemistry, and a satellite animal facility for longitudinal studies."
BIDMC Biomarker and Metabolism Research Core,RRID:SCR_026518,Beth Israel Deaconess Medical Center,Boston,MA,United States,https://resuscitationscience.com/research/laboratory-research/,"Biomarker Analysis,Digital Microscopic Assays,Multiplexed Biomarker Assays,Real Time Cellular Metabolism Assays,Research Design","The Biomarker and Metabolism Research Core provides access to XFe 96 Extracellular Flux Analyzer, seahorse technology, as well as additional services that include technical advice in experimental design, data analysis and basic training. The Core also provides affordable access to high‑performance, electrochemiluminescence immunoassays using MESO QuickPlex SQ 120. This instrument provides unparalleled sensitivity and dynamic range, using low sample volume, and fast, well-organized results. You can perform multiplex biomarker and cytokine assays, test for immunogenicity or toxicity, or we..."
BIDMC Genomics Proteomics Core,RRID:SCR_025689,Beth Israel Deaconess Medical Center,Boston,MA,United States of America,https://www.bidmc.org/research/core-facilities/genomics-proteomics-corehttps://www.bidmc.org/research/core-facilities/genomics-proteomics-core,"Computational - Bioinformatics,Computational - Biostatistics,Consultation,Cytokine Assays,Data Analysis,Data Analysis And Interpretation,Data Visualization,Discovery Science,ELISA,Immunoassay,Pathway Interpretation,Proteomics,Proteomics Analysis,Sample Preparation,SomaScan Proteomics","The Center provides investigators access to comprehensive interdisciplinary, translational, and clinically-oriented facilities for high-sensitivity and high-throughput proteomics services. The Center has over 20 years of experience in precision medicine and proteomics biomarker discovery in tissue and biological fluids. We are the only service provider in the Boston are for the exciting and most comprehensive, highly multiplex 11,000-protein SomaScan v5.0 assay. We provide assistance in study design, experimental execution, data analysis, and systems biology, while also serving as a forum..."
BIDMC Mass Spectrometry Core,RRID:SCR_017735,Beth Israel Deaconess Medical Center,Boston,MA,United States of America,www.bidmcmassspec.org,"Biochemical Analysis,Computational - Bioinformatics,Data Analysis,Gel Chromatography,Lipidomics Profiling,Mass Spectrometry,Metabolomics,Metabolomics Platform,Protein Extraction/Purification,Protein Post-translational Modification (PTM) Identification,Proteomics,Sequencing - Capillary Sequencing,Sequencing - Protein Sequencing,Shared Instrumentation Oversight & Maintenance,Stable Isotope Tracing,Western Blot","ABOUT US: The mass spectrometry, metabolomics and proteomics core at Beth Israel Deaconess Medical Center was established in 2004 led by Dr. John Asara and continues to grow rapidly. We provide excellent proteomics, metabolomics and lipidomics services with low prices and fast turnaround times. We have cutting edge equipment operated at optimal sensitivity and work and publish with world class researchers. We also maintain an active internal cancer proteomics and metabolomics/lipidomics research program with collaborative efforts. Our expertise is in identifying and quantifying protein..."
BIDMC Preclinical MRI Core,RRID:SCR_009674,Beth Israel Deaconess Medical Center,Boston,MA,,https://www.bidmc.org/research/research-by-department/radiology/preclinical-mri-core,Magnetic Resonance Imaging (MRI),"The Preclinical MRI Core at Beth Israel Deaconess Medical Center provides state of the art imaging of anatomy and function for small animals including mice, rats, and amphibians. In addition, ex vivo samples from larger animals and patients can be imaged. The Core also provides consultation on protocol design and pilot data for new projects. Analysis services are available as well."
BIDMC-Electron Microscopy Core,RRID:SCR_009667,Beth Israel Deaconess Medical Center,Boston,MA,United States,https://research.bidmc.org/em-core,"Contrast Staining,Discussion Of Results (consultation) And Transfer Of Image Data Files (no Storage),Evaluation Of The Sample Using The JEOL 1400 Electron Microscope,High Pressure Freezing,Image Analysis,Negative Staining For TEM,Pre-experiment Consultation For Methods And For Proper Fixation Techniques,Receipt Of Samples (sometimes Assisting With Sample Collection) Followed By Grossing And Processing Of Tissues, Suspended Cells, Bacteria, Cultured Cells, Organoids, Exosomes,Review Of Sections For Tissue Orientation And Histopathology,Thin Sectioning, Production And Use Of Formvar- And Carbon-coated Grids","The BIDMC Electron Microscopy Core provides service for grossing, tissue processing, tissue embedding, thick and thin sectioning, staining grids, and taking images of samples in the electron microscope. Training is available to use the electron microscope independently. For tissue processing, we also have training or service for high pressure freezing, freeze substitution, and tissue embedding. The core also has the expertise to do Advanced 3-D Focused Ion Beam/Scanning Electron Microscopy and 3-D segmentation and analysis on cells or tissues."
BIDMC-Flow Cytometry Core and MassNano nanoparticle facility,RRID:SCR_012305,Beth Israel Deaconess Medical Center,Boston,MA,,https://research.bidmc.org/flow-cytometry-core/,"Confocal/ Super Resolution Microscope,Dynamic Light Scattering,Exosomes Characterisation,FACS Cell Sorting,Flow Cytometric Analysis,Flow Cytometry Data Analysis,Flow Cytometry Training ,Full Spectrum Flow Cytometry,High Dimensional Flow Cytometry Analysis,Imaging Flow Cytometry,Interferometry And Immunofluorescence,Microfluidic Pulse Sensing,NanoFACS,NanoFlow Cytometry Training Course,Nanosight Nanoparticle Analysis,Raman Spectroscopy,RNA Flow Cytometry,Single Particle Extracellular Vesicle Flow Cytometry,Spectral Flow Cytometry,UV-Vis Spectroscopy","Committed to meet all of the flow cytometry needs for the BIDMC and the external research community, the Flow Cytometry Core facility offers state of the art instrumentation for routine flow cytometry and cell sorting.
 
 It is continuously expanding with the newest software and machinery for both sorting and analysis, with the capability of up to 48 fluorescent parameters."
BIDMC-Histology Core,RRID:SCR_009669,Beth Israel Deaconess Medical Center,Boston,MA,United States,https://research.bidmc.org/histology-core,"Blank Slides Cut For Immunostaining And Passed-on (if Needed) To The Immunostaining Service ,Cassetting,Consultation For Pre-experiment Methods, Post-processing Orientation, And/or Special Staining,Grossing,Labeling Of Slides,Paraffin Or Frozen Block Sectioning,Processing Of Tissues, Cells, Or Organoids For Frozen Sectioning,Processing Of Tissues, Cells, Or Organoids For Paraffin Histology,Sample Receipt,Slides Are Boxed For Transport And Tissue Blocks Are Returned To The Investigator For Storage,Special Processing For Specialized Project Aims Or Histology Stains Are Available ,Staining With Histology Stains Or Special Stains, Including Alcian Blue, Masson Trichrome, Oil-Red-O, PAS, Sirius Red, Toluidine Blue, And Alcian Blue/PAS","The BIDMC Histology Core does routine paraffin and frozen sectioning on tissues for research purposes. We offer consultation services, and fee-for-service tissue grossing, processing, embedding, sectioning and staining. Special stains are also done routinely. Paraffin-embedded or frozen sections can be passed-on to a partner core, the BIDMC-Confocal and Immunostaining core, for DAB or fluorescence staining and analysis. No training or independent usage of the Histology core or its equipment is possible."
BIDMC-Immunostaining and Microscopy Core,RRID:SCR_012312,Beth Israel Deaconess Medical Center,Boston,MA,United States,https://research.bidmc.org/confocal-imaging-core,"Biological Photography/Photomicrography,Confocal Microscopy,Fluorescence TUNEL Staining-Paraffin Sections,Fluorescence-multi-label Using Paraffin Sections,Fluorescence-single Label Using Paraffin Sections,Immunoperoxidase (IPOX) Using Frozen Sections,IPOX-Paraffin Sections,Labeling Of Frozen Sections Using A Single Fluorescence Label,Labeling Of Frozen Sections Using Multiple Fluorescence Labels; ,Near Super-resolution Confocal Microscopy,Pre-antibody Testing/optimization With New Antibodies.,Pre-experiment Consultation And Consultation Prior To Antibody Purchase,Widefield Microscopy","The BIDMC Immunostaining and Microscopy Core offers consultation and service for tissue immunostaining with paraffin or frozen sections, and for training to use confocal and widefield microscopes. All service work and training is fee-for-service."
"Detection Unit, Precision RNA Medicine Core",RRID:SCR_024819,Beth Israel Deaconess Medical Center,Boston,MA,United States,https://noncodingrna.org/detection-unit/,"Biochemical Analysis,Consultation,Data Processing,Micro RNA Profiling","MicroRNA Screening
 
 Our unit offers full service microRNA screening of bio specimens using Mirxes ID3EAL assays. This highly sensitive qPCR-based technology can simultaneously screen for up to 376 microRNAs. 
 
 We offer the following panels:
 • ID3EAL™ PanoramiR Panel targets 376 miRNAs involved in signaling pathways or disease mechanism
 • ID3EAL™ Cancer Panel targets 352 miRNAs commonly studied in cancer"
Glycomics Core,RRID:SCR_024818,Beth Israel Deaconess Medical Center,Boston,MA,United States,https://www.bidmc.org/research/core-facilities/glycomics-core,"Glycolipid Analysis,Glycomics,Glycopeptide Mapping,Glycoproteomics,HPLC,Mass Spectrometry,Mass Spectrometry - Proteins And Peptides,Protocol Development","The Glycomics Core provides services, instrumentation and expertise in glycomics to BIDMC research groups, affiliated and non-affiliated institutions and corporate companies.
 
 The services proposed by the Glycomics Core includes:
 
 Glycan Microarrays
 Glycan analysis by Mass Spectrometry
 Distribution of specific reagents
 Trainings
 The work is done on a fee-for-service basis.
 
 The National Center for Functional Glycomics (NCFG) is an outgrowth of the high successful Consortium for Functional Glycomics (CFG) funded by the NIGMS/NIH from 2001 to 2014. The CFG generated two types of..."
Preclinical Murine Pharmacogenetics Facility,RRID:SCR_026599,Beth Israel Deaconess Medical Center,Boston,MA,,https://www.bidmc.org/research/core-facilities/preclinical-murine-pharmacogenetics-core,"Consultation,In Vivo Drug Evaluation,In-vivo Imaging,Xenograft / Xenotransplantation","The Core provides expertise in the design and implementation of preclinical trials to test new drugs, drug combinations and novel therapeutic modalities in mouse models of human diseases."
Translational MRI Research Core,RRID:SCR_017950,Beth Israel Deaconess Medical Center,Boston,MA,United States of America,https://research.bidmc.org/radiology-research,Magnetic Resonance Imaging (MRI),"The Translational MRI Core of the BIDMC Department of Radiology provides state-of-the-art MRI capabilities for imaging human subjects and potentially large animals as part of research studies. The facility operates a GE Discovery MR750 3T whole-body scanner completely dedicated to research.
 
 Located in the Ansin Building on BIDMC's East campus, the scanner is FDA cleared for clinical use. In addition to commercial tools for clinical imaging, it has proprietary software including pulse programming environments and reconstruction programs and customizable software and protocols for..."
Instrumentation Resource Facility,RRID:SCR_024955,Black Hills State University,Columbia,SC,United States,https://sc.edu/study/colleges_schools/medicine/research/research_facilities/instrumentation_resource_facility/index.php,"Analysis Workstations,Bioluminsecence Imaging,Brightfield Microscopy,Cell Culture,Cell Imaging,Clinical Imaging - Small Animal (luminescence/fluorescence),Clinical Imaging - Small Animal (X-ray, Ultrasound, microCAT, MRI),Confocal Microscopy,Digital PCR,Electron Microscopy,FACS Cell Sorting,Flow Cytometric Analysis,Flow Cytometry,H&E Staining,Histology,Image Aquisition,Immunofluorescence ,Immunohistochemistry,In-vivo Imaging,Laser Capture Microdissection,Lattice Lightsheet,Light-sheet Microscopy,Live Cell Imaging,Microarray,MicroCT,Microscopy,Molecular Imaging,Multiphoton Microscopy,Negative Staining For TEM,Optical Imaging,Paraffin Embedding,Plate Reader,Real-time qPCR,Scanning Electron Microscopy,Staining,Tissue Culture,Transmission Electron Microscopy,Ultrasonic Imaging","Mission: By providing state-of-the-art biomedical instrumentation, the IRF seeks to facilitate the expansion of scientific knowledge and discovery in the USC School of Medicine Columbia and main campus research environments. 
 
 Purpose: As an integral component of the research and teaching mission of the University of South Carolina School of Medicine, the IRF houses several major pieces of state-of-the-art biotechnological equipment that provide investigation ranging from single cell and molecular level analysis to whole animal imaging. Additionally, the IRF maintains a full range of..."
South Carolina College of Pharmacy Microarray Core Facility,RRID:SCR_022211,Black Hills State University,Columbia,SC,United States of America,https://www.sc.edu/study/colleges_schools/pharmacy/research_and_practice/research_centers_and_facilities/microarray_core_facility/index.php,"Computational - Bioinformatics,Data Analysis,Genomics,Microarray,Outreach,RNA analysis,RNA Integrity","Services Provided: The USC Microarray Core Facility (formerly the SCCC DNA Microarray Facility) can conduct RNA quality control, amplification and labeling; conduct array hybridization, scanning and data analysis, and assist customers in all aspects of the design and performance of microarray experiments, using Agilent (pre-made and custom) and Affymetrix arrays. In addition, the facility provides support for quantitation and quality assessment of DNA, RNA and protein on an Agilent 2100 Bioanalyzer.
 
 Hybridization 
 We provide extensive on site training and support for Agilent and..."
Biomedical Research Core Facility,RRID:SCR_026945,Boise State University,Boise,ID,,https://www.boisestate.edu/bri/biomolecular-research-core-facility/,"Budget Preparation,Core Facility Administration,Core Facility Rate Development,Data Visualization,Evaluation / Assessment,Grant Management,Grant Proposal Preparation,Grant Writing Workshops,ILab Software Support,Manuscript Preparation,Networking Opportunities,Professional Development Opportunities,Reporting ,Science Of Team Science Workshops,Social Network Analysis,Student Research Opportunities,Survey,Training","A collaborative and multidisciplinary research hub designed to provide a supportive environment for interdisciplinary research and education. The institute concentrates on supporting the careers and professional development of students, staff and researchers in biomolecular and biomedical research interests."
BSU-Biomolecular Research Center,RRID:SCR_019174,Boise State University,Boise,ID,United States of America,https://www.boisestate.edu/brc/home/,"Cell Imaging,Confocal Microscopy,Mass Spectrometry,Spectroscopy,Tissue Culture","The Biomolecular Research Center at Boise State is a collaborative research center designed to provide a supportive environment for interdisciplinary research and education with opportunities for students and faculty members alike. The focus of the BRC is the study of biomolecules with emphasis on proteins and protein interactions. The BRC represents a comprehensive collection of instrumentation and facilities ideal for the characterization of biomolecules and their role in a variety of biomedical and environmental processes. Partnerships exist between the Center and Idaho-BRIN/INBRE, UI,..."
Molecular Genetics Core Facility,RRID:SCR_025866,Boston Children's Hospital,Boston,MA,United States of America,https://www.childrenshospital.org/research/cores/molecular-genetics-core/contact-us,"BioBanking,Copy Number Variation (CNV),DNA Analysis,Droplet Digital PCR,Genomics,Genotyping,Mass Spectrometry,Microarray,Molecular Library Services,Nucleic Acid Extraction,Real-time qPCR,RNA analysis,RNA Integrity,Sequencing - Capillary Sequencing,Sequencing - DNA Sequencing,Sequencing - Next Generation Sequencing (NGS),Sequencing- Long Read Sequencing","The overall objective of the Molecular Genetics Core Facility is to provide high quality, low cost genomic technology services and expertise in a timely, affordable manner. Services offered include:
 
 Nanopore PromethION sequencing
 Electronic optical mapping on Nabsys
 Optical Genome mapping on Bionano Saphyr
 NGS (Illumina-based)
 Sanger Sequencing
 Single cell analysis/RNAseq
 Transcriptomic spatial profiling 
 Gene expression analysis 
 Droplet Digital PCR & qPCR
 Microsatellite/fragment analysis 
 SNP genotyping 
 Chromosomal microarray analysis
 Sample prep & QC
 Project..."
BU Microarray Resource,RRID:SCR_017782,Boston University,Boston,MA,United States of America,http://www.bumc.bu.edu/microarray/,"Genotyping,Library Services,Microarray","Currently, we provide analysis of gene expression using the Affymetrix GeneChip platform. Services using the Illumina platform will be available soon. For more information go to the services section of our website. For both platforms users of the facility provide us with high quality samples and the Microarray Resource does the rest. We also offer analysis of RNA, DNA and Proteins using Agilent Bioanalyzer.
 
 We offer the same services to researchers outside of Boston University on an available-resource basis.
 
 All interested researchers are encouraged to contact the Microarray Resource..."
Brandeis Electron Microscopy Facility- The Louise Mashal Gabbay Cellular Visualization Center,RRID:SCR_026272,Brandeis University,Waltham,MA,,https://www.brandeis.edu/science/resources/electron-microscope/index.html,"Cryo-Electron Microscopy,Cryo-Electron Tomography,Immuno Electron Microscopy,Transmission Electron Microscopy","The Brandeis EM facility offers wide variety of preparation and visualization ranging from standard 2D EM methods to high resolution 3D cryo-EM. 
 Instruments, training and assisted use are available for Brandeis faculty, staff, and lab members, as well as members of the broader scientific community, including other academic institutions and for-profit organizations."
DNA Sequencing Center,RRID:SCR_017781,Brigham Young University,Provo,UT,United States of America,DNASC.byu.edu,"Genomics,Genotyping,Long Read Sequencing,Molecular Library Services,Nucleic Acid Extraction,Real-time qPCR,RNA analysis,RNA Integrity,RNAseq,Sample Preparation,Sequencing - Capillary Sequencing,Sequencing - DNA Sequencing,Sequencing - Next Generation Sequencing (NGS)",Turn around time on the HiSeq 2500 is about 1 week. Turn around time on one of the two Sequel II runs is about 3 weeks. We are a Certified Service Provider for PacBio sequencing on the Sequel II instruments
Flow Cytometry and Sorting Facility,RRID:SCR_017886,Brown University,Providence,RI,United States of America,https://www.brown.edu/research/facilities/flow-cytometry-and-sorting/home,"Cell Sorting,Flow Cytometric Analysis","The purpose of this facility is to provide technical assistance to Brown researchers by performing flow cytometry-based analysis and sorting. The facility has a 4-laser, 19-parameter BD FACSAria III for flow and sorting applications."
LC/MS Proteomics Shared Resource Facility,RRID:SCR_017910,Brown University,Providence,RI,United States of America,https://www.brown.edu/research/facilities/proteomics/,"Mass Spectrometry,Proteomics","The LC/MS Proteomics Core Facility‘s (PCF) mission is to provide well-maintained, state-of-the-art instrumentation and fundamental proteomics expertise to the Brown University and Rhode Island scientific communities. We aim to be a focal point of intellectual activity in proteomics by enabling nationally recognized proteomics research within Rhode Island. We welcome inquiries from scientists and teachers seeking information regarding how we may assist them in furthering their research and educational goals. The facility‘s function is catalyzed by its Administrative Directors, Faculty..."
Rhode Island BioBank (RIBB),RRID:SCR_004289,Brown University,Providence,RI,United States of America,https://www.brown.edu/research/facilities/rhode-island-biobank/,BioBanking,"The Rhode Island Biobank is a state of the art cryogenic facility for human tissue and fluid samples located at Brown University in Providence, RI. It is a core facility under the management of the Division of Biology & Medicine and supports biomedical research on the Brown campus and across the affiliated hospitals of the Warren Alpert Medical School.
 
 The mission of the Rhode Island BioBank is to provide a secure, centralized biorepository and bioregistry for tissues and fluids that will be available for biomedical research by investigators at Brown University, local area hospitals and..."
Structural Biology Core Facility,RRID:SCR_017900,Brown University,Providence,RI,United States of America,https://www.brown.edu/research/facilities/structural-biology/,"Nuclear Magnetic Resonance (NMR),X-ray Diffraction and Scattering","The Structural Biology Core Facility at Brown University provides state-of-the art equipment for researchers at Brown University and the surrounding area. Our instruments can be used for structural modeling in crystals and in solution, using X-ray diffraction and scattering, as well as magnetic resonance."
The Leduc Bioimaging Facility,RRID:SCR_017861,Brown University,Providence,RI,United States of America,https://www.brown.edu/research/facilities/bioimaging/,"Confocal Microscopy,Electron Microscopy,Multiphoton Microscopy","The Leduc Bioimaging Facility, open to all investigators, provides equipment and training dedicated to high-resolution imaging in the life sciences. The facility includes a Transmission Electron Microscope, a Scanning Electron Microscope, two Fluorescence Microscopes, a Fluorescence Stereomicroscope, three Confocal Laser Scanning Microscopes, a Multiphoton Microscope, and software for image analysis. The facility also maintains equipment for sample preparation, including a critical point dryer, sputter coater, and microtomes for ultrathin sectioning."
Caltech Flow Cytometry Cell Sorting Facility,RRID:SCR_025087,California Institute of Technology,Pasadena,CA,United States,https://cellsort.caltech.edu,"Cell Sorting,Consultation,Experimental Design,Flow Cytometry,Flow Cytometry Data Analysis","Our facility offers two analyzers and three cell sorters as well as expertise in a large range of traditional (immunophenotyping) and non-traditional (small particle, geo-physical, etc) applications. 
 
 We are equipped for up to BSL-2+ cell sorting."
Caltech Water and Environment Laboratory,RRID:SCR_022714,California Institute of Technology,Pasadena,CA,United States,https://resnick.caltech.edu/research/resource-centers/water-and-environment-lab-wel,"GC,HRAM Mass Spectrometry,Inductively Coupled Plasma Mass-Spectrometry,Mass Spectrometry - Small Molecules","An open access, user operated facility providing access to chromatography and mass spectrometry techniques including GC and GC-MS, IC and IC-MS, ICP-MS, LC and LC-MS, and other environmentally relevent techniques such as isotope ratio measurements of water, TIC/TOC, and laser diffraction particle size analysis."
Advanced Light Microscopy & Spectroscopy Lab,RRID:SCR_022789,California NanoSystems Institute,Los Angeles,CA,United States,https://alms.cnsi.ucla.edu/become-a-user/,"2D Spectra Acquisition and Interpretation,3D & 4D Image Processing Stations,3D Visualization,Confocal Microscope With FCS/FLIM Capabilities ,Confocal Microscopy,Confocal/ Super Resolution Microscope,Consultation,Consultations,Data Analysis And Interpretation,Data Processing,Data Processing And Interpretation,Data Visualization,Fluorescence Lifetime,Fluorescence Microscope With Optical Sectioning Capability,Fluorescence Spectroscopy,Image Aquisition,Image Data Management,Image Processing And Analysis,Laser Capture Microdissection,Light Scattering,Light-sheet Microscopy,Live Cell Imaging,Microscopy,Molecular Imaging,Multiphoton Microscopy,Multiphoton/ Harmonic Generation Microscope,Multiplex Fluorescence,Optical Spectroscopy,Phosphor Imaging,Scanning 20X Brightfield,Scanning 20X Flourescent,Scanning 20X Fluorescent,Scanning 40X Brightfield,Scanning 40X Fluorescent,Serial Two-photon Tomography,Shared Instrumentation Oversight & Maintenance,Spectroscopy,Spinning Disk Confocal Imaging,STED Nanoscopy,Stereomicr","ALMS is a Leica Microsystems Center for Excellence and provides microscopy services, consultation, and support for the application of novel microscopic and spectroscopic methods and advanced image analysis techniques for the study of macromolecules, cellular dynamics and nano-scale characterization of bio-materials. The facility provides a collection of high-level, customized biological fluorescence microscopes and small-animal imaging devices that provide the ability to study biological processes with high spatial and temporal resolution in whole organisms and in living cells down to the..."
BioPACIFIC MIP,RRID:SCR_023540,California NanoSystems Institute,"Santa Barbara, Los Angeles",CA,United States,https://biopacificmip.org/,"3D Bioprinting,3D Printing,Assays and Measurements,Automated Liquid Handling,Cell Culture,Chemical Design And Synthesis,Cloning,Cryo-Electron Microscopy,Electron Microscopy,Flow Chemistry,Gene Expression Arrays,High-throughput Screening,HPLC,Mass Spectrometry - Proteins And Peptides,Microscopy,Modeling And Simulation,PCR Arrays,Peptide Purification And Analysis,Peptide Synthesis,Rheology,Small Angle X-rays Scattering,Transmission Electron Microscopy,X-ray Diffraction and Scattering","BioPolymers, Automated Cellular Infrastructure, Flow, and Integrated Chemistry Materials Innovation Platform (BioPACIFIC MIP) is a platform dedicated to scalable production of bio-derived building blocks and polymers from yeast, fungi, and bacteria. Automated high-throughput synthesis and characterization of bio-derived polymers aims to accelerate discovery and speed development of new high-performance materials."
Electron Imaging Center for Nanomachines,RRID:SCR_022900,California NanoSystems Institute,Los Angeles,CA,United States,https://eicn.cnsi.ucla.edu/,"Cryo-Electron Microscopy,Electron Microscopy,Microscopy,Microtomy/Electron,Scanning Electron Microscopy,Training","Seeing molecules, materials, and molecular machineries at atomic resolution and in three-dimension is critical to nanoscience. In order to facilitate this, the Electron Imaging Center for Nanomachines (EICN) was established at the California NanoSystems Institute (CNSI) through a major instrumentation grant from NIH and support from UCLA. EICN provides advanced electron imaging tools for a broad range of research, covering a scale range from tens of micrometers to angstroms, and delivering valuable structural information for cell biology, microbiology, biomolecular, molecular, and..."
MSSR- Molecular Screening Shared Resource,RRID:SCR_022956,California NanoSystems Institute,Los Angeles,CA,United States,https://mssr.cnsi.ucla.edu/,"Access To Clones,Assay Development,CRISPR,Data Analysis,Full Genome CDNA Screening,High Content Screening,High-throughput Screening,RNA analysis,ShRNA Screening (human, Per Sub-library),SiRNA Screening (human, Genome Wide),SiRNA Screening (mouse, Genome Wide),Small Molecule Compound Screening","The Molecular Screening Shared Resource (MSSR) is a core facility open to all research labs on campus as well as biotech and the pharmaceutical industry. The services provided include assay development and execution, data mining and the use of robotic high throughput screening (HTS) technology. 
 
 For small molecule drug discovery, a total of roughly 300,000 compounds in various libraries are available. We have libraries covering FDA approved drugs, kinases, natural products as well as human metabolites. Assays will be automated to enable rapid screening of 10,000+ tests per diem using..."
CU-Central Biotechnology Services,RRID:SCR_019141,Cardiff University,Cardiff,,United Kingdom,https://www.cardiff.ac.uk/central-biotechnology-services,"Assay Development,Cell Imaging,Cell Sorting,Computational - Bioinformatics,Electron Microscopy,Flow Cytometric Analysis,Gene Expression Arrays,Imaging Flow Cytometry,Microarray,Proteomics,Real-time qPCR,RNA Integrity,Sample Preparation","Central Biotechnology Services is an ISO 9001:2015 and GCLP accredited technology facility offering access to a wide range of life sciences facilities to enable research. Key areas are cell analysis and imaging, genomics and bioinformatics, proteins and diagnostics."
Tissue Engineering and Applied Materials (TEAM) Hub,RRID:SCR_022968,Carleton University,Ottawa,ON,Canada,https://teamhubottawa.com/,"3D Bioprinting,Biochemical Analysis,Bioimage Informatics,Cell Culture,Confocal Microscopy,Confocal/ Super Resolution Microscope,Consultation,Consultations,Data Analysis,Data Analysis And Interpretation,Data Processing,Data Processing And Interpretation,Data Visualization,Discovery Science,Fluorescence Microscope With Optical Sectioning Capability,Mass Spectrometry,Microscopy,Modeling And Simulation,Optical Imaging,Optical Spectroscopy,Outreach,Raman Spectroscopy,Sample Preparation,Super-resolution Microscopy,Tissue Culture,Western Blot","The TEAM Hub has four research facilities:
 1. BioImaging Research Node houses our state-of-the-art commercial and custom imaging systems. Focused on optical imaging.
 2. Tissue Engineering & Biomaterials Testing Research Node is equipped with a microfluidics 3D bioprinter and mechanical testers, which facilitate the development of artificial 3D biological tissue models and the biomechanical testing of different biomaterials and biomedical samples. 
 3. The Biochemistry and Molecular Biology Research Node houses our hypoxia chamber and systems for the characterization and quantification of..."
CMU-Pitt BRIDGE Center,RRID:SCR_023356,Carnegie Mellon University,Pittsburgh,PA,United States,https://www.bridge-center.org/,"Functional Brain Imaging,Image Data Management,Magnetic Resonance Imaging (MRI)","The CMU-Pitt Brain Imaging Data Generation & Education (BRIDGE) Center is a cutting-edge, collaborative MRI facility that is jointly operated by the University of Pittsburgh and Carnegie Mellon University. The center is purely research-dedicated neuroimaging facility, with a focus on advanced data analytics and basic science research, meaning that it is designed exclusively to support basic science research and the next generation of brain scientists."
CWRU Genomics Core,RRID:SCR_019021,Case Western Reserve University,Cleveland,OH,United States of America,http://genomics.case.edu/,"Computational - Bioinformatics,DNA Analysis,Genomics,Genotyping,Real-time qPCR,RNA analysis,RNA Integrity,Sequencing - Capillary Sequencing,Sequencing - DNA Sequencing,Sequencing - Next Generation Sequencing (NGS)","The Genomics Core hopes to provide a centralized resource working to take the difficulty out of Next Generation Sequencing projects for both novice and experienced users alike. To accomplish this we provide assistance in all facets of experimentation from design to data analysis including grant and manuscript preparations. We are a facility that offers NGS, Sanger, Informatics and Genotyping services based off of the Illumina platform."
Imaging Research Core,RRID:SCR_017917,Case Western Reserve University,Cleveland,OH,United States of America,http://case.edu/medicine/ccir/imaging-research-core/,"Body Composition,Clinical Imaging - Small Animal (X-ray, Ultrasound, microCAT, MRI),Functional Brain Imaging,Magnetic Resonance Imaging (MRI),MicroCT,Molecular Imaging,Nuclear Magnetic Resonance (NMR),Optical Imaging,Shared Instrumentation Oversight & Maintenance,Spectroscopy,Ultrasonic Imaging","The Case Center for Imaging Research (CCIR) exists to help further the study of imaging. Within the CCIR, the Imaging Research Core provides a comprehensive suite of preclinical and clinical imaging instrumentation and techniques developed in-house by our leading imaging scientists.
 
 The Core services the CWRU and University Hospitals research communities, researchers and industry partners throughout University Circle and Northeast Ohio, and across the country.
 
 The Imaging Research Core offers the expertise, infrastructure, and environment that can help turn your research into a reality."
High Throughput screening and High Content Imaging,RRID:SCR_017844,Centre for Cellular and Molecular Biology,Bangalore,,India,http://www.ccamp.res.in/HTS-HCI,"Assays and Measurements,Biochemical Analysis,Cell Culture,Cell Imaging,Cytogenetics,F.I.S.H.,Molecular Imaging","The high-throughput screening and imaging facility at the Centre for Cellular and Molecular Platform (C-CAMP) has been created to assist academic and industry in developing and performing high-throughput assays involving NCEs, siRNA, shRNA and dsRNA
 The core also houses a cutting-edge High Content image-based platform for chemical and biology research using both live and fixed cells."
CRCHUM-Rodent Metabolic Phenotyping Core,RRID:SCR_023574,Centre Hospitalier de l’Université de Montréal,Montreal,QC,Canada,https://www.chumontreal.qc.ca/en/crchum/core-facilities-and-services/phenotyping-rodents-metabolic,"Consultation,Controlled Feeding And Meal Challenges,Diet Assessment,Discovery Science,Experimental Design,Glucose Clamps,Glucose Tolerance Tests (GTT),Hyperinsulinemic Euglycemic Clamp (HIEC),Insulin Secretion (static Or Dynamic),Insulin Tolerance Tests (ITT),Islet Isolation,Metabolic Cages,Obesity Models,Phenotyping","The core facility offers a range of services unique in Canada for the study of carbohydrate and energy metabolism in rodents such as routine tolerance tests (glucose, lipids, pyruvate, insulin) and metabolic cages.
 
 The platform also has exceptional expertise in performing hyperglycemic clamps as well as Hyperinsulinemic-euglycemic clamps, which are more informative than tolerance test.
 
 Our expertise covers:
 
 research projects carried out at the cellular or tissue level and on animals,
 complete metabolic phenotyping of genetically modified rodents,
 evaluation of the effect of..."
CHUSJ - PIM Platform d'imagerie microscopique,RRID:SCR_019032,Centre Hospitalier Universitaire Sainte-Justine,Montréal,QC,Canada,https://research.chusj.org/en/Services/Plateformes/Plateforme-d-imagerie-microscopique,"3D & 4D Image Processing Stations,3D Visualization,Cell Imaging,Confocal Microscopy,Confocal/ Super Resolution Microscope,Consultation,Deconvolution,Fluorescence Lifetime Imaging,Fluorescence Microscope With Optical Sectioning Capability,Forster Resonance Energy Transfer (FRET),Image Processing And Analysis,Laser Capture Microdissection,Live Cell Imaging,Microscopy,Multiphoton Microscopy,Optical Imaging,Photomanipulation,Spinning Disk Confocal Imaging,STED Nanoscopy,Stereomicroscopy,Super-resolution Microscopy,TIRF Microscopy,Training,Whole Slide Imaging","Platform of high-end user-operated light microscopy equipment including a broad range of wide-field and confocal modalities, super-resolution, multi-photon excitation, light-sheet, fluorescence lifetime, and live imaging. Facility staff ensures personalized consultations, training, support, and follow-up for optimal imaging results."
"Viničná Microscopy Core Facility, Faculty of Science",RRID:SCR_026602,Charles University,Prague,,Czechia,https://web.natur.cuni.cz/sekce-bi/VMCF/,"3D Printing,Bioimage Informatics,Brightfield Microscopy,Confocal Microscope With FCS/FLIM Capabilities ,Confocal Microscopy,Consultation For Pre-experiment Methods, Post-processing Orientation, And/or Special Staining,Electron Microscopy,Experimental Design,Flow Cytometry,Image Processing And Analysis,Lightsheet,Super-resolution Microscopy","Welcome to the Open Access Microscopy Core Facility, where cutting-edge imaging technology is made available to researchers in various disciplines. Our state-of-the-art facility is equipped with a range of advanced microscopes, from traditional light microscopes to cutting-edge super-resolution and live cell imaging systems. Our mission is to provide researchers with the tools and expertise they need to make breakthrough discoveries without the limitations imposed by traditional, expensive core facilities. With open access to the latest equipment and a team of highly trained imaging..."
CHOP Gastrointestinal Epithelium Modeling (GEM) Core,RRID:SCR_026402,Children's Hospital of Philadelphia,Philadelphia,PA,United States,https://www.chop.edu/centers-programs/gastrointestinal-epithelium-modeling-gem-program,"3D Human Organoid Training (hands-on),Cryovial Of A Previously Generated Enteroid/colonoid Line,Cryovial Of A Previously Generated Esophageal Organoid Line","The Gastrointestinal Epithelium Modeling (GEM) Core is a component of the GEM Program - a collaborative research effort focused on accelerating discovery and innovation using patient tissue-derived organoids. GEM Core staff generate and maintain a living biobank of tissue-derived organoids with matched original tissue and blood specimens and provide access to specialized training, protocols, and reagents."
Animal Behavior Core,RRID:SCR_022621,Cincinnati Children's Hospital Medical Center,Cincinnati,OH,United States,https://www.cincinnatichildrens.org/research/cores/animal,"Acoustic Angiography,Cincinnati Water Maze,Computational - Biostatistics,Conditioned Freezing,Elevated Zero-maze,Experimental Design,Home-cage Activity,Morris Water Maze,Open Field Activity",The Animal Behavior Core (ABC) offers behavioral phenotyping of rodent models as well as characterizing the nervous system function in mouse and rat models through behavioral assays.
Henry N. Tisdale Molecular Science Research Center,RRID:SCR_018836,Claflin University,Orangeburg,SC,United States of America,http://www.claflin.edu/academics-research/schools-departments/school-of-natural-sciences-and-mathematics/facilities,"2D Spectra Acquisition and Interpretation,2D-PAGE,Amino Acid Analysis,Biochemical Analysis,Cell Culture,Circular Dichroism (CD),FT-IR,GC-MS,Gel Chromatography,Genomics,Genotyping,HPLC,LC-MS,Mass Spectrometry,Metabolomics,Nuclear Magnetic Resonance (NMR),Outreach,Protein Extraction/Purification,Proteomics,Real-time qPCR,SDS-PAGE,Sequencing - DNA Sequencing,Sequencing - Protein Sequencing,Single Crystal X-ray Pattern Analysis,Western Blot,X-Ray Crystallography,X-ray Diffraction and Scattering","The core facility is equipped with instrumentation to support proteomic and metabolomic research, as well as equipment for materials characterization. Key instruments include a Bruker 700MHz NMR, two Bruker XRDs (Powder and Crystal), and a Bruker Micro ToF mass spectrometer."
Clemson Light Imaging Facility,RRID:SCR_020973,Clemson University,Clemson,SC,United States of America,https://www.clemson.edu/centers-institutes/light-imaging/,"Cell Imaging,Cell Sorting,Confocal Microscopy,Image Processing And Analysis,Immunoassay,Laser Capture Microdissection,Live Cell Imaging,Microscopy,Outreach,Prepared Slides,Sample Preparation,Super-resolution Microscopy,Whole Slide Imaging","We are a core light microscopy facility located on the main campus of Clemson University. We offer access to multiple Leica Microsystems instruments, including a SP8X LIGHTNING confocal with STED, a SPE confocal, a DMi8 widefield/TIRF/GSD system, a THUNDER model organism imager, a LMD6500, a M125 stereoscope, and a DM750P polarized light microscope. We also house an Olympus LEXT OLS4100 optical profiler, a GE InCell 2500HS high content screener, and a Biorad S3e cell sorter. Our professional imaging scientists offer assistance with equipment selection, image analysis, and sample..."
FRIC Flow Cytometry Core,RRID:SCR_021844,Cleveland Clinic Florida,Port Saint Lucie,FL,United States of America,https://www.lerner.ccf.org/fric/cores/flow-cytometry/,"10x Genomics,Cell Sorting,CITE-seq,Cloning,Experimental Design,FACS Cell Sorting,Flow Cytometric Analysis,Flow Cytometry Data Analysis,High Dimensional Flow Cytometry Analysis,Multi-color Flow Cytometry,Phenotyping,Real-time qPCR,RNA Flow Cytometry,Spectral Flow Cytometry,Staining","The Flow Cytometry Core of the Florida Research and Innovation Center at Cleveland Clinic Florida offers cell sorting and high-dimensional flow cytometric analysis as well as training, consultation and single cell partitioning for scRNA seq (10x)."
JMH-Imaging Core,RRID:SCR_021852,Cleveland Clinic Lerner College of Medicine,Port St. Lucie,FL,United States of America,https://www.lerner.ccf.org/florida/cores/imaging/,"3D & 4D Image Processing Stations,3D Visualization,Analysis Workstations,Confocal/ Super Resolution Microscope,Consultation,Consultations,Data Visualization,Fluorescence Lifetime,Fluorescence Microscope With Optical Sectioning Capability,High-throughput Screening,Image Aquisition,Image Data Management,Image Processing And Analysis,Plate Reader,Sample Preparation,Staining,Tissue Culture,Whole Slide Imaging,Widefield Microscopy","The Imaging Core at CCF FRIC provides access to advanced imaging technologies, including:
 
 Wide-field and confocal fluorescent microscopes
 FLIM capability
 Live-cell imaging microscopes
 Pre-clinical imaging microscopes
 BSL-3 imaging platforms for pre-clinical and basic research microscopy projects
  
 
 The core also offers support for researchers and their projects beyond hardware. Our expert staff can provide consultation on experimental design and optimization, post-acquisition image processing, and support for analysis, visualization, and interpretation of data. The analysis..."
CSHL - Flow Cytometry Shared Resource,RRID:SCR_022164,Cold Spring Harbor Laboratory,Cold Spring Harbor,NY,United States,https://www.cshl.edu/research/cancer/flow-cytometry/,"Cell Sorting,Consultation,Data Analysis,Flow Cytometry Data Analysis,Multi-color Flow Cytometry,Protocol Development,Shared Instrumentation Oversight & Maintenance,Training","Flow Cytometry is an essential tool that is widely used in cancer research. The Flow Cytometry Shared Resource provides equipment, training, and operating assistance for cell sorting and analysis. Facility staff oversees equipment maintenance, trains new users, and assists with assay development and operation of equipment. Outside users are welcome to contact the facility manager for appointments, rates, or more information about services."
Analytical Resources Core,RRID:SCR_021758,Colorado State University,Fort Collins,CO,United States of America,https://www.research.colostate.edu/arc/,"Analysis Workstations,Assays and Measurements,Computational - Bioinformatics,Customized Protocols,Differential Scanning Calorimetry,Electron Microscopy,Fluorescence Lifetime,FT-IR,HPLC,Inductively Coupled Plasma Mass-Spectrometry,Light Scattering,Mass Spectrometry,Metabolomics,Metabolomics Platform,Multiphoton Microscopy,Nuclear Magnetic Resonance (NMR),Optical Spectroscopy,Proteomics,Scanning Electron Microscopy,Shared Instrumentation Oversight & Maintenance,Single Crystal X-ray Pattern Analysis,Small Molecule Compound Screening,Spectroscopy,Structure Determination,Thermal Analysis,Transmission Electron Microscopy,X-Ray Crystallography,X-ray Diffraction and Scattering,Zeta Potential","The Analytical Resources Core (ARC) is an Institutional Core in the Office of the Vice President for Research (OVPR) at CSU. It is comprised of three centers: Materials and Molecular Analysis, Imaging and Surface Science, and Bioanalysis and Omics. The mission of the ARC is to provide instrument capabilities and expertise that exceeds the normal resources on individual research programs, and to make those technologies available as a shared resource. We strive to provide an environment that is rich in expertise and educational resources and to foster collaboration across the CSU community..."
Comparative Proteomics Center,RRID:SCR_017747,Columbia University,New York,NY,United States of America,http://www.columbia.edu/cu/biology/resources/proteomics/,"2D Spectra Acquisition and Interpretation,2D-PAGE,Mass Spectrometry,Proteomics","The focus of the Comparative Proteomics Center is the identification of proteins with differential occurrence in cells, tissues or in affinity purifications. We use two complementary techniques to compare different proteomes. The first is label-free shotgun protein profiling. Another technique called difference gel electrophoresis (DIGE)is also used. We are always interested in doing collaborative projects with research groups at other institutions. Please do not hesitate to contact us."
BRC Bioinformatics Facility,RRID:SCR_021757,Cornell University,Ithaca,NY,United States of America,http://www.brc.cornell.edu,"Bioimage Informatics,Computational - Bioinformatics,Computational - Biostatistics,Computational - High Performance Computing,Consultations,Data Analysis,Data Processing And Interpretation,High Performance Computing",The BRC Bioinformatics Facility provides access to a high performance computing environment (BioHPC) which includes both hosted hardware and shared machines. The facility also provides consulting and collaborations for Bioinformatics analysis and workflows.
BRC Biomolecular Analysis Facility,RRID:SCR_023117,Cornell University,Ithaca,NY,United States,https://www.brc.cornell.edu/,"Antibody Characterization,Assays and Measurements,Biochemical Analysis,Biolayer Interferometry (BLI),Differential Scanning Fluorimetry (DSF),Fluorescence Spectroscopy,Immunoassay,Plate Reader",The Biomolecular Interactions and Properties Facility is intended to provide investigators with access to advanced tools for measuring biomolecular interactions and properties through a variety of techniques from high throughput screening via automation to single reaction cuvette-based methods. The facility complements technologies and techniques available through our Imaging facility and Proteomics and Metabolomics facility.
BRC Epigenomics Facility,RRID:SCR_021287,Cornell University,Ithaca,NY,United States of America,https://www.brc.cornell.edu/,"Assay Development,Assays and Measurements,Automated Immunoassay Platforms,Biochemical Analysis,Computational - Bioinformatics,Computational - High Performance Computing,Consultations,Data Analysis,Data Processing And Interpretation,Genomics,Immunoassay,Sample Preparation,Sequencing - DNA Sequencing,Sequencing - Next Generation Sequencing (NGS),Tissue Extraction","Cornell Biotechnology Resource Center’s Epigenomics Core Facility (EGC) provides a high-throughput end-to-end service that maps protein-DNA interactions genome-wide, tracks experimental metadata, and implements quality-controlled data processing and research-based analysis pipelines. We provide epigenomic and bioinformatic research resources and services that include sample preparation services and data generation. Our open-source platforms enable and reinforce FAIR data practices. The EGC currently provides support for ChIP-exo, ChIP-seq, ATAC-seq, as well as customized experiments and..."
BRC Flow Cytometry Facility,RRID:SCR_021740,Cornell University,Ithaca,NY,United States of America,https://www.brc.cornell.edu,"Cell Culture,Cell Sorting,FACS Cell Sorting,Flow Cytometric Analysis,Flow Cytometry Data Analysis,Imaging Flow Cytometry,Multi-color Flow Cytometry,Spectral Flow Cytometry","The BRC Flow Cytometry Facility provides training, consulting, assisted-use and independent access for a wide variety of cell sorting and analysis."
BRC Genomics Facility,RRID:SCR_021727,Cornell University,Ithaca,NY,United States of America,http://www.brc.cornell.edu,"Data Analysis,DNA Analysis,Droplet Digital PCR,Genomics,Genotyping,Microbiome,Nucleic Acid Extraction,Real-time qPCR,RNA analysis,RNAseq,Sequencing - Capillary Sequencing,Sequencing - DNA Sequencing,Sequencing - Next Generation Sequencing (NGS)","Full Service DNA Sequencing and Genotyping facility. Offering Sanger,Fragment Analysis, Illumina, RT and Digital PCR, Single Cell, large projects, sample/library prep and QC."
BRC Genomics Innovation Hub,RRID:SCR_022547,Cornell University,Ithaca,NY,United States,https://www.brc.cornell.edu/,"Assay Development,ATAC,ATAC-Seq,ChIP-Seq,CITE-seq,Consultation,Consultations,Digital PCR,DNA Analysis,DNA Isolation,Droplet Digital PCR,Genome/Transcriptome Assembly And Annotation,Genomics,Genotyping,Molecular Library Services,PCR Arrays,Plate Reader,Real-time qPCR,RNA analysis,RNA Integrity,RNA Isolation,RNAseq,Sequencing - DNA Sequencing,Sequencing - Next Generation Sequencing (NGS),Single-Cell Analysis,Single-cell Sequencing,Spatial Transcriptomics","The Genomics Innovation Hub is a unique resource that complements the services provided by the BRC Genomics Facility.
 
 Working on a collaborative model (as opposed to fee-for-service), the protocol and method development by early adopters pave the way for larger-scale production services."
BRC Imaging Facility,RRID:SCR_021741,Cornell University,Ithaca,NY,United States of America,http://www.brc.cornell.edu,"Cell Imaging,Clinical Imaging - Small Animal (X-ray, Ultrasound, microCAT, MRI),Confocal Microscopy,Flow Cytometric Analysis,Fluorescence Lifetime,Fluorescence Microscope With Optical Sectioning Capability,Fluorescence Spectroscopy,Laser Capture Microdissection,Light-sheet Microscopy,Microscopy,Molecular Imaging,Multiphoton Microscopy,Optical Imaging,Optical Spectroscopy,Spatial Transcriptomics,TIRF Microscopy,Ultrasonic Imaging,Vizgen MERSCOPE,Whole Plant Imaging,Whole Slide Imaging","Facility provides instrumentation and training in the following areas:
 High resolution X-ray CT
 Small animal X-ray CT
 Confocal microscopy
 Multiphoton microscopy
 Super resolution microscopy
 Laser capture microdissection
 Light microscopy
 Spectrofluorometry
 Bioluminescence imaging
 High resolution ultrasound imaging
 Image visualization and analysis"
BRC Proteomics and Metabolomics Facility,RRID:SCR_021743,Cornell University,Ithaca,NY,United States of America,https://www.brc.cornell.edu,"2D Spectra Acquisition and Interpretation,2D-PAGE,GC,HPLC,Mass Spectrometry,Metabolomics,Metabolomics Platform,Plate Reader,Proteomics,Untargeted Mass Spectrometry",The BRC Proteomics and Metabolomics Facility provides a diverse range of Mass Spectrometry-based proteomics and metabolomics services.
BRC Transcriptional Regulation and Expression Facility,RRID:SCR_022532,Cornell University,Ithaca,NY,United States,https://www.brc.cornell.edu/,"ATAC-Seq,End-to-end Service,Genomics,RNA analysis,RNA Isolation,RNAseq,Sequencing - Next Generation Sequencing (NGS)","The Transcriptional Regulation & Expression Facility offers end-to-end genomics profiling services including RNAseq, small RNA sequencing, and ATACseq."
CU-Auditory & Vestibular Technologies (AVT) Core Facility,RRID:SCR_023866,Creighton University,Omaha,NE,United States,https://www.creighton.edu/medicine/departments/biomedical-sciences/translational-hearing-center/cobre-translational-hearing-center/technology,"Analysis Workstations,Auditory & Vestibular Testing,Confocal Microscopy,Confocal/ Super Resolution Microscope,Consultation,Data Analysis And Interpretation,Data Processing And Interpretation,Differential Interference Contrast Microscopy,Experimental Design,Image Aquisition,Image Processing And Analysis,Laser Capture Microdissection,Live Cell Imaging,Mass Spectrometry,Mass Spectrometry - Proteins And Peptides,Microscopy,Real-time QPCR,Training,Zebrafish Behavioral Studies","The Auditory & Vestibular Technology (AVT) Core was established to provide infrastructure to support Research Project Leaders and principle investigators associated with the Dr. Richard J. Bellucci Translational Hearing Center to conduct auditory and vestibular research across the full range of experimental model systems, from single molecule analysis to whole organism models. We also offer access to our services and instruments to outside users."
CU-Integrated Biomedical Imaging Facility,RRID:SCR_023806,Creighton University,Omaha,NE,United States,https://my.creighton.edu/researchservices/corefacilities/ibif/,"Analysis Workstations,Brightfield Microscopy,Confocal Microscopy,Confocal/ Super Resolution Microscope,Consultation,Data Analysis And Interpretation,Data Processing And Interpretation,Differential Interference Contrast Microscopy,Experimental Design,Fluorescence Lifetime,Forster Resonance Energy Transfer (FRET),Image Aquisition,Image Processing And Analysis,Live Cell Imaging,Microscopy,Multiphoton Microscopy,Phase Contrast Microscopy,Super-resolution Microscopy,TIRF Microscopy,Training,Widefield Microscopy","We provide instruments for performing widefield light microscopy, multiphoton microscopy, and confocal microscopy. We also offer software for analyzing imaging data."
Innovative Genomics and Bioinformatics Core,RRID:SCR_024816,Creighton University,Omaha,NE,United States,https://my.creighton.edu/researchservices/corefacilities/innovativegenomicsbioinformaticscore/,"10x Genomics,ATAC-Seq,Computational - Bioinformatics,Computational - Biostatistics,Computational - High Performance Computing,Consultations,Copy Number Variation (CNV),Data Analysis,Data Analysis And Interpretation,Data Processing,Data Processing And Interpretation,Data Visualization,DNA Analysis,Genome/Transcriptome Assembly And Annotation,Genomics,Nanopore Sequencing,RNA analysis,RNAseq,Sequencing - DNA Sequencing,Sequencing - Next Generation Sequencing (NGS),Single-Cell Analysis,Single-cell Sequencing,Whole Exome Sequencing,Whole Genome Sequencing","We provide services for genomics research that range from sequencing to data analysis. Instruments available through our facility include an Illumina NextSeq 2000, 10x Genomics Chromium iX Controller, Agilent TapeStation 4200, and Qubit Flex Fluorometer."
CUNY Advanced Science Research Center-Epigenetics Core,RRID:SCR_021914,CUNY Advanced Science Research Center,New York,NY,United States of America,https://asrc.gc.cuny.edu/neuroscience/facilities/epigenetics-core-facility/,"10x Genomics,Cell Sorting,DNA Isolation,FACS Cell Sorting,In Situ Hybridization,Multi-color Flow Cytometry,Real-time qPCR,RNA Isolation,RNAseq,Sequencing - Next Generation Sequencing (NGS),Single-cell Sequencing","The Epigenetics Core Facility at the Advanced Science Research Center of City University of New York provides a variety of research resources and services that include: nucleic acid extraction and fragmentation, quantitative gene expression analysis, targeted DNA methylation analysis in specific genomic loci of interest, next generation sequencing (RNA-seq and ChIP-seq), and single cell genomics. The facility also houses an advanced cell sorter with biosafety protection for flow cytometry service. In addition, the facility provides services for RNAScope to allow for in situ hybridization..."
DartMouse,RRID:SCR_017756,Dartmouth Cancer Center,Lebanon,NH,United States of America,www.dartmouse.org,"DNA Analysis,Genotyping,Microarray,Nucleic Acid Extraction","DartMouseâ„¢ is a not-for-profit core facility funded by the NIH. The mission of DartMouse is to facilitate the development of congenic mice in support of pre-clinical projects across the U.S. Use of DartMouse allows the generation of congenic mice in 5 generations (~1.5 year), vs. 10 generations (~3 years) required by conventional back-crossing. Investigators fill out our accession form and supply mouse tail clippings - from these DartMouse isolates genomic DNA and performs and analyzes complete genome-wide scans. We return data in graphical and spreadsheet formats, and make specific..."
DCC - Microscopy Shared Resource,RRID:SCR_023478,Dartmouth Cancer Center,Lebanon,NH,United States,https://cancer.dartmouth.edu/scientists-researchers/microscopy-resource,"Cell Imaging,Confocal Microscopy,Confocal/ Super Resolution Microscope,Fluorescence Microscope With Optical Sectioning Capability,Image Aquisition,Live Cell Imaging,Microscopy,Multiplex Fluorescence,Optical Imaging,Photolithography,Whole Slide Imaging,Widefield Microscopy","Light microscopy imaging facility within the Dartmouth Cancer Center. Services offered: confocal microscopy with Airyscan, multispectral imaging slide scanner, high thoughput brightfield and multichannel fluorescence microscopy of live cells, multichannel TIRF microscopy, photopatterning and microfabrication."
Dartmouth Electron Microscope Facility,RRID:SCR_017754,Dartmouth College,Hanover,NH,United States of America,http://www.dartmouth.edu/~emlab/,"Cryo-Electron Microscopy,Electron Microscopy,Microscopy,Outreach,Spectroscopy","Dartmouth Electron Microscope Facility facility provides access to scanning (conventional and FEG, ESEM, cryo and EDS, EBSD and direct-write E-beam lithography) and transmission (conventional and FEG and EDS) electron microscopes, scanned probe microscope (AFM), Raman confocal light microscope.
 Outside users are welcome."
Trace Element Analysis Laboratory,RRID:SCR_009777,Dartmouth College,Hanover,NH,United States of America,http://www.dartmouth.edu/~toxmetal/resources/cores/analysis/index.html,"Mass Spectrometry,Spectroscopy",Analysis of elemental composition of biological tissues and fluids by Inductively Coupled Plasma Mass spectrometry. Analysis of Arsenic species in urine and blood by chromatography-ICP-MS. Laser ablation analysis of tissue sections for imaging of elemental distributions.
Advanced Bioimaging Laboratory,RRID:SCR_018951,Donald Danforth Plant Science Center,Saint Louis,MO,United States of America,https://www.danforthcenter.org/our-work/core-facilities/advanced-bioimaging-laboratory/,"Confocal Microscopy,Immuno Electron Microscopy,Optical Imaging",Test
DDPSC Bioanalytical Chemistry Facility,RRID:SCR_001047,Donald Danforth Plant Science Center,St. Louis,MO,United States of America,www.danforthcenter.org/BCF,"Amino Acid Analysis,Assay Development,Data Analysis,Elemental Profiling (ionomics),GC,HPLC,HRAM Mass Spectrometry,Mass Spectrometry,Metabolomics,Metabolomics Platform,Phosphoproteomics,Phytohormone Analysis,Protein Extraction/Purification,Proteomics,Sample Preparation,Sequencing - Protein Sequencing,Shared Instrumentation Oversight & Maintenance,Untargeted Mass Spectrometry","The Danforth Center‘s Bioanalytical Chemistry Facility develops new tools and provides high quality sample analysis in proteomics, metabolomics, and ionomics (elemental profiling) using mass spectrometry and related analytical techniques.
 
 For info on capabilities and instrumentation - please visit:
 www.danforthcenter.org/BCF"
DDPSC Phenotyping Core Facility,RRID:SCR_019049,Donald Danforth Plant Science Center,St. Louis,MO,United States of America,https://www.danforthcenter.org/our-work/core-facilities/phenotyping/,"High-throughput Screening,Image Aquisition,Image Data Management,Image Processing And Analysis,Outreach,Phenotyping,Whole Plant Imaging","The DDPSC Phenotyping Core Facility provides equipment and services for high-throughput plant phenotyping. This includes both imaging and gravimetric platforms for analyzing plant genetics and environmental responses. 
 
 The Scanalyzer 3D platform consists of multiple digital imaging chambers connected to a controlled environment Conviron growth house by a conveyor belt system, resulting in a continuous imaging loop. As an automated, high-throughput platform, it enables our scientists to repeatedly image more than 1,000 plants at multiple points throughout time.
 
 RGB imaging allows..."
DDPSC Plant Growth Facility,RRID:SCR_024902,Donald Danforth Plant Science Center,St. Louis,MO,United States,https://www.danforthcenter.org/our-work/core-facilities/plant-growth/,"Consultation,Containment,Crossing,Plant Growth,Project Management,Protocol Development,Seed Processing,Seed Storage,Training,Transgenics","The Integrated Plant Growth Facility (PGF) is a state-of-the-art research crop cultivation facility, offering scientists a variety of advanced plant growth spaces and expert horticultural services. The PGF spans a total of 94,401 square feet. This includes a 80,805 sq.ft Greenhouse Complex as well as 13,596 sq.ft of Growth Chamber facility and Headhouse space. The PGF has 50 individual greenhouse compartments and 100 growth chambers and growth rooms.
  
  The PGF’s research-grade greenhouses are designed for cultivation and containment of research crops, including regulated and protected..."
Plant Tissue Culture and Transformation,RRID:SCR_017783,Donald Danforth Plant Science Center,St. Louis,MO,United States of America,https://www.danforthcenter.org/scientists-research/core-technologies/tissue-culture-transformation,"Cell Culture,Outreach,Tissue Culture,Transgenics","The Plant Tissue Culture and Transformation Facility operates both as a full service facility delivering transgenics and cell cultures to researchers and a self service facility providing high quality space for researchers to use for their own specific project needs. The facility currently consists of a 880 sq. ft. single large lab along with a 225 sq ft annex for transformation and tissue culture work, over 880 sq.ft of culture growth space, and a dedicated media kitchen for media preparation."
Cell Imaging Center,RRID:SCR_022689,Drexel University,Philadelphia,PA,United States,https://drexel.edu/core-facilities/facilities/cell-imaging/,"Cell Imaging,Confocal Microscopy,Consultation,Data Processing,Data Visualization,Fluorescence Microscope With Optical Sectioning Capability,Image Aquisition,Image Processing And Analysis,Live Cell Imaging,Microscopy,Multiphoton Microscopy,Optical Imaging,Spinning Disk Confocal Imaging,Super-resolution Microscopy,TIRF Microscopy,Widefield Microscopy","The Cell Imaging Center (CIC) is a multi-user facility housed in purpose-built imaging suites in the Papadakis Integrated Sciences Building (PISB) and in the Bossone Research Center. The CIC serves the light microscopy needs of Drexel researchers from a variety of academic colleges and departments including the College of Arts and Sciences, the College of Engineering, the School of Biomedical Engineering, and the College of Medicine. The CIC also supports the teaching missions of Biology and Biomedical Engineering curricula and provides service to users from local biotech companies.
 
..."
Materials Characterization Core,RRID:SCR_022684,Drexel University,Philadelphia,PA,United States,https://drexel.edu/core-facilities/facilities/material-characterization/,"Consultation,Crystal Imaging,Data Analysis,Data Analysis And Interpretation,Data Processing,Data Processing And Interpretation,Data Visualization,Electron Microscopy,Focused Ion Beam (FIB),Image Processing And Analysis,MicroCT,Microscopy,Scanning Electron Microscopy,Shared Instrumentation Oversight & Maintenance,Spectroscopy,Training,Transmission Electron Microscopy,X-ray Diffraction and Scattering","The Materials Characterization Core (MCC) at Drexel University is a multi-user facility that provides technical expertise and instrumentation for research in variety of areas including nanoscience and engineering, polymer research, biomedical engineering, and chemistry and physics of solid materials. The MCC occupies a 3,500 square foot laboratory in the Bossone Research Enterprise Building on Drexel's main campus that houses several electron microscopes, X-ray diffractometers, an X-ray photoelectron spectrometer and a suite of sample preparation tools. The instruments are supported by..."
University Research Computing Facility,RRID:SCR_023420,Drexel University,Philadelphia,PA,United States,https://drexel.edu/core-facilities/facilities/research-computing/,High Performance Computing,"The University Research Computing Facility (URCF), established in 2013, provides high-performance scientific computing and secure storage of protected health information to both the Drexel community and other universities in the Philadelphia area. The URCF’s 1,600 square-foot data center houses the Picotte cluster, which consists of Standard CPU Nodes, Large Memory Nodes, GPU Nodes and secure scratch and persistent storage."
Duke University Shared Materials Instrumentation Facility (SMIF),RRID:SCR_027480,Duke University,Durham,,,https://smif.pratt.duke.edu/,"Atomic Force Spectroscopy,Atomic Layer Deposition,Confocal Microscopy,Cryo-Electron Microscopy,Cryo-Ultra Microtomy,Differential Scanning Calorimetry,Dynamic Light Scattering,Dynamic Mechanical Analysis,EDS - Energy Dispersive X-ray Spectrometry,Electron Beam Lithography,Electron Microscopy,Ellipsometry,Focused Ion Beam (FIB),FT-IR,Isotope Ratio Mass Spectrometry,Low Pressure Chemical Deposition,Microarray Printing,MicroCT,Microtomy/Electron,Multiple Collector Inductively Coupled Plasma Mass Spectrometry ,Photolithography,Raman Spectroscopy,Rheology,Scanning Electron Microscopy,Small Angle X-rays Scattering,Sputter Coating,Surface Plasmon Resonance (SPR),Thin Film Deposition,Transmission Electron Microscopy,UV-Vis Spectroscopy,X-ray Diffraction And Scattering,X-ray Spectrometry","Duke University's Shared Materials Instrumentation Facility (SMIF) is the Pratt School of Engineering’s core facility that enables materials, devices, and integrated systems research at Duke University in a variety of fields that include nanotechnology, biomaterials and biomedical engineering, information sciences, optoelectronics, sensor technology, and renewable energy. SMIF is housed in the Fitzpatrick Center for Interdisciplinary Engineering, Medicine and Applied Sciences (FCIEMAS). The facility consists of 7,000 square feet of clean room fabrication space, and nearly 3,000 square feet..."
Molecular Genomics Core,RRID:SCR_017860,Duke University,Durham,NC,United States of America,https://dmpi.duke.edu/cores/molecular-genomics-core-mgc,"10x Genomics,Automated Immunoassay Platforms,Computational - Bioinformatics,Data Analysis,Genomics,Proteomics,Real-time qPCR,RNA analysis,RNA Integrity,RNA Isolation,Single-Cell Analysis,Single-cell Sequencing,Spatial Transcriptomics","The MGC staff offer decades of experience with genomic study design and technology. We specialize in working closely with our researchers, customizing experiments to meet their needs, and we are dedicated to optimizing experimental conditions to produce the highest quality data.
 
 Our services include the following: 10x Genomics single-cell gene expression, immune profiling, and ATACseq, 10x Genomics Visium spatial transcriptomics, 10x Genomics Xenium in situ sequencing, and Quanterix HD-X Simoa® bead-based immunoassays."
ETSU-Molecular Biology Core Facility,RRID:SCR_021106,East Tennessee State University,Johnson City,TN,United States of America,https://www.etsu.edu/com/mbcf/,"Analysis Workstations,Assay Development,Assays and Measurements,Automated Liquid Handling,CDNA Synthesis,Cloning,Computational - Biostatistics,Data Analysis,DNA Analysis,DNA Isolation,ELISA,Gel Chromatography,Gene Expression Arrays,Genomics,Genotyping,Long Read Sequencing,Luminex Services,Magnetic Resonance Imaging (MRI),Nucleic Acid Extraction,PCR Arrays,Plate Reader,Real-time qPCR,RNA analysis,RNA Integrity,RNA Isolation,Sequencing - Capillary Sequencing,Sequencing - DNA Sequencing,TaqMan Arrays,Western Blot","The Molecular Biology Core Facility at the Quillen College of Medicine of East Tennessee State University offers Genomics, Transcriptomics and Proteomics Services to researchers."
Emory + Pediatric/Winship Flow Cytometry Core,RRID:SCR_022324,Emory University,Atlanta,GA,United States,https://www.pedsresearch.org/research/cores/flow-cytometry-core/overview/,"Cell Sorting,FACS Cell Sorting,Flow Cytometric Analysis,High Dimensional Flow Cytometry Analysis,Imaging Flow Cytometry,Spectral Flow Cytometry",The Pediatric/Winship Flow Cytometry Core provides cytometry services for the analysis and sorting of cells as well as expert consultation for experimental design and planning. The Flow Cytometry Core offers access to several analytical flow cytometers as well as high-speed cell sorting. Training and technical expertise is available to enable our users to improve the quality and scope of their research.
Emory Integrated Computational Core (EICC),RRID:SCR_023525,Emory University,Atlanta,GA,USA,https://www.cores.emory.edu/eicc/index.html,"Computational - Bioinformatics,Genomics","The Emory Integrated Computational Core (EICC), one of the Emory Integrated Core Facilities (EICF), is supported by the Emory University School of Medicine and the Georgia Clinical & Translational Science Alliance. Our mission is to provide cutting-edge computational support to Emory investigators with large ""Omics"" datasets."
Emory Pediatric Animal Physiology Core,RRID:SCR_025835,Emory University,Atlanta,GA,United States,https://www.pedsresearch.org/research/cores/animal-physiology-core/overview/,"3D & 4D Image Processing Stations,3D Visualization,Analysis Workstations,Animal Husbandry,Animal Training ,Assisted Reproductive Technologies (Rodent IVF, ICSI),Bariatric Surgery (mouse),Blood Cell Count,Clinical Assessment (Hematology, Clinical Chemistries, Etc.),Clinical Imaging - Small Animal (X-ray, Ultrasound, microCAT, MRI),Colony Management,Consultation,Data Analysis,Diet And Physical Activity Interventions ,Doppler Imaging,Experimental Design,Image Aquisition,In-vivo Imaging,Indirect Calorimetry (mouse),Islet Transplantation (mouse),Lab Animal Care,Metabolic Cages,Necropsy,Protocol Development,Rodent Study ,Rodent Surgery,Rodent Technical Procedures,Stereomicroscopy,Stereotaxic Injection,Surgical Services,Veterinary Services,Xenograft / Xenotransplantation","The Emory Pediatric Animal Physiology Core (AP Core) is a centralized resource specializing in survival surgery, technical procedures, and ultrasound imaging for rats and mice and assistance for surgical procedures in other species. Also available for CBC hematology is a Sysmex XN-1000V veterinary blood analyzer."
Emory Pediatric Biostatistics Core,RRID:SCR_025834,Emory University,Atlanta,GA,,https://www.pedsresearch.org/research/cores/biostatistics-core/overview/,"Clinical Research,Clinical Trial Support,Computational - Biostatistics,Consultation,Consultations,Data Analysis,Data Analysis And Interpretation,Data Processing,Data Processing And Interpretation,Data Visualization,Experimental Design,Imputation,Outreach,Pathway Interpretation,Patients Database,Phenotyping,Power Analysis,Prepared Slides,Protocol Development,Protocol Development/Clinical Trial Coordination,R Shiny App Development,Training","The Pediatric Biostatistics Core was established in 2009 with a mission to support pediatric researchers at Emory University and Children's Healthcare of Atlanta, as well as child health researchers at several other Atlanta area institutions including Georgia Institute of Technology and Morehouse School of Medicine. The high-rigor statistical expertise provided by the core bolsters the quality of pediatric research to promote impactful and reproducible research findings across all child health disciplines. The Core provides in-house assistance and collaboration in study design, grant..."
Emory Pediatric Metabolomics and Biomarkers Core,RRID:SCR_025574,Emory University,Atlanta,GA,United States,https://www.pedsresearch.org/research/cores/biomarkers-core,"ELISA,GC-MS,HPLC,HPLC-UV,LC-MS,Mass Spectrometry,Metabolomics,Quantitative Targeted Analysis For Selected Metabolites,Stable Isotope Tracing,Targeted Small Molecule Quantitation (MRM)","The Pediatric Metabolomics and Biomarkers Core provides innovative approaches to accomplish unbiased, highly sensitive, and biologically meaningful evaluation of metabolites and metabolic pathways in a wide range of sample types. Techniques offered include high-resolution and polytargeted metabolomics, isotope tracing and fluxomics, fully quantitative targeted analysis, and metabolomic imaging. Unique to Emory's facilities, the core supports hypothesis-driven research to investigate specific biomarkers of interest and corresponding metabolomic pathways, thus supporting research in disease..."
ENPRC Genomics Core,RRID:SCR_026418,Emory University,Atlanta,GA,United States,https://enprc.emory.edu/nhp_genomics_core/index.html,"10x Genomics,10X Genomics Single Cell,10x Genomics Visium,ATAC-Seq,Bioinformatics Analysis,Consultation,Illumina MiSeq Sequencing,Illumina RNA/DNA NGS Library Construction,Library Services,MiRNA-Seq,Nucleic Acid Extraction,Real-time QPCR,RNA Analysis,RNA Integrity,RNA Isolation,RNA/DNA Quality Control,RNAseq,Sequencing - Next Generation Sequencing (NGS),Single Cell ATAC-Seq,Single Cell RNA Sequencing,Single Cell RNAseq,Spatial Transcriptomics,Ultra-Low RNA-Seq,Visium HD Spatial Transcriptomics","The EPC Genomics Core supports your research projects by assisting in experimental design, sample preparation, library prep and sequencing, and data analysis and bioinformatics. Due to our location at the Emory National Primate Research Center, we have developed extensive experience working with non-human primate genomes and other non-standard genomes in addition to the more commonly studied human and mouse genomes. Our close relationship with the Emory Vaccine Center means that we also have significant expertise in the use of transcriptomics and genomics to study immune responses and..."
EU - AI Image Extraction Core,RRID:SCR_026693,Emory University,Atlanta,GA,,www.cores.emory.edu/aiec/,"Cohort Identification,Data Processing And DeIdentification,Image Extraction","The AI Image Extraction Core (AI2EC), one of the Emory Integrated Core Facilities (EICF), is supported by the Emory University School of Medicine. Our mission is to enable large-scale, secure image extraction and de-identification to empower clinical, translational, and AI research."
Mouse Transgenic and Gene Targeting Core (TMF),RRID:SCR_023535,Emory University,Atlanta,GA,USA,https://www.cores.emory.edu/tmf/index.html,"Assisted Reproductive Technologies (Rodent IVF, ICSI),Cell Culture,Consultation,CRISPR,CRISPR Injection Services,CRISPR Rosa26 & CRISPR H11,CRISPR/Cas Project Design,Embryo Cryopreservation & Recovery Services,ES Cell Injection,ES Cell Technology (Mouse),Fresh/Frozen Sperm IVF,Genome Engineering,Genotyping,Injection Of DNA Constructs,Karyotyping,Rederivation,Rederivation (Mouse),Sperm Cryopreservation,Transgenics,Vitrification","The Mouse Transgenic and Gene Targeting Core (TMF), one of the Emory Integrated Core Facilities (EICF), is supported by the Georgia Clinical & Translational Science Alliance and the Emory University School of Medicine. We provide state-of-the-art equipment and expertise for generating and characterizing genetically altered mouse models. Please contact us to discuss your experimental needs."
Robert P. Apkarian Integrated Electron Microscopy Core (IEMC),RRID:SCR_023537,Emory University,Atlanta,GA,USA,https://www.cores.emory.edu/iemc/,"Cell Imaging,Computational - High Performance Computing,Correlative Light Electron Microscopy,Cryo Light Microscopy,Cryo-Electron Microscopy,Cryo-Electron Microscopy Of Vitrified Sections (CEMOVIS),Cryo-Electron Tomography,Cryo-Scanning Electron Microscopy,Cryo-Ultra Microtomy,Electron Microscopy,Focused Ion Beam (FIB),Freeze Substitution,High-Pressure Freezing,Histology,Immuno Electron Microscopy,Immunofluorescence ,Immunohistochemistry,Microscopy,Microstructure Characterization,Microtomy/Electron,Microtomy/Light,Natural Product Analysis,Negative Staining For TEM,Scanning Electron Microscopy,Sputter Coating,Tissue Embed,Transmission Electron Microscopy","The Robert P. Apkarian Integrated Electron Microscopy Core, one of the Emory Integrated Core Facilities (EICF), is supported by the National Institutes of Health, the National Science Foundation, the Georgia Clinical and Translational Science Alliance and the Emory University School of Medicine. We help investigators use the latest technologies on structural research in their projects. Please contact us so that we can discuss your experimental needs."
FSU-Innovation Hub,RRID:SCR_024482,Florida State University,Tallahassee,FL,United States,https://www.innovation.fsu.edu/,"3D Printing,Laser Cutting/Engraving,Virtual And Augmented Reality","The FSU Innovation Hub is an Academic Innovation Center that hosts makerspaces, labs, and promotes design based frameworks toward iteration and innovation. The Hub acts an open intersection of university departmental collaboration and provides access to low barrier prototyping tools. The Hub also supports FSU student, staff, and faculty research initiatives."
Protein Expression Facility,RRID:SCR_016757,Florida State University,Tallahassee,FL,,https://biophysics.fsu.edu/facilities/protein-expression-facility,"Antibody Production,Cell Culture,Consultations,Protein Extraction/Purification,Protein Production,SDS-PAGE","The Protein Expression Facility (PEF) at Florida State University is dedicated to functioning as a full-service and shared resource facility providing a comprehensive range of custom protein production services to Florida State University investigators and throughout the scientific community. With the availability of specialized protein production scale-up services, including consultation, technical support, and optimization of production runs, the core offers state-of-the-art facilities with bioprocessing capabilities that meet clients' needs alongside the highest quality standards. The..."
X-Ray Crystallography Facility,RRID:SCR_017922,Florida State University,Tallahassee,FL,United States of America,https://biophysics.fsu.edu/facilities/x-ray-crystallography-facility,"3D Visualization,Crystal Imaging,Crystal Optimization,Custom Buffer Preparation,Data Analysis,Data Processing,Data Visualization,Microscopy,Protein Crystallization,Single Crystal X-ray Pattern Analysis,Training,X-Ray Crystallography","The Institute of Molecular Biophysics multi-user macromolecular crystallography facility provides training, expertise, and assistance for crystallizing and determining the three-dimensional structures of biological macromolecules and their complexes. It is available to all members of FSU and other SUS Institutions. 
 The facility has stereo-zoom microscopes, and Rubarth Rumed crystallization incubator maintained at variety of temperatures. The Facility has licensed software for data processing and analysis.
  It has an Art Robbins Crystal Gryphon crystallization robot, Formulatrix Rock..."
Fred Hutchinson Cancer Center Antibody Technology Core Facility,RRID:SCR_022608,Fred Hutch Cancer Center,Seattle,WA,United States,https://www.fredhutch.org/en/research/shared-resources/core-facilities/antibody-technology.html,"Antibody Characterization,Antibody Development,Antibody Production","Since our inception in 1995, Fred Hutch’s Antibody Technology shared resource has worked with research teams inside and outside the Hutch to design campaign strategies for the generation and identification of novel monoclonal antibody compositions. Our projects encompass a range of applications in oncology, viral therapeutics and diagnostics."
Fred Hutchinson Cancer Center Cellular Imaging Core Facility,RRID:SCR_022609,Fred Hutch Cancer Center,Seattle,WA,United States,https://www.fredhutch.org/en/research/shared-resources/core-facilities/cellular-imaging.html,"Analysis Workstations,Cell Imaging,Confocal Microscopy,Image Processing And Analysis,Microscopy","The Cellular Imaging shared resource at Fred Hutch provides advanced light microscopy services for biomedical and translational research. Our expert staff provides a complete workflow, including training for independent, 24/7 work in the core; assistance and technical support in microscopy techniques and their application; and tailored quantitative image analysis. We also offer training and support for imaging and analyzing gels and blots. We work with Fred Hutch users as well as external users from academia and industry.
 
 Fred Hutch and Leica Microsystems have combined efforts to..."
Fred Hutchinson Cancer Center Comparative Medicine Core Facility,RRID:SCR_022610,Fred Hutch Cancer Center,Seattle,WA,United States,https://www.fredhutch.org/en/research/shared-resources/core-facilities/comparative-medicine.html,"Animal Husbandry,Colony Management,Training,Veterinary Pathology,Veterinary Services","The Comparative Medicine shared resource provides a variety of research support services. All our facilities are fully accredited by the Association for Assessment and Accreditation of Laboratory Animal Care International (AAALAC) International and comply with all U.S. Department of Agriculture, Public Health Service, Washington state and local area regulations."
Fred Hutchinson Cancer Center Electron Microscopy Core Facility,RRID:SCR_022611,Fred Hutch Cancer Center,Seattle,WA,United States,https://www.fredhutch.org/en/research/shared-resources/core-facilities/electron-microscopy.html,"Cryo-Electron Microscopy,Electron Microscopy,Scanning Electron Microscopy,Training","Offers techniques to resolve structures from cellular ultrastructure to molecular interactions. Offers expertise in EM sample preparation and imaging, cryogenic electron microscopy, technologies and services, training through complexities of electron microscopy workflow, from sample preparation to image processing. All users must be trained by core staff."
Fred Hutchinson Cancer Center Experimental Histopathology Core Facility,RRID:SCR_022612,Fred Hutch Cancer Center,Seattle,WA,United States,https://www.fredhutch.org/en/research/shared-resources/core-facilities/experimental-histopathology.html,"H&E Staining,Immunohistochemistry,In Situ Hybridization,Microtomy/Light,Multiplex Fluorescence,Sample Preparation,Special Stains Histology,Tissue Embed,Tissue MicroArray,Training","Provides expertise in anatomic pathology technologies. Offers routine and special staining, immunohistochemistry, in situ hybridization and digital pathology in support of internal and external investigators who rely on histological analysis."
Fred Hutchinson Cancer Center Flow Cytometry Core Facility,RRID:SCR_022613,Fred Hutch Cancer Center,Seattle,WA,United States,https://www.fredhutch.org/en/research/shared-resources/core-facilities/flow-cytometry.html,"CyTOF,FACS Cell Sorting,Flow Cytometric Analysis,Flow Cytometry Data Analysis,Mass Spectrometry","Includes services from sterile cell sorting for therapeutic applications to whole cell mass spectrometry, diagnostics and early stage clinical trials. Provides expertise from experimental design to data analysis and troubleshooting, therapeutic cell sorting. Supports isolation of cells for Phase 1 clinical trials of cellular immunotherapies."
Fred Hutchinson Cancer Center Genomics and Bioinformatics Core Facility,RRID:SCR_022606,Fred Hutch Cancer Center,Seattle,WA,United States,https://www.fredhutch.org/en/research/shared-resources/core-facilities/genomics-bioinformatics.html,"10x Genomics,ATAC-Seq,Automated Liquid Handling,ChIP-Seq,CITE-seq,Computational - Bioinformatics,Consultation,Copy Number Variation (CNV),CRISPR,Data Analysis,Genome/Transcriptome Assembly And Annotation,Genomics,Genotyping,Genotyping-by-sequencing,High-throughput Screening,Long Read Sequencing,Metagenomics Analysis,Methylation Analysis,Nanostring,NanoString GeoMx DSP,Nanostring NCounter,Real-time qPCR,Sequencing - Capillary Sequencing,Sequencing - DNA Sequencing,Sequencing - Next Generation Sequencing (NGS),Spatial Transcriptomics,Whole Exome Sequencing,Whole Genome Amplification (WGA),Whole Genome Sequencing","The Genomics & Bioinformatics shared resource provides an integrated, streamlined and expertly supported set of services that encompass experimental design, data generation and data interpretation. Expert genomics and bioinformatics teams are available to consult and collaborate at every step of the process and work closely together to develop optimized experimental strategies to ensure that appropriate technology and data analysis tools are used to address each unique scientific question."
Fred Hutchinson Cancer Center Hutch Data Core Facility,RRID:SCR_022614,Fred Hutch Cancer Center,Seattle,WA,United States,https://www.fredhutch.org/en/research/shared-resources/core-facilities/hutch-data-core.html,"Data Analysis And Interpretation,Data Visualization,Training","The Hutch Data Core helps investigators integrate, interpret and explore large and diverse datasets. We provide services that support efficient and reproducible analysis of large-scale datasets for biomedical researchers, drawing on deep expertise in computational biology, software engineering and cloud architecture. 
 We aim to make it possible for all interested investigators to apply advanced analytical techniques to complex datasets. Our diverse team offers project-based scientific analysis by expert bioinformaticians, automation of analytical pipelines using modern workflow management..."
Fred Hutchinson Cancer Center Immune Monitoring Core Facility,RRID:SCR_022615,Fred Hutch Cancer Center,Seattle,WA,United States,https://www.fredhutch.org/en/research/shared-resources/core-facilities/immune-monitoring.html,"Cytokine Assays,Immune Monitoring,Tetramer Production","The Immune Monitoring shared resource supports investigators seeking precise evaluations of immunologic responses in both basic and early-stage clinical research settings. We provide users with resources and expertise to evaluate cellular immunologic processes and responses through reagents, molecular and cellular assays, assay development support and research-consulting services."
Fred Hutchinson Cancer Center Preclinical Imaging Core Facility,RRID:SCR_022616,Fred Hutch Cancer Center,Seattle,WA,United States,https://www.fredhutch.org/en/research/shared-resources/core-facilities/preclinical-imaging.html,"Clinical Imaging - Small Animal (luminescence/fluorescence),Clinical Imaging - Small Animal (X-ray, Ultrasound, microCAT, MRI),Magnetic Resonance Imaging (MRI),Microscopy","Provides in vivo imaging technology and infrastructure to support basic and preclinical research. Offers diverse array of imaging modalities, including ultrasound and optical imaging, MRI, micro-CT and multiphoton microscopy."
Fred Hutchinson Cancer Center Preclinical Modeling Core Facility,RRID:SCR_022617,Fred Hutch Cancer Center,Seattle,WA,United States,https://www.fredhutch.org/en/research/shared-resources/core-facilities/preclinical-modeling-core-lab.html,"CRISPR,Transgenics,Xenograft / Xenotransplantation","Supports development and maintenance of preclinical mouse models, including patient derived xenografts, cell line xenografts and genetically engineered mouse models."
Fred Hutchinson Cancer Center Proteomics and Metabolomics Core Facility,RRID:SCR_022618,Fred Hutch Cancer Center,Seattle,WA,United States,https://www.fredhutch.org/en/research/shared-resources/core-facilities/proteomics-metabolomics.html,"HPLC,Mass Spectrometry,Mass Spectrometry - Proteins And Peptides,Proteomics,Quantitative Proteomics - TMT","Provides support for mass spectrometry based proteomics and metabolomics research. With advanced instrumentation and highly trained staff, core offers consultation and services in sample preparation, sample separation, data collection and data analysis."
Fred Hutchinson Cancer Center Specimen Processing and Research Cell Bank Core Facility,RRID:SCR_022619,Fred Hutch Cancer Center,Seattle,WA,United States,https://www.fredhutch.org/en/research/shared-resources/core-facilities/specimen-processing-research-cell-bank.html,"Biorepository,Bioshipping,Blood Processing,DNA Isolation,ELISA,RNA Isolation,Tissue Extraction","Provides biospecimen sample processing, extraction and biorepository services. Offers expertise to advance preclinical and clinical studies."
Fred Hutchinson Cancer Center Therapeutic Products Core Facility,RRID:SCR_022725,Fred Hutch Cancer Center,Seattle,WA,United States,https://www.fredhutch.org/en/research/shared-resources/core-facilities/therapeutic-products.html,Process Development And Manufacturing For Clinical Trials,The Therapeutic Products shared resource at Fred Hutchinson Cancer Center provides facilities and services in process development and manufacturing of Good Manufacturing Practice (GMP)-grade biologic and cellular therapeutic products for Phase 1/2 clinical trials. Our vision is to support the translation of ideas from academic laboratories to clinical trials.
Garvan Molecular Genetics,RRID:SCR_017849,Garvan Institute of Medical Research,Sydney,,Australia,http://www.garvan.org.au/research/capabilities/molecular-genetics,"Copy Number Variation (CNV),DNA Analysis,Genotyping,Mass Spectrometry,Nucleic Acid Extraction,oligo synthesis,Real-time qPCR,Sequencing - Capillary Sequencing,Sequencing - DNA Sequencing","Core Facility established in 2004 providing various generic and custom services for molecular genetics:
 DNA & RNA extraction
 mouse genotyping
 Sanger Sequencing
 Pathogen testing
 Cell line identification 
 reatime PCR and gene expression"
University of Maryland School of Pharmacy Mass Spectrometry Center,RRID:SCR_023493,Garvan Institute of Medical Research,Baltimore,MD,United States of America,https://www.pharmacy.umaryland.edu/centers/massspec/,"Assays and Measurements,Computational - Bioinformatics,Mass Spectrometry,Molecular Imaging,Proteomics","The mission of the Mass Spectrometry Center in the Department of Pharmaceutical Sciences at the University of Maryland School of Pharmacy is to accelerate discovery by providing investigators, on campus and beyond, access to cutting edge technologies in mass spectrometry.
 
 The Mass Spectrometry Center provides state-of-the-art expertise, methodology, and instrumentation to School of Pharmacy researchers and the surrounding research community. The center also provides researchers the opportunity to perform and access very sophisticated experiments by working in a true collaborative effort..."
Imaging Core Facility,RRID:SCR_023476,Georgia State University,Atlanta,GA,United States,https://cas.gsu.edu/imaging-core-facility,"2D & 3D Illustration,3D & 4D Image Processing Stations,3D Visualization,Analysis Workstations,Cell Imaging,Confocal Microscopy,Confocal/ Super Resolution Microscope,Correlative Light Electron Microscopy,Crystal Imaging,Data Analysis,Data Analysis And Interpretation,Data Processing,Data Processing And Interpretation,Data Visualization,Deconvolution,Electron Microscopy,Fluorescence Microscope With Optical Sectioning Capability,Live Cell Imaging,Optical Imaging,Scanning Electron Microscopy,Stereomicroscopy,Super-resolution Microscopy,Surface Plasmon Resonance,Surface Plasmon Resonance (SPR),Training,Widefield Microscopy","The Imaging Core Facility, located in the Petit Science Center building within Georgia State University's bustling downtown Atlanta campus, offers a range of sophisticated light and electron microscopy imaging-based analytical tools to support advanced research undertaken by Georgia State and its affiliated researchers. Our suite of technologies includes state-of-the-art laser scanning confocal microscopy, biological light microscopy, electron microscopy, and more.
 
 As one of the shared core facilities in the College of Arts and Sciences, the Imaging Core Facility is committed to..."
Gladstone Flow Cytometry Core,RRID:SCR_021714,Gladstone Institutes,San Francisco,CA,United States of America,https://gladstone.org/science/flow-cytometry-core,"Assay Development,Cell Sorting,Data Analysis,Data Processing And Interpretation,FACS Cell Sorting,Flow Cytometric Analysis,Flow Cytometry Data Analysis,High Performance Computing,Imaging Flow Cytomtry,Multi-color Flow Cytometry,Phenotyping,RNA Flow Cytometry,Sample Accessioning","The Gladstone Flow Cytometry Core offers operation, training and consultation on both cell sorters and analyzers.
 Our core comprises two BDFACSAria Fusions, a Fortessa X-20, an Attune, a Cytek Aurora, a NanoFCM and an Imagestream - all analyzers come with autosamplers.
 The core also offers antibody staining, protocol optimization and data analysis services."
Gladstone Stem Cell Core,RRID:SCR_027543,Gladstone Institutes,San Francisco,CA,,https://gladstone.org/science/stem-cell-core,"Cardiac Differentiation,Cardiac Differentiation Training,Cell Line Expansion And Banking,IPSC Colony Picking Training,IPSC Culture Training,IPSC Reprogramming,IPSC Reprogramming Training,IPSC Trilineage Differentiation,Mycoplasma Testing ,PBMC Isolation From Whole Blood ,Pipet-Aid Repair,Single Cell Sorting (Namocell)","The Gladstone Stem Cell Core offers a fully functional tissue culture facility with specialized instruments, media, reagents, cell lines, and expertise for new or established researchers to perform cutting-edge stem cell research. In addition, our core provides comprehensive human induced pluripotent stem (iPS) cells–related training, consultations, and standard and customized scientific services, including derivation of iPS cells, differentiation of iPS cells and genome editing in iPS cells to stem cell researchers."
Compounds Australia - Griffith University,RRID:SCR_024565,Griffith University,Brisbane,,Australia,https://www.griffith.edu.au/griffith-sciences/compounds-australia,"Automated Liquid Handling,Compound Management,Custom Library Prep Service,Drug Discovery,Fragment-based Drug Discovery,Library Services","Compounds Australia is a dedicated compound management and logistics facility. Through specialist infrastructure and expertise, we enable health researchers worldwide to outsource their sample logistics so that they can focus on research and results.
 
 Through a cost-effective, fee-for-service model, Compounds Australia securely stores and curates a suite of compound libraries (>1.5 million compounds), which are provided to researchers in flexible, assay-ready formats.
 
 We offer:
 - Access to curated compound libraries and specialised compound collections.
 - Secure sample storage and..."
Center for Macromolecular Interactions,RRID:SCR_018270,Harvard Medical School,Boston,MA,United States of America,cmi.hms.harvard.edu,"Biolayer Interferometry (BLI),Circular Dichroism (CD),Differential Scanning Fluorimetry (DSF),Isothermal Titration Calorimetry (ITC),Light Scattering,Mass Photometry,MicroScale Thermophoresis (MST),Surface Plasmon Resonance (SPR)","The Center for Macromolecular Interactions (CMI) in the department of Biological Chemistry and Molecular Pharmacology at Harvard Medical School provides scientific consultation, training and access to shared biophysical equipment for the characterization and analysis of macromolecules and their complexes.
 
 The facility offers training and access to instruments to measure molecular interactions by Isothermal Titration Calorimetry (ITC), Surface Plasmon Resonance (SPR), Biolayer Interferometry (BLI), MicroScale Thermophoresis (MST).
 
 The facility also offers select data collection..."
DF/HCC Mouse Engineering Core,RRID:SCR_022950,Harvard Medical School,Boston,MA,United States,https://www.dfhcc.harvard.edu/research/core-facilities/mouse-engineering/,"CRISPR Injection Services,Embryo Cryopreservation & Recovery Services,ES Cell Electroporation,ES Cell Injection,ES Cell Technology (Mouse),Fresh/Frozen Sperm IVF,Injection Of DNA Constructs,Sperm Cryopreservation,Tail Biopsy","The Mouse Engineering Core was established in 1992 operating at the BWH, and is now located at Harvard Medical School. The Mouse Engineering Core provides services for the generation of transgenic and knockout mice using state-of-the-art facilities and equipment.
 
 The Core has all of the equipment necessary for generation of transgenic mice including a Nikon Diaphot microscope equipped with Nomarski Optics and Narishige micromanipulators for microinjections, Nikon surgical microscopes for egg isolation and transfer, a sutter needle puller and a de Fonbrune microforge. The facility..."
HMS Conventional Electron Microscopy Facility,RRID:SCR_009793,Harvard Medical School,Boston,MA,United States,https://electron-microscopy.hms.harvard.edu/,"Critical Point Drying,Cryo-Ultra Microtomy,Freeze Substitution,High Pressure Freezing,Immuno Electron Microscopy,Microtomy/Electron,Negative Staining For TEM,Sample Preparation,Scanning Electron Microscopy,Sputter Coating,Transmission Electron Microscopy","The HMS Electron Microscopy Facility makes high quality electron microscopy services, instrumentation and training easily accessible to all researchers. Our services include consultation and experimental design for a wide variety of biological samples for both SEM and TEM."
HMS Research Computing Core,RRID:SCR_022289,Harvard Medical School,Boston,MA,United States,https://it.hms.harvard.edu/rc/core,"Computational - High Performance Computing,Computational - Interactive Compute/storage,High Performance Computing","The Research Computing Core is a set of research computing services provided by the Department of Information Technology at Harvard Medical School. The facilities include a high performance computing environment, O2, computational storage, and other services that support biomedical research such as research software licensing. Our services are only available to Harvard Medical School, Harvard University, and HMS Affiliates https://hms.harvard.edu/about-hms/hms-affiliates."
HMS-Biomolecular NMR Core,RRID:SCR_022967,Harvard Medical School,Boston,MA,United States of America,https://eqnmr.med.harvard.edu,"Fragment-based Drug Discovery,Fragment-based Screening,Metabolomics,Natural Product Analysis,NMR Medicinal Chemistry Support,NMR Quality Control For Biologic Drugs,NMR Quality Control For Biosimilars,Nuclear Magnetic Resonance (NMR),Protein NMR,Structure Determination","State-of-the-art resource for NMR that offers services in fragment-based screening and drug discovery, characterization and QC of biologics and biosimilar drugs, metabolomics, protein NMR, small molecule NMR, and NMR of natural products. The facility offers 400-700MHz systems, many with cryogenic probes. The staff is highly experienced and dedicated."
HMS-BPF NGS Genomics Core Facility,RRID:SCR_007175,Harvard Medical School,Boston,MA,United States of America,https://genome.med.harvard.edu/,"Central Laboratory Supply,Copy Number Variation (CNV),DNA Analysis,Genomics,Genotyping,Library Services,Molecular Library Services,Nucleic Acid Extraction,oligo synthesis,PCR Arrays,Real-time qPCR,RNA analysis,RNA Integrity,Sequencing - Capillary Sequencing,Sequencing - DNA Sequencing,Sequencing - Next Generation Sequencing (NGS),Shared Instrumentation Oversight & Maintenance","-About the Core-
 
 The BPF NGS Genomics Core Facility, formerly known as ""The Biopolymers Facility,"" is a non-profit specialized service facility within the Department of Genetics at Harvard Medical School. The primary client base of the BPF consists of investigators at Harvard Medical School and affiliated research hospitals. While the majority of our users are located within the Longwood Medical Area, we also serve laboratories at schools, universities, and biotechnology companies globally.
 
 Our mission is to provide investigators with access to technology services that will..."
HMS-MicRoN,RRID:SCR_022209,Harvard Medical School,Boston,MA,United States,https://micron.hms.harvard.edu/,"3D & 4D Image Processing Stations,3D Visualization,Cell Imaging,Clinical Imaging - Small Animal (luminescence/fluorescence),Confocal Microscope With FCS/FLIM Capabilities ,Confocal Microscopy,Confocal/ Super Resolution Microscope,Consultation,Data Analysis And Interpretation,Data Processing,Data Visualization,Deconvolution,Fluorescence Lifetime,Fluorescence Microscope With Optical Sectioning Capability,Image Aquisition,Immunofluorescence ,In-vivo Imaging,Live Cell Imaging,Microscopy,Multiphoton Microscopy,Multiphoton/ Harmonic Generation Microscope,Optical Imaging,Spatial Transcriptomics,Super-resolution Microscopy,TIRF Microscopy,Training,Whole Slide Imaging,Widefield Microscopy","The Microscopy Resources On the North Quad (MicRoN) facility is a light microscopy core established by the Departments of Genetics, Immunology and Microbiology, and it is open to all HMS researchers, including Affiliated hospitals. MicRoN is a non-traditional decentralized or ""floating"" microscopy core. We support a wide range of imaging modalities ranging from widefield, TIRF, spinning disk and single point scanning confocal, multiphoton, FLIM and supper-resolution. The 14 microscopes that currently make up the core are embedded within the Departments of Microbiology, Immunology, and..."
PCMM Microscopy Core at Boston Children's Hospital,RRID:SCR_018822,Harvard Medical School,Boston,MA,United States,https://childrenshospital.corefacilities.org/service_center/show_external/3145,"Cell Imaging,Confocal Microscopy,Microscopy,Multiphoton Microscopy,Optical Imaging",confocal/multiphoton microscopy/electron microscopy/image analysis
Bauer Core,RRID:SCR_022656,Harvard University,Cambridge,MA,United States of America,https://bauercore.fas.harvard.edu/,"10x Genomics,Assays and Measurements,Cell Sorting,Consultation,Copy Number Variation (CNV),Digital PCR,DNA Analysis,Droplet Digital PCR,FACS Cell Sorting,Flow Cytometric Analysis,Genomics,Genotyping,Microarray,Nanopore Sequencing,Nanostring,Nanostring NCounter,Nucleic Acid Extraction,Phosphor Imaging,Plate Reader,Real-time qPCR,RNA analysis,RNA Integrity,RNAseq,Sequencing - DNA Sequencing,Sequencing - Next Generation Sequencing (NGS),Single-Cell Analysis,Single-cell Sequencing,Spectral Flow Cytometry","Our goal is to advance research efforts in the life sciences that cannot readily be accomplished in the traditional academic laboratory because of a need for expensive instrumentation or automation, scientific or organizational infrastructure, or multidisciplinary expertise. 
 
 To promote cutting-edge research and to foster scientific collaborations, we make our extensive resources available to scientists at Harvard. Our technical staff provide expertise and hands-on training and the use of instrumentation for a nominal fee. Researchers can sign up to use the instrumentation through an..."
Harvard Center for Biological Imaging (HCBI),RRID:SCR_018673,Harvard University,Cambridge,MA,United States of America,www.hcbi.fas.harvard.edu,"Analysis Workstations,Cell Imaging,Confocal Microscope With FCS/FLIM Capabilities ,Confocal Microscopy,Confocal/ Super Resolution Microscope,Consultations,Data Analysis,Data Processing And Interpretation,Differential Interference Contrast Microscopy,Fluorescence Lifetime,Fluorescence Lifetime Imaging,Fluorescence Microscope With Optical Sectioning Capability,Forster Resonance Energy Transfer (FRET),Freeze Substitution,High Content Screening,Image Aquisition,Immunofluorescence ,Immunohistochemistry,In-vivo Imaging,Laser Capture Microdissection,Laser Scanning,Light-sheet Microscopy,Live Cell Imaging,Microscopy,Multiphoton Microscopy,Multiphoton/ Harmonic Generation Microscope,Multiplex Fluorescence,Multiplexed Immunofluorescence,Optical Imaging,Phase Contrast Microscopy,Photomanipulation,Scanning 20X Brightfield,Scanning 20X Flourescent,Scanning 20X Fluorescent,Scanning 40X Brightfield,Scanning 40X Fluorescent,Single-molecule Imaging,Slide Scanning,Spinning Disk Confocal Imaging,STED Nanoscopy,Stereomicroscopy,","The Harvard Center for Biological Imaging was opened May 17, 2010 and is one of the most innovative biological imaging centers in the world. In order to ensure investigators always have access to the latest and best technologies, the HCBI was designed to be an “Evergreen” microscopy facility. Imaging systems at the HCBI are leased rather than purchased and replaced every 2-3 years. This ensures that the facility remains relevant and is never in possession of outdated equipment. Currently, the HCBI contains 20 microscopes and 12 high-end processing stations including confocal,..."
HSPH Harvard Chan Bioinformatics Core,RRID:SCR_025373,Harvard University,Boston,MA,United States of America,https://bioinformatics.sph.harvard.edu/,"Bioinformatics Analysis,Bioinformatics Grant Proposal Support,Bioinformatics Project Planning,Bioinformatics Training,Computational - Bioinformatics,Consulting,Custom And Specialty NGS Workflows,RNA-Seq Training,Spatial / Single Cell Training","We analyse all types of high-throughput sequencing data from RNA-seq and single cell RNA-seq to variant sequencing (exome or whole genome), to ChIP-seq or bisulfite sequencing. With spatial profiling methods becoming more accessible, we have developed new workflows for spatial transcriptomic analysis and multimodal integration. We offer a dedicated bioinformatics training program for researchers interested in learning basic data skills and the analysis of high-throughput sequencing data. Our workshops focus on utilizing best practices in the field and research reproducibility."
Interdisciplinary Neurobehavioral Core INBC,RRID:SCR_019153,Heidelberg University,Heidelberg,,Germany,http://www.medizinische-fakultaet-hd.uni-heidelberg.de/Home.111344.0.html,"Animal Husbandry,Behavioral Phenotyping,Surgical Services","The Interdisciplinary Neurobehavioral Core is a multidisciplinary in vivo core facility at Heidelberg University. The CF is equipped with state-of-art equipment for detailed behavioral analyses and surgical procedures in the context of mouse and rat models of neurological, cognitive and psychiatric disorders. We aim to facilitate collaborative projects for basic scientists and clinically oriented researchers and to disseminate expertises and innovation."
Light Microscopy,RRID:SCR_022103,Howard Hughes Medical Institute,Ashburn,VA,United States of America,https://www.janelia.org/support-team/light-microscopy,"Analysis Workstations,Cell Culture,Cell Imaging,Confocal Microscopy,Confocal/ Super Resolution Microscope,Consultation,Consultations,Correlative Light Electron Microscopy,Data Analysis And Interpretation,Data Processing,Data Processing And Interpretation,Data Visualization,Deconvolution,Experimental Design,F.I.S.H.,Fluorescence Lifetime,Fluorescence Microscope With Optical Sectioning Capability,High-throughput Screening,Image Aquisition,Image Data Management,Image Processing And Analysis,In-vivo Imaging,Light-sheet Microscopy,Live Cell Imaging,Microscopy,Molecular Imaging,Multiphoton Microscopy,Multiphoton/ Harmonic Generation Microscope,Optical Imaging,Sample Preparation,Spatial Transcriptomics,Super-resolution Microscopy,TIRF Microscopy,Tissue Culture,Whole Slide Imaging,Widefield Microscopy","The Light Microscopy facility is a fully-supported, shared resources environment open 24 hours a day, seven days a week to Janelia scientists. It houses a full complement of state-of-the-art microscopes and multiple workstations dedicated to image processing."
Hunter College Digital Bio-Imaging Facility,RRID:SCR_017774,Hunter College,New York,NY,United States of America,http://biology.hunter.cuny.edu/index.php?option=com_content&view=article&id=44&Itemid=62,"3D Visualization,Cell Imaging,Confocal Microscopy,Data Analysis,Electron Microscopy,F.I.S.H.,Microscopy,Optical Imaging,Phosphor Imaging","This facility currently provides optical and electron microscopy services. The facility is equipped with Nikon TIRF/SIM superresolution microscope, a Nikon A1R resonant confocal, a Leica TCS SP2 confocal, and a Perkin Elmer Ultra VIEW ERS Spinning Disc confocal. In addition to confocal microscopy, the facility is also equipped for bright field, phase contrast, modulation contrast and epi fluorescence microscopy. The facility has two separate wide field image analysis stations. A Nikon Eclipse E 400 microscope equipped with a color video system and Nikon Elements imaging software, and a..."
Metabolomics Core,RRID:SCR_027540,Icahn School of Medicine at Mount Sinai,New York,NY,United States,https://icahn.mssm.edu/research/resources/deans-cores/metabolomics,"Data Analysis And Interpretation,Data Visualization,GC-MS,LC-MS,Lipidomics,Mass Spectrometry - Small Molecules,Metabolomics","The ISMMS Metabolomics Core provides end-to-end mass-spectrometry solutions for small-molecule research. Our team supports experimental design, ensuring proper handling, appropriate controls, and adequate statistical power, and then executes analyses on Thermo Orbitrap IQ-X and Agilent 6495D LC/MS systems and an Agilent 5977C GC/MS system. Using validated methods annotated against a library of 1,000+ compounds, we maximize metabolite and small-molecule coverage. We also offer untargeted profiling for biomarker and novel metabolite and lipid discovery, as well as stable-isotope tracing for..."
MSSM-Transgenic and Genome Editing CoRE,RRID:SCR_027505,Icahn School of Medicine at Mount Sinai,New York,NY,United States,https://icahn.mssm.edu/research/resources/deans-cores/transgenic-genome-editing,"Animal Breeding And Genetics,Assisted Reproductive Technologies (Rodent IVF, ICSI),Genetically Engineered Mouse Model Creation,Genotyping,Genotyping-by-sequencing,Transgenics","Transgenic and Genome Editing (TGE) Center of Research Excellence (CoRE) is equipped with cutting-edge technology and highly trained staff to offer full model creation services for Mount Sinai investigators and external users from consultation until delivery of germline-confirmed genetically engineered mouse models (GEMMs). To this purpose, we employ the latest genome editing tools such as CRISPR/Cas9 to rapidly generate GEMMs with diverse genome modifications such as humanization, large insertion, conditional knockout, base substitution and deletion. Animals produced in the CoRE are..."
Stem Cell Engineering Core,RRID:SCR_027503,Icahn School of Medicine at Mount Sinai,NYC,NY,United States,https://icahn.mssm.edu/research/resources/deans-cores/stem-cell-engineering,"IPSC Pluripotency Assessment ,Bank Of Reprogrammed IPSCs,CRISPR/Cas Project Design,Design And Validate Genome-editing Reagents,Directed Cell Differentiation,Genome Engineering,IPS Cell Reprogramming,IPSC,Neural Stem Cells,Organoids,Reprogramming Somatic Cells,Stem Cells","The SCEC provides comprehensive services for the generation and characterization of induced pluripotent stem cells (iPSCs) from somatic sources such as blood and fibroblasts, along with long-term cryobanking. The Core also offers access to a diverse collection of well-characterized iPSC lines derived from both healthy donors and patients with various diseases, representing a range of ethnic backgrounds and sexes.
 
 A major focus of the SCEC is gene editing in pluripotent stem cells, with extensive expertise in CRISPR-based applications—from precise point mutation knock-in (correction or..."
Molecular Research Core Facility,RRID:SCR_012598,Idaho State University,Pocatello,ID,United States of America,https://www.isu.edu/mrcf/,"Capillary Electrophoresis,Cell Imaging,Confocal Microscopy,Data Analysis,Data Processing And Interpretation,DNA Analysis,DNA Isolation,Electron Microscopy,ELISA,Flow Cytometric Analysis,Genomics,Genotyping,Library Services,Metagenomics Analysis,Microbiome,Microscopy,Multi-color Flow Cytometry,Multiphoton Microscopy,Plate Reader,Real-time qPCR,RNA analysis,RNA Integrity,RNA Isolation,RNAseq,Sequencing - Capillary Sequencing,Sequencing - DNA Sequencing,Sequencing - Next Generation Sequencing (NGS),Shared Instrumentation Oversight & Maintenance,Spectroscopy,Whole Genome Sequencing,Whole Plant Imaging,Whole Slide Imaging","The ISU Molecular Research Core Facility (MRCF), provides fee-based services in a wide variety of molecular techniques. NGS library preparation, DNA/RNA extractions, ELISAs, PCR/qPCR, Microscopy and Flow Cytometry to name a few. We serve external and internal customers and are willing to discuss projects and help troubleshoot molecular assays with any researcher.
 Visit www.mrcf.isu.edu for more info!"
IUSM-Chemical Genomics Core Facility,RRID:SCR_018785,Indiana University – Purdue University Indianapolis,Indianapolis,IN,United States of America,https://medicine.iu.edu/research/support/service-cores/chemical-genomics,"Amino Acid Analysis,Assays and Measurements,Biochemical Analysis,Cell Culture,Cell Imaging,Chemical Design And Synthesis,CRISPR/Cas Project Design,Discovery Science,High Content Screening,HPLC,Library Services,Mass Spectrometry,Molecular Imaging,Nuclear Magnetic Resonance (NMR),Peptide Purification And Analysis,Peptide Synthesis,Small Molecule Compound Screening","Chemical Genomics Core Facility is located at Van Nuys Medical Science Building, Indiana University School of Medicine. The core is equipped with a collection of 227,680 diversity-oriented, drug-like, and natural small molecules in 9 non-redundant libraries, a variety of automated liquid handling and assay detection systems such as EnVision Multiplate reader and ArrayScan HCA System, modern equipment for medicinal and analytical chemistry including NMR, LC-QTOF MS, HPLC, Peptide Synthesizer, and sophisticated chemoinformatics tools. Besides the traditional high-throughput screening and hit..."
Electron Microscopy Center,RRID:SCR_017845,Indiana University Bloomington,Bloomington,IN,United States of America,iubemcenter.iu.edu,"Cryo-Electron Microscopy,Electron Microscopy,Outreach","The IUB Electron Microscopy Center (IUB-EMC) is a core facility located in Myers and Simon Hall on the IU-Bloomington campus. The IUB-EMC houses a large sample chamber 30 kV JSM 5800LV scanning electron microscope (SEM), a work-horse 100 kV JEM 1010 transmission electron microscope (TEM) and a more powerful 300 kV JEM 3200FS TEM. These microscopes were manufactured by the JEOL company. We have both standard and high-tilt Gatan cryo-holders for the JEOL 3200FS, which is equipped with an in-column energy filter, scan coils for scanning transmission electron microscopy (STEM) and detectors..."
Indiana University School of Medicine Center for Biological Microscopy Core Facility,RRID:SCR_025568,Indiana University School of Medicine,Indianapolis,IN,United States of America,https://medicine.iu.edu/internal-medicine/research/centers/biological-microscopy,"Brightfield Microscopy,Confocal Microscopy,Light Sheet Microscopy,Light-sheet Microscopy,Microscopy,Microscopy Imaging Analysis,Multiphoton Microscopy,Multiplex Fluorescence,Multiplexed Fluorometric Immunoassay,Multiplexed Immunofluorescence,Phase Contrast Microscopy,Widefield Microscopy","Provides researchers with access to laser-scanning confocal, 2-photon, multiplex and epi-fluorescence microscopes. Personnel train individual researchers to use all imaging systems and provide expert help in design, conduct and analysis of imaging studies. As necessary, center personnel can also be hired to conduct microscopy studies for laboratories lacking necessary expertise."
Arpege,RRID:SCR_023092,Institut de Génomique Fonctionnelle,Montpellier,,France,https://www.arpege.cnrs.fr,"Assay Development,Assays and Measurements,Automated Liquid Handling,Pathway Interpretation,Plate Reader","ARPEGE is specialized in the functional and structural analysis of protein complexes. This facility offers the possibility to characterize all types of molecular interactions: ligand-target binding, protein-protein interactions, signal transduction, and signalling complexes. The facility staff members are skilled specialists in luminescence-based techniques and in receptor biology.
 
 
 Application portfolio:
 
 - Analysis of cell signalling, by measuring signal transduction,
 - Ligand-target binding (pharmacological analysis, affinity, selectivity),
 - Protein-protein interactions..."
Paris Brain Institute Quantitative Cellular and Molecular Imaging Core Facility,RRID:SCR_026393,Institut du Cerveau,Paris,,,https://quant.institutducerveau.org,"Confocal/ Super Resolution Microscope,High Content Screening,Light Sheet Microscopy,Live Cell Imaging,Multiphoton Microscopy,Spinning Disk Confocal Imaging,STED Nanoscopy,Transmission Electron Microscopy","Core provides expertise in optical microscopy, electron microscopy, and image analysis for neuroscience research. The platform is open to all researchers. Offers access to advanced technologies, including electron microscopy, confocal microscopy, two-photon imaging, and super-resolution microscopy."
Human disease models core facility,RRID:SCR_023881,Institut Pasteur,Paris,,France,https://research.pasteur.fr/en/team/human-disease-models-core-facility/,"Animal Husbandry,Blood Processing,DNA Isolation,ELISA,Flow Cytometric Analysis,Flow Cytometry,Flow Cytometry Data Analysis,HIS Mice Production,Immune Monitoring,Immunization,Immunoassay,In-vivo Imaging,Irradiation,Luminex Bead Based Cytokine Assays,Multi-color Flow Cytometry,Pharmacokinetics,Phenotyping,Pipeline Development,Plate Reader,Project Management,Protocol Development,Sample Preparation,Staining,Stem Cell Procurement,Tail Biopsy,Transgenics,Virology","Human Disease Models Core Facility produces mice harboring a human immune system (HIS mice) and provide expertise for the possible applications of this model.
 
 HIS mice engrafted with human Hematopoietic stem cells (HSC) are advantageous in vivo models for long-term studies in the field of human immune cells biology, immune-oncology and infectious disease. They constitute a small animal model in which to analyze potency and safety of new drugs modulating the immune system."
Cancer Metabolism,RRID:SCR_014873,Institute for Systems Biology,La Jolla,CA,United States of America,http://www.SBPdiscovery.org/,"GC,Mass Spectrometry,Metabolomics,Stable Isotope Tracing","The Sanford Burnham Prebys Cancer Metabolism Core provides a unique service for the analysis of metabolism, offering both metabolite quantification and stable-isotope tracing methodology, centered around gas chromatography-mass spectrometry (GC-MS). We offer GC-MS analysis of polar metabolites (TCA cycle, glycolysis metabolites and amino acids), short chain fatty acids, fatty acids and cholesterol, sugars and sugar-phosphates. As well as cells, we can also analyze tissues, tumors, serum or culture medium as necessary. We also have available a YSI 2950 analyzer for measurement of glucose,..."
Center for vaccine Development Flow and Massy Cytometry Core,RRID:SCR_018835,Institute for Systems Biology,Baltimore,MD,United States of America,https://cibr.umaryland.edu/landing/1754,"Cell Sorting,Data Analysis,Flow Cytometric Analysis,Mass Cytometry",A flow and mass cytometry core for the University of Maryland system.
Proteomics,RRID:SCR_022225,Institute for Systems Biology,La Jolla,CA,United States of America,http://www.sanfordburnham.org/technology/sr/Pages/LaJolla_Proteomics.aspx,"2D-PAGE,Data Analysis,Mass Spectrometry,Proteomics","The Sanford-Burnham Proteomics Facility provides state-of-the-art mass spectrometry-based proteomics services with methods tailored to the needs of scientific investigators for routine mass spectrometric analysis of peptides and proteins, identification of novel proteins, characterization of post-translational modifications, and quantitative proteomics analysis of simple to complex biological samples. The facility identifies, validates and develops new methods designed for the characterization and identification of biologically important proteins. It also supports users with software..."
Facility Name,Facility RRID,Institution Name,City,State,Country,Website,Services,Description
Advanced Microscopy Applications Unit (ADMiRA),RRID:SCR_022788,Instituto Nacional de Cancerología,Ciudad de Mexico,,Mexico,www.admiramicro.com,"Analysis Workstations,Cell Culture,Cell Imaging,Confocal Microscopy,Correlative Light Electron Microscopy,Deconvolution,Electron Microscopy,F.I.S.H.,Focused Ion Beam (FIB),Image Aquisition,Image Data Management,Image Processing And Analysis,Karyotyping,Laser Capture Microdissection,Light-sheet Microscopy,Live Cell Imaging,Microscopy,Multiphoton Microscopy,Multiplex Fluorescence,Prepared Slides,Sample Preparation,Scanning Electron Microscopy,Slide Scanning,Stereomicroscopy,Super-resolution Microscopy,Telomere Length Analysis,TIRF Microscopy,Training,Transmission Electron Microscopy,Whole Slide Imaging,Widefield Microscopy","The Advanced Microscopy Applications Unit (ADMiRA) is an Imaging Core Facility located within the National Cancer Institute of Mexico. It provides scientific and technical support in imaging to diverse communities including academy, industry, health care, government sector, etc. Imaging technologies in ADMiRA include: Confocal, Widefield, Super-Resolution, Lightsheet, FIB-SEM, Laser Microdisection, and Automated digital scanning."
"Advanced Microscopy Applications Unit (ADMiRA), RAI, UNAM",RRID:SCR_026170,Instituto Nacional de Cancerología,"Tlalpan, Mexico City",,Mexico,https://admiramicro.com.mx,"Advanced Microscopy Applications: Confocal, Super Resolution, Slide Scanning, Microdisection, Lightsheet, STEM And FIB Microscopy,Correlative Light Electron Microscopy,Fluorescence Recovery After Photobleaching (FRAP),Forster Resonance Energy Transfer (FRET),Live Cell Imaging,Multiphoton Microscopy,Optical Tweezers ,PALM Microscopy,Structured Illumination Microscopy,TIRF Microscopy","Facility devoted to answer scientific, industrial and medical questions by providing technical and scientific support to all kind of users in advanced microscopy and image processing and analysis"
Biophysics and Bioanalytics Facility,RRID:SCR_021630,International Institute of Molecular and Cell Biology,Warsaw,,Poland,https://core-facility.iimcb.gov.pl/bbf/,"Analytical Ultracentrifugation,Circular Dichroism (CD),Differential Scanning Calorimetry,FT-IR,HPLC,Isothermal Titration Calorimetry,Size Exclusion Chromatography With Multi-Angle Light Scattering,Surface Plasmon Resonance (SPR)","We offer comprehensive selection of molecular biophysics techniques such as SPR, SEC-MALS, AUC, ITC, CD, FT-IR useful in characterization of macromolecule size and intermolecular interactions"
Genome Informatics Facility,RRID:SCR_017790,Iowa State University,Ames,IA,United States of America,http://gif.biotech.iastate.edu/,"Computational - Bioinformatics,Computational - Biostatistics,Computational - High Performance Computing,Data Analysis,Genomics,RNA analysis,Sequencing - DNA Sequencing,Sequencing - Next Generation Sequencing (NGS)","The Genome Informatics Facility of the Iowa State University Office of Biotechnology provides bioinformatics services for investigators within academia, industry and government. Quality analysis starts with understanding the nuances of the biological question at hand and the assumptions made by informatics tools. For this reason, our staff works closely with researchers to provide the best solution to the biological inquiry."
Hybridoma Facility,RRID:SCR_018829,Iowa State University,Ames,IA,United States of America,http://www.biotech.iastate.edu/biotechnology-service-facilities/hybridoma-facility/,"Assays and Measurements,Cell Culture,Monoclonal Antibody,Tissue Culture","mouse polyclonal serum
 hybridoma fusions
 large scale antibody production
 large scale antibody purification
 cyropreservation and storage
 24/7 online freezer information retrieval
 online tracking and ordering system"
Protein Facility,RRID:SCR_017780,Iowa State University,Ames,IA,United States of America,http://www.protein.iastate.edu,"2D-PAGE,Glycoproteomics,HPLC,Mass Spectrometry,Mass Spectrometry - Proteins And Peptides,Peptide Purification And Analysis,Peptide Synthesis,Phosphoproteomics,Phosphor Imaging,Protein Extraction/Purification,Proteomics,Proteomics Analysis,Quantitative Phosphoproteomics,Quantitative Proteomics - TMT,SDS-PAGE,Sequencing - Protein Sequencing,Western Blot","The Protein Facility of the Iowa State University Office of Biotechnology is open to faculty and students from the university, other educational institutions, and industry scientists. The facility offers protein/peptide sequencing (Edman degradation, N-terminal sequencing), large and small scale peptide synthesis (Fmoc), matrix-assisted laser desorption/ionization (MALDI) mass spectrometry, SDS-PAGE/electroblotting, 2-D gel electrophoresis, isoelectric focusing (IEF), in-gel and solution digestion, tandem mass spectrometry (LC-MS/MS), ion mobility mass spectrometry (IM-MS), digital image..."
W.M. Keck Metabolomics Research Laboratory,RRID:SCR_017911,Iowa State University,Ames,IA,United States of America,https://www.biotech.iastate.edu/metabolomics/,"Amino Acid Analysis,Biochemical Analysis,HPLC,HRAM Mass Spectrometry,Imaging Mass Spectrometry,Lipidomics,Mass Spectrometry,Mass Spectrometry - Small Molecules,Metabolomics,Metabolomics Platform,Molecular Imaging,Untargeted Mass Spectrometry",The W.M. Keck Metabolomics Research Laboratory focuses on GC-MS and LC-MS based non-targeted (total) and custom targeted metabolomic studies as well as high resolution MALDI-MS imaging.
Scientific Instrument Services,RRID:SCR_023917,Jackson Laboratory,Bar Harbor,ME,United States of America,https://www.jax.org/research-and-faculty/resources/scientific-research-services,"3D Printing,Automated Liquid Handling,Cold Storage,Electronic Design,Electronic Medical Device Prototyping,Electronics & Fabrication Shop,Electronics Repair,Fabrication,Glass Washing/Autoclaving,Machining,Protocol Development,Shared Instrumentation Oversight & Maintenance","Scientific Instrument Services provides technical support functions including the repair and maintenance of lab equipment; custom design and fabrication of new fixtures and devices using CAD, 3-D printing, and traditional machining; protocol development and performance optimization of a wide variety of automated liquid handlers deployed in many of our institutions core services."
JMU-Light Microscopy and Imaging Facility,RRID:SCR_021904,James Madison University,Harrisonburg,VA,United States of America,https://www.jmu.edu/microscopy/index.shtml,"Cell Sorting,Confocal Microscope With FCS/FLIM Capabilities ,Consultation,Fluorescence Microscope With Optical Sectioning Capability,Microscopy,Widefield Microscopy",Light microscopy and flow cytometry core facility
Genetic Resources Core Facility,RRID:SCR_018669,Johns Hopkins University,Baltimore,MD,United States of America,http://grcf.jhmi.edu,"10x Genomics,Assay Development,Assays and Measurements,BioBanking,Biorepository,Bioshipping,Bisulfite Conversion,Blood Processing,Capillary Electrophoresis,CDNA Synthesis,Cell Culture,Cell Line Authentication,Cell Lines For SARS-CoV-2 Research,Central Laboratory Supply,ChIP-Seq,Clinical Trial Support,Consultations,Copy Number Variation (CNV),Digital PCR,DNA Analysis,DNA Isolation,FFPE Na Isolation,FFPE Restore,Gene Expression Arrays,Genomics,Genotyping,Genotyping-by-sequencing,High Content Screening,Imputation,Long Read Sequencing,Methylation Analysis,Micro RNA Profiling,Microarray,Microbiome,Molecular Library Services,Mycoplasma Detection,Nanopore Sequencing,Non - Human Genotyping,Nucleic Acid Extraction,oligo synthesis,ONT Sequencing,OpenArray,PCR Arrays,Pyrosequencing,Real-time qPCR,Repository,RNA analysis,RNA Integrity,RNA Isolation,RNAseq,Sample Preparation,Sequencing - Capillary Sequencing,Sequencing - DNA Sequencing,Sequencing - Next Generation Sequencing (NGS),Sequencing - Pyrosequencing,Single-cell S","The Genetic Resources Core Facility (GRCF)
 
 A Part of the Johns Hopkins community for more than 30 years 
 
 A JHU service center which encompasses the Core Store, BioBank & Cell Center, and DNA Services. Collectively, these groups produce a number of products and services to aid researchers in performing studies in molecular biology and genetics.
 
 JHU BioBank & Cell Center
 
 Facilitates CAP-accredited clinical and basic scientific research by providing expertise and service in blood and biomaterial processing, mammalian cell culture, single-cell genomics, cryogenic storage, and..."
Johns Hopkins Transgenic Mouse Core,RRID:SCR_017809,Johns Hopkins University,Baltimore,MD,United States of America,http://www.hopkinsmedicine.org/core/home.htm,Transgenics,"Services include: 
 
 DNA microinjection
 
 CRISPR targeting
 
 Sperm and Embryo Cryo
 
 IVF"
The Synthesis & Sequencing Facility,RRID:SCR_017908,Johns Hopkins University,Baltimore,MD,United States of America,http://biolchem.bs.jhmi.edu/tssf/,"HPLC,oligo synthesis,Peptide Synthesis,Sequencing - Capillary Sequencing,Sequencing - DNA Sequencing","Full service CORE that provides Peptide Synthesis & Purification, Sanger Sequencing, and Oligonucleotide Synthesis & Purification"
Live Cell Imaging core facility,RRID:SCR_023198,Karolinska Institutet,Huddinge,,Sweden,https://ki.se/en/research/the-live-cell-imaging-core-facility,"3D & 4D Image Processing Stations,3D Visualization,Bioimage Informatics,Cell Imaging,Confocal Microscopy,Confocal/ Super Resolution Microscope,Fluorescence Microscope With Optical Sectioning Capability,Image Aquisition,Image Data Management,Image Processing And Analysis,Immunofluorescence ,In-vivo Imaging,Laser Capture Microdissection,Light-sheet Microscopy,Live Cell Imaging,Microscopy,Molecular Imaging,Multiplex Fluorescence,Optical Imaging,Scanning 20X Brightfield,Scanning 20X Flourescent,Scanning 20X Fluorescent,Scanning 40X Brightfield,Scanning 40X Fluorescent,Single-molecule Imaging,Spinning Disk Confocal Imaging,Stereomicroscopy,Super-resolution Microscopy,TIRF Microscopy,Whole Plant Imaging,Whole Slide Imaging,Widefield Microscopy",The Live Cell Imaging core facility at the Karolinska Institute offers high end light microscopy equipment and expertise. We have also a strong education profile and run a yearly doctoral course as well as Train- the- trainer courses.
Research Core Facility,RRID:SCR_024775,Louisiana State University Health Sciences Center Shreveport,Shreveport,LA,United States,https://research.lsuhs.edu/cores/research-core-facilities,"10x Genomics,Cell Sorting,Confocal/ Super Resolution Microscope,Flow Cytometry,High Performance Computing,Mass Spectrometry,Metabolic Cages,Real-time qPCR,RNA Integrity,Sequencing - Next Generation Sequencing (NGS),Transmission Electron Microscopy","The Research Core Facility (RCF) at Louisiana State University Health Sciences Center at Shreveport provides investigators, post-doctoral fellows, and graduate and undergraduate students with access to a wide variety of research services, educational and training opportunities, and state-of-the-art technologies. Each technology is staffed by a trained research specialist. These technologies include cellular metabolism, flow cytometry, high-performance computing, mass spectrometry, fluorescence, confocal, and super resolution confocal microscopy, next generation sequencing, real-time PCR,..."
Loyola Flow Cytometry Core,RRID:SCR_025109,Loyola University Chicago,Maywood,IL,United States,https://www.luc.edu/stritch/cancerbiology/corefacilities/,"Analysis Workstations,Blood Cell Count,Cell Imaging,Cell Sorting,Consultations,Data Analysis,FACS Cell Sorting,Flow Cytometric Analysis,Flow Cytometry,Flow Cytometry Data Analysis,Image Processing And Analysis,Imaging Flow Cytometry,Imaging Flow Cytomtry,Live Cell Imaging,Multi-color Flow Cytometry,RNA Flow Cytometry,Spectral Flow Cytometry","Flow Cytometry Core Facility supporting the Loyola Health Sciences Campus research community and nearby laboratories. Conventional, full-spectrum, and cell sorting flow cytometry services available."
Loyola Genomics Facility,RRID:SCR_017857,Loyola University Chicago,Maywood,IL,United States of America,http://ssom.luc.edu/genomics/,"Computational - Bioinformatics,Data Analysis,DNA Analysis,Genomics,Genotyping,Library Services,Nucleic Acid Extraction,RNA analysis,RNA Integrity,Sequencing - DNA Sequencing,Sequencing - Next Generation Sequencing (NGS)","The Loyola Genomics Facility currently provides next-generation sequencing capabilities using the Illumina MiSeq. We are available to guide your next project through all the necessary steps including experimental design, quality control analysis, library preparation, and data analysis."
Network Biology Collaborative Centre Advanced Imaging,RRID:SCR_025389,Lunenfeld-Tanenbaum Research Institute,Toronto,ON,Canada,https://nbcc.lunenfeld.ca/facilities/high-res-imaging,"Bioluminsecence Imaging,Brightfield Microscopy,Cell Imaging,Confocal Microscopy,Confocal/ Super Resolution Microscope,Differential Interference Contrast Microscopy,Fluorescence Lifetime Imaging,Live Cell Imaging,Microscopy,Optical Imaging,Phase Contrast Microscopy,Spinning Disk Confocal Imaging,Super-resolution Microscopy,TIRF Microscopy,Widefield Microscopy","The advanced imaging facility of the Network Biology Collaborative Centre (NBCC) covers all microscopy needs from your everyday workhorse to super-resolution. Directed by Laurence Pelletier, the facility is affiliated with the Nikon Centre of Excellence at the Lunenfeld-Tanenbaum Research Institute where users have access to the newest technologies in advanced microscopy.
 
 Our full-service offerings include consultation on experimental design, advice on appropriate systems, training and support for assisted and unassisted use, as well as help with data analysis and image generation for..."
Network Biology Collaborative Centre Flow Cytometry,RRID:SCR_025384,Lunenfeld-Tanenbaum Research Institute,Toronto,ON,Canada,https://nbcc.lunenfeld.ca,"Flow Cytometric Analysis,Flow Cytometry,Flow Cytometry Data Analysis,Imaging Flow Cytometry,Multi-color Flow Cytometry","The flow cytometry facility of the Network Biology Collaborative Centre (NBCC) provides an extensive variety of state-of-the-art flow cytometry analyzers and cell sorters, with a specialty in image-based flow cytometry and cell sorting.
 
 Our full-service offerings include access to a full suite of analyzers and cell sorters, unassisted and full-service cell sorting. comprehensive training on theory and on instruments, consultation on experiment design, protocol development, data analysis, manuscript preparation and grant submission.
 
 Applications include: 
 - image-based analysis..."
Network Biology Collaborative Centre High-Content Screening,RRID:SCR_025391,Lunenfeld-Tanenbaum Research Institute,Toronto,ON,Canada,https://nbcc.lunenfeld.ca/facilities/high-content-screening,"Cell Imaging,High-content Screening,Image Aquisition,Image Processing And Analysis,Live Cell Imaging","The high-content screening facility of the Network Biology Collaborative Centre provides fast, reliable and high-content optical imaging and analysis of fixed and live cells: more data, more measurements for quicker discoveries.
 
 Our full-service offerings include assistance with selecting the appropriate imaging platform, developing customized imaging assays, training in imaging and data analysis and assistance with image/data preparation for presentations and publications.
 
 Applications:
 Multi-plate based imaging applications including:
 High-resolution cell characterization and..."
Network Biology Collaborative Centre High-Throughput Screening,RRID:SCR_025390,Lunenfeld-Tanenbaum Research Institute,Toronto,ON,United States of America,https://nbcc.lunenfeld.ca/facilities/high-throughput-screening,"Assay Development,Drug Discovery,ELISA,High Content Screening,Inhibitor Screening,OLINK Proteomics,SiRNA Screening (human, Genome Wide),SiRNA Screening (mouse, Genome Wide),Small Molecule Compound Screening","The high-throughput screening facility of the Network Biology Collaborative Centre (NBCC) provides cutting-edge instrumentation and in-depth expertise for the automation of laboratory processes. Directed by Dr. Jeff Wrana, the facility has 2 automated screening platforms and accessory equipment to enable flexible and scalable in vitro and in vivo assays (including organoids).
 
 Our full-service offerings include access to chemical and genome-wide siRNA libraries, assay development and implementation, and data analysis.
 
 Applications include:
 drug discovery and lead validation
..."
Network Biology Collaborative Centre Next-Generation Sequencing,RRID:SCR_025385,Lunenfeld-Tanenbaum Research Institute,Toronto,ON,Canada,https://nbcc.lunenfeld.ca,"10x Genomics,ATAC-Seq,ChIP-Seq,CRISPR,Genomics,Long Read Amplicon Sequencing,Long Read Sequencing,Metatranscriptomics,RNAseq,SARS-CoV-2 Strain Sequencing,Sequencing - DNA Sequencing,Sequencing - Next Generation Sequencing (NGS),Single-cell Sequencing,Spatial Transcriptomics,Targeted Amplicon Sequencing,Whole Exome Sequencing,Whole Genome Sequencing","The next-generation sequencing facility of the Network Biology Collaborative Centre (NBCC) provides both short and long read sequencing capabilities for the analysis of gene function and expression. Directed by Dr. Jeff Wrana, this facility specializes in functional genomics and single cell biology.
 
 Our full-service offerings include consultation, sample preparation (especially for spatial and single cell applications), quality control, sequencing analysis, bioinformatics support, and assistance with grant and publication writing related to the services we offer.
 
 Applications..."
Network Biology Collaborative Centre Proteomics,RRID:SCR_025375,Lunenfeld-Tanenbaum Research Institute,Toronto,ON,Canada,nbcc.lunenfeld.ca,"Assay Development,Mass Spectrometry - Proteins And Peptides,Proteomics,Proteomics Analysis,Proximity-Dependent Biotinylation,Quantitative Phosphoproteomics,Quantitative Proteomics - TMT,Sample Preparation","The proteomics facility of the Network Biology Collaborative Centre (NBCC) provides mass-spectrometry based identification and quantification of proteins and is open to all users. Directed by Dr. Anne-Claude Gingras, the facility specializes in functional proteomics with a focus on protein proximity and protein interaction mapping. 
 
 Our full-service offerings include access to reagents (plasmids), sample preparation, mass spectrometry, and data analysis.
 
 Applications include: 
 proximity-dependent biotinylation mapping to identify neighboring proteins in cells 
 protein-protein..."
Proteomics and Lipidomics Core,RRID:SCR_017730,Maine Medical Center Research Institute,Scarborough,ME,United States of America,https://mhir.org/?page_id=22574,"Mass Spectrometry,Metabolomics Platform,Protein Extraction/Purification,Proteomics","Mass spectrometry using hybrid quadrupole TOF (Sciex 5600 TripleTOF) and triplequadrupole (Sciex 4000QTRAP) instruments. LC-MS proteomics, including data-dependent analysis for protein identification, and data-independent analysis (e.g., SWATH) proteomics for identification and quantitation. 
 Lipidomic workflows using PAL-RSI for direct infusion and MSMS/All quanrirative workflows for identification of thousands of molecular species."
MU Genomics Core Facility,RRID:SCR_018885,Marshall University,Huntington,WV,United States of America,https://jcesom.marshall.edu/research/office-of-research-and-graduate-education/core-facilities/genomics/,"10x Genomics,Computational - Bioinformatics,Computational - Biostatistics,Data Analysis,Genomics,Library Services,Real-time qPCR,RNA analysis,RNA Integrity,Sequencing - Next Generation Sequencing (NGS),Single-cell Sequencing","The MU Genomics Core Facility provides Next Generation Sequencing (NGS) services to investigators at universities, and in government and industry. The Genomics Core is equipped with an Illumina NextSeq 2000 sequencer with the capability to perform whole genome sequencing, whole exome sequencing, transcriptome expression profiling (RNA-Seq) and microbiome studies. The NextSeq2000 can generate 400 million paired end reads/run or 800 million total reads/run. In a 2 x100 paired end run, ~40 Gigabases can be sequenced. We have experience in RNA-Seq expression profiling, whole exome variant..."
MGH CCIB DNA Core,RRID:SCR_025307,Massachusetts General Hospital,Cambridge,MA,United States of America,https://dnacore.mgh.harvard.edu,"Computational - Bioinformatics,Data Analysis,DNA Analysis,Genomics,Genotyping,oligo synthesis,Sequencing - Capillary Sequencing,Sequencing - DNA Sequencing,Sequencing - Next Generation Sequencing (NGS)","The MGH CCIB DNA Core, founded in 1995, is a non-profit research core laboratory within the Center for Computational and Integrative Biology at Massachusetts General Hospital (Boston). It has a 25+ year track record of increasing research efficiency with trusted high-quality, cutting edge research services at competitive rates and of providing access to state-of-the-art instrumentation, methodologies and expertise."
MGH NGS Core,RRID:SCR_026362,Massachusetts General Hospital,Boston,MA,United States,https://nextgen.mgh.harvard.edu/Pricing.html,"Computational - Bioinformatics,Sequencing - Next Generation Sequencing (NGS),Single-cell Sequencing","MGH NGS Core offers sequencing, upstream library construction (bulk RNA/DNA, single-cell), and post-sequencing analysis. 
 As of 2025 the core uses Illumina NextSeq 2000 sequencers (and a MiSeq). Single-cell (fresh, frozen, FFPE) libraries (3' & 5' RNA-Seq, CITE-Seq, ATAC-Seq, Multiome, FLEX) are made with 10X Chromium X."
Koch Institute at MIT,RRID:SCR_019177,Massachusetts Institute of Technology,Cambridge,MA,United States of America,https://ki.mit.edu/sbc/histology,"Histology,Immunohistochemistry,Whole Slide Imaging",The Histology Core at KI-MIT processes a large variety of large and small animal tissues for paraffin/frozen sectioning and IHC. We also work up a large variety of samples with drug delivery devices and soft tissue constructs.
Koch Institute Flow Cytometry Core Facility,RRID:SCR_017892,Massachusetts Institute of Technology,Cambridge,MA,United States of America,http://web.mit.edu/flowcytometry/www/,"Cell Sorting,Flow Cytometric Analysis","This Core Facility provides MIT and Boston area researchers with technical expertise, training and access to sophisticated instrumentation, enabling and supporting the use of a wide range of flow cytometry techniques. This technology allows simultaneous multiparametric analysis of many thousands of cells per second, enabling trained researchers to rapidly analyze complex cell populations using benchtop analysis flow cytometers. High-speed assisted cell sorting services provide researchers with fast, objective and quantitative recording of fluorescent signals from individual cells combined..."
MIT BioMicro Center,RRID:SCR_026413,Massachusetts Institute of Technology,Cambridge,MA,United States of America,http://biomicro.mit.edu,"10x Genomics,16S Amplicon Sequencing ,Automated Liquid Handling,AVITI Sequencing,Bioinformatics,Computational - Bioinformatics,Copy Number Variation (CNV),Data Analysis,Data Processing And Interpretation,DNA Analysis,Genomics,Library Services,Microbiome,oligo synthesis,Real-time qPCR,RNA analysis,RNA Integrity,Sequencing - DNA Sequencing,Sequencing - Next Generation Sequencing (NGS),Single-cell Sequencing","The BioMicro Center is an integrated genomics/bioinformatics facility located at MIT. The core supports sample isolation, library preparation, short and long read sequencing, single cell and spatial analysis, bioinformatics, and data management."
MIT Nanowell Cytometry Core,RRID:SCR_017895,Massachusetts Institute of Technology,Cambridge,MA,United States of America,https://ki.mit.edu/sbc/nanowell,"Microarray Scanning,Single Cell Imaging,Single Cell RNA Sequencing","Nanowell Cytometry platform is a shared resource housed in the Flow Cytometry Core that provides researchers access to single cell analysis technologies developed in the Love and Shalek Laboratories at the Koch Institute.
 
 Seq-Well is a portable, low-cost platform for massively-parallel single-cell RNA-Seq. Barcoded mRNA capture beads and single cells are sealed in an array of subnanoliter wells using a semi-permeable membrane, enabling efficient cell lysis and transcript capture.
 
 Additionally, the Core offers access to the following tools that enable single cell imaging and..."
MIT-Preclinical Imaging and Testing Facility,RRID:SCR_026699,Massachusetts Institute of Technology,Cambridge,,,https://preclinical-imaging.mit.edu,"Bioluminsecence Imaging,Clinical Imaging - Small Animal (luminescence/fluorescence),Clinical Imaging - Small Animal (X-ray, Ultrasound, MicroCAT, MRI),Gamma Counting,Image Analysis,Image Processing And Analysis,In Vivo Drug Evaluation,Machine Learning,Magnetic Resonance Imaging (MRI),MicroCT,Positron Emission Tomography (PET),Radioligant Therapy / Nuclear Theranostics","Preclinical I&T’s mission is to assist the biomedical research community in evaluating disease and therapy within a complete biological system in-vivo. To do so, we focus on the use of minimally invasive and humane tools, with a strong focus in visualization and computation. Pharmacokinetic, pharmacodynamic, toxicity and dosing estimations can be performed with a variety of Preclinical I&T’s multi-modal services and technologies such as:
  
 Digital imaging study design
 Execution of pilot studies and preclinical trials
 Optical Imaging: Fluorescence and Bioluminescence
 Positron Emission..."
Stem Cell and Transgenics Facility,RRID:SCR_017899,Massachusetts Institute of Technology,Cambridge,MA,United States of America,https://ki.mit.edu/sbc/escell,"Animal Husbandry,Assisted Reproductive Technologies (Rodent IVF, ICSI),Cell Culture,Embryo Cryopreservation & Recovery Services,Genotyping,Stem Cell Procurement,Tissue Culture,Transgenics","This shared resource of the MIT Koch Institute provides fee-for-service support to investigators who utilize cultured stem cells such as organoids or novel mouse models to study human diseases. 
 
 We provide a customizable set of service options to match the specific needs of each project, including consultative advice and troubleshooting, complete tissue culture and microinjection servces within our dedicated facilities or hands-on training to enable investigators to perform these experiments either at their own laboratory or within our facilities."
The Barbara K. Ostrom (1978) Bioinformatics & Computing Facility,RRID:SCR_017894,Massachusetts Institute of Technology,Cambridge,MA,United States of America,https://ki.mit.edu/sbc/bioinformatics,Computational - Bioinformatics,"The Barbara K. Ostrom (1978) Bioinformatics & Computing Facility is a shared institutional resource providing KI investigators with support, assistance and training in a wide range of bioinformatics topics. The core also maintains a high performance computing resource offering many bioinformatics applications, substantial processing power and secure storage and provides support for desktop computing and poster printing. Access is available to all members of the MIT community, to the extent permitted by available capacity. In recognition of funding support, priority access is given to..."
MPI AGE_FACS & Imaging Core Facility,RRID:SCR_021354,Max Planck Institute for Biology of Ageing,Cologne,,Germany,https://www.age.mpg.de/facs-imaging,"3D Visualization,Analysis Workstations,Bioimage Informatics,Cell Imaging,Cell Sorting,Data Analysis,FACS Cell Sorting,Flow Cytometric Analysis,Image Processing And Analysis,Immunohistochemistry,Light-sheet Microscopy,Live Cell Imaging,Multi-color Flow Cytometry,Single-Cell Analysis,Super-resolution Microscopy,Tissue Culture","The FACS & Imaging Core Facility at the Max Planck Institute for Biology of Ageing in Cologne. Germany provides well-maintained state-of-the-art cytometers and cell sorters, light microscopes, and histology equipment.
 
 Core Facility staff provide training for all users. The facility is accessible to all research groups at the Max Planck Institute for Biology of Ageing. External users may be granted access on an individual basis."
MPI-CBG Light Microscopy Facility,RRID:SCR_023307,Max Planck Institute of Molecular Cell Biology and Genetics,Dresden,,Germany,https://www.mpi-cbg.de/research/scientific-cores-support/scientific-services/light-microscopy/services,"3D Visualization,Cell Imaging,Confocal Microscope With FCS/FLIM Capabilities ,Confocal Microscopy,Confocal/ Super Resolution Microscope,Correlative Light Electron Microscopy,Cryo Light Microscopy,Deconvolution,Fluorescence Lifetime,Fluorescence Microscope With Optical Sectioning Capability,Image Aquisition,In-vivo Imaging,Light-sheet Microscopy,Live Cell Imaging,Microscopy,Molecular Imaging,Multiphoton Microscopy,Multiphoton/ Harmonic Generation Microscope,Multiplex Fluorescence,Optical Imaging,Outreach,Photomanipulation,Quantitative Phase Imaging,Single-molecule Imaging,Spinning Disk Confocal Imaging,Stereomicroscopy,Super-resolution Microscopy,TIRF Microscopy,Training,Widefield Microscopy","The mission of the MPI-CBG Light Microscopy Facility (MPI-CBG LMF) is to provide 24/7 access to state-of-the-art light microscopy techniques and instruments as well as to follow future trends. We assist through consultation, training, and project collaborations.
 
 The LMF advises users during design and execution of their imaging projects. We provide support with selecting the most suitable imaging techniques, microscope systems, and setting up imaging experiments.
 
 We offer our expertise in imaging techniques, such as
 
  Spinning disk confocal microscopy
  Laser scanning confocal..."
Technology Development Studio,RRID:SCR_017842,Max Planck Institute of Molecular Cell Biology and Genetics,Dresden,,Germany,https://www.mpi-cbg.de/research/scientific-cores-support/scientific-services/technology-development-studio-tds/services,"Cell Culture,Cell Imaging,Computational - Biostatistics,Confocal Microscopy,Data Analysis,Microscopy","The TDS offers high content screening services to both academia and industry. This involves developing assays, optimizing reagents, miniaturisation, performing the screen and validating hits.
 Biological systems screened include cell lines (in 2D and 3D), primary cells, stem cells, worms and zebra fish. 
 All data are analyzed using open source software (CellProfiler and KNIME) and the pipelines are shared with the clients for their input and feedback. Courses are also offered how to use the software packages. 
 The facility does not retain any IP, but charges for the full cost of the..."
Antibody Hybridoma Core,RRID:SCR_027544,Mayo Clinic,Rochester,MN,,https://www.mayo.edu/research/core-resources/antibody-hybridoma-core/overview,"Cloning,Human Antibody Production,Human Antibody Purification,In-vitro Protein Production,Monoclonal Antibody,Protein Purification,Recombinant Protein Production",This core can generate custom monoclonal antibodies in mouse and hamster systems. We can also produce large amounts of antibodies (of all species) and recombinant proteins in-vitro. Purification is also available for various systems.
Cytometry and Cell Imaging,RRID:SCR_027312,Mayo Clinic,Jacksonville,FL,,https://www.mayo.edu/research/core-resources/cytometry-cell-imaging-core/overview,"Advanced Microscopy Applications: Confocal, Super Resolution, Slide Scanning, Microdisection, Lightsheet, STEM And FIB Microscopy,Cell Sorting,CyTOF,Flow Cytometry,Flow Cytometry Training ,Slide Scanning","The Cytometry and Cell Imaging Core on Mayo Clinic's campus in Jacksonville, Florida, provides researchers with access to state-of-the-art equipment in three main pipelines:
 
 Cell and tissue imaging resources, including microscopes and a slide scanner.
 Flow cytometry, including analytical flow cytometry and cell sorting.
 Mass cytometry (CyTOF).
 The Cytometry and Cell Imaging Core supports discovery science by providing instrument training, help with experimental design and technical support. The core specializes in antibody-based techniques.
 
 The core's expertise is available to..."
Immune Monitoring Core,RRID:SCR_022724,Mayo Clinic,Rochester,MN,United States,https://www.mayo.edu/research/core-resources/immune-monitoring-core/overview,"Akoya PhenoCycler Fusion,Analysis Workstations,CyTOF,Data Analysis And Interpretation,FACS Cell Sorting,Flow Cytometry Data Analysis,Imaging Mass Cytomety,Immune Monitoring,Immunoassay,Mass Cytometry,Multiplexed Immunofluorescence,Phenotyping,Sample Preparation,Single-Cell Analysis,Slide Scanning,Spatial / Single Cell Data Analysis,Whole Slide Imaging","The Immune Monitoring Core at Mayo Clinic provides services to Mayo Clinic researchers seeking to study immunological phenomena. Services include:
 
 Designing assays to identify and quantify immune cell subpopulations
 Characterizing and measuring immune function
 Monitoring immunological changes in response to both specific and nonspecific stimulation
 Mass Cytometry (CyTOF, Helios)
 Imaging Mass Cytometry (IMC, Hyperion)
 Multiplex Immunofluorescence (Akoya Phenocycler-Fusion)
 
 The core supports experimental systems to study human and mouse models by providing expertise and..."
Stem Cell and Organoid Core - Mayo Clinic,RRID:SCR_026558,Mayo Clinic,Rochester,,United States,https://www.mayo.edu/research/core-resources/stem-cell-organoid-core/overview,"IPSC Pluripotency Assessment ,Bank Of Reprogrammed IPSCs,Customized IPSC State Optimization,Flow Cytometry,G-band Karyotyping Of IPSC Lines,IPS Cell Reprogramming,IPSC,Mycoplasma Testing ,PBMC Isolation From Whole Blood With Expansion And Biobanking,Real-time QPCR,Scanning 20X Flourescent,Skin Fibroblast Isolation And Expansion With Biobanking,Skin Fibroblasts Derived From Dermal Skin Punch,Skin Punch Biopsy,Stem Cells,Trilineage Potential Assessment","The Stem Cell and Organoid Core currently provides researchers with access to high-quality human induced-pluripotent stem cell (iPSC) production, expansion, validation, and quality control services, while strictly adhering to approved protocols, ensuring high-quality standards and consistency throughout the process."
Structural Biology Core,RRID:SCR_027490,Mayo Clinic,Rochester,MN,United States,https://www.mayo.edu/research/core-resources/structural-biology-core/overview,"Data Storage And Transfer,Instrument Access,Project Consultation,Support For CryoEM Data Collection At Mayo Clinic And The Hormel Institute.,Support For CryoEM Sample Optimization And Grid Preparation,Support For Data Processing And Analysis.,Training For Grid Preparation, Grid Screening, Data Collection, And Data Processing","The Structural Biology Core was established to offer advanced instrumentation and support for the structural characterization of biological macromolecules to investigators at Mayo Clinic and its partner institutions.
 The Structural Biology Core currently supports cryogenic sample electron microscopy (cryoEM), along with associated services such as training, data collection, processing, analysis, and data storage. Future services will include nuclear magnetic resonance (NMR) spectroscopy and X-ray crystallography.
 
 CryoEM, the Core houses a Thermo Fisher Scientific 200 kV Glacios 2..."
Targeted Biomarker Core (TBC) - Mayo Clinic,RRID:SCR_017867,Mayo Clinic,Rochester,MN,United States of America,https://www.mayo.edu/research/core-resources/targeted-biomarker-core/overview,"Assay Development,Assays and Measurements,Biochemical Analysis,Chemistry Analyzer,Data Analysis,ELISA,HPLC,HRAM Mass Spectrometry,Immunoassay,Mass Spectrometry,Radioimmunoassay,Tissue Extraction","Targeted Biomarker Core is a specialized facility that provides immunochemical, chemistry and immune testing at an affordable cost to clinical and basic science researchers, develops and validates new assays, and improves current assay methodology. 
 
 Services include:
 •Extensive test menu (see facility website)
 •Assay development
 •Automated chemistry analysis
 •Immunoassay analysis
 •Small molecule analysis
 •Mass Spectrometry, LC-MS/MS and HRAM LC-MS, both high-flow and nano-flow
 •Enzyme-linked immunosorbent assays (ELISA), Meso Scale Discovery (MSD), Luminex, and radioimmunoassay..."
Medical Genome Facility,RRID:SCR_024632,Mayo Clinic in Florida,Rochester,MN,United States of America,http://mayoresearch.mayo.edu/center-for-individualized-medicine/medical-genome-facility.cfm,"BioBanking,Copy Number Variation (CNV),Cytogenetics,DNA Analysis,Genomics,Genotyping,Immunohistochemistry,In Situ Hybridization,Laser Capture Microdissection,Mass Spectrometry,Microarray,Nucleic Acid Extraction,Protein Extraction/Purification,Proteomics,Real-time qPCR,RNA analysis,RNA Integrity,Sequencing - DNA Sequencing,Sequencing - Next Generation Sequencing (NGS),Sequencing - Protein Sequencing,Sequencing - Pyrosequencing","In the Center for Individualized Medicine, the Medical Genome Facility is a two-part infrastructure program led by Eric D. Wieben, Ph.D., that supports the generation, collection and interpretation of genomic and proteomic data toward a goal of creating better ways to diagnose, predict and treat disease.
 
 A decade ago, Mayo Clinic saw the emerging potential of genomics technologies and launched the Advanced Genomics Technology Center, a collection of several core laboratories that provide comprehensive genomics-related shared services.
 
 With the creation of the Center for..."
OHRI-Flow Cytometry & Cell Sorting Facility,RRID:SCR_023349,Mayo Clinic in Florida,Ottawa,ON,Canada,https://www.ohri.ca/FlowCytometry/Overview.aspx,"Cell Sorting,FACS Cell Sorting,Flow Cytometric Analysis,Flow Cytometry Data Analysis,RNA Flow Cytometry","The Ottawa Hospital Research Institute Flow Cytometry Facility, located at the General Campus of the Ottawa Hospital, was established in 1998 and includes one flow cytometer, one spectral cytometer and two cell sorting instruments. We offer high parametric flow cytometry capabilities and sorting precision required for the isolation of rare cell populations with high purity and yield. The facility also provides high level training in critical aspects related to flow cytometric techniques, such as sample preparation, panel design, antibody titration and advanced flow cytometry software..."
StemCore Laboratories,RRID:SCR_012601,Mayo Clinic in Florida,Ottawa,ON,Canada,http://www.ohri.ca/stemcore/Default.aspx,"10x Genomics,Cell Sorting,Flow Cytometric Analysis,Genomics,Genotyping,Library Services,Real-time qPCR,RNA analysis,RNA Integrity,Sequencing - Capillary Sequencing,Sequencing - DNA Sequencing,Sequencing - Next Generation Sequencing (NGS),Sequencing - Protein Sequencing,Single-cell Sequencing,Spatial Profiling,Tissue Culture,Western Blot","StemCore Laboratories is a high-throughput genomics facility within the Ottawa Hospital Research Institute (OHRI), and is a core facility of the University of Ottawa. StemCore Laboratories is developing a world-class infrastructure for genomics, bioinformatics, and proteomics, and is capable of facilitating large-scale scientific research and biotechnology projects. Stemcore Laboratories seeks out projects that are challenging, cutting-edge, extend the boundaries of biological knowledge, and will positively impact the state of human health."
Advanced BioImaging Facility (ABIF),RRID:SCR_017697,McGill University,Montreal,QC,Canada,http://www.mcgill.ca/abif,"Cell Imaging,Confocal Microscopy,Data Analysis,Microscopy,Multiphoton Microscopy,Optical Imaging,Outreach","The McGill University Life Sciences Complex Advanced BioImaging Facility (ABIF) offers more than a dozen state-of-the-art light microscopy platforms. With tremendous expertise our in-depth training and expert advice will accelerate any light microscopy research project. Comprehensive consultations, sample preparation advice, ongoing support, image processing, image analysis and preparation of data for publication all contribute to using researchers time effectively, generating high quality quantitative data and elevating research projects to the next level. The facility has expertise in..."
McGill Integrated Core for Animal Modeling,RRID:SCR_027541,McGill University,Montreal,QC,Canada,https://www.goodmancancer.ca/en/mcgill-integrated-core-for-animal-modeling-micam,"Assisted Reproductive Technologies (Rodent IVF, ICSI),CRISPR Injection Services,CRISPR Rosa26 & CRISPR H11,CRISPR/Cas Project Design,Embryo Cryopreservation & Recovery Services,Fresh/Frozen Sperm IVF,Genotyping,Long Read Sequencing Utilizing Oxford Nanopore’s MinION Platform,Project Consultation,Sanger Sequencing ,Sperm Cryopreservation,Transgenics","Animal models of human disease are an invaluable research resource in the medical research community. In operation since the early 1990s, the McGill Integrated Core for Animal Modeling (MICAM) provides state-of-the-art services in the creation of animal models to the local research community and clients across Canada."
McGill-Primary Airway Cell Biobank,RRID:SCR_020998,McGill University,Montreal,QC,Canada,https://mcgill.ca/cftrc/platforms/primary-airway-cell-biobank-pacb,"BioBanking,Cell Culture,Electrophysiology Services,Tissue Culture","First of its kind in Canada, PACB is a non-for-profit facility providing researchers worldwide with standardized, high-quality primary airway cells from normal and a large variety of airway diseased donors. 
 
 
 Highly differentiated primary epithelial cells are essential for studies of airway physiology/pathophysiology, cell biology, inflammation, mucosal immunity, and for translational research to develop new therapeutics. While cell lines are not representative of genetic variation and fail to differentiate into the various cell types found in vivo such as ciliated and goblet cells...."
Gene Editing and Mouse Models Assessment Core Facility within the Center for Integrated Biomedical and Rural Health Research,RRID:SCR_027045,McLaughlin Research Institute,Great Falls,MT,,https://www.mclaughlinresearch.org/gemma-core-2,"Behavioral Phenotyping,Colony Management,Genotyping,Magnetic Resonance Imaging (MRI),Transgenics","GEMMA Core offers transgenic and genotyping services, phenotyping, behavioral and motor assessments (including but not limited to Barnes maze, Y-maze, rotarod, DigiGait, open field, novel object, Von Frey mechanical sensitivity, socialization), magnetic resonance imaging (Scintica M3 small animal MRI), mouse colony management services, and specialized mouse compound administration (including stereotaxic intracerebral ventricular injections) and dissection services (including blood collection, CSF collection, and specific brain region dissections). Consultation and training is also available."
"MRI-Transgenic Facility, Gene Editing and Mouse Models Assessment Core",RRID:SCR_023108,McLaughlin Research Institute,Great Falls,MT,United States,https://www.mclaughlinresearch.org/gemma-core-2,"Assisted Reproductive Technologies (Rodent IVF, ICSI),CRISPR Injection Services,CRISPR/Cas Project Design,Embryo Cryopreservation & Recovery Services,ES Cell Injection,Fresh/Frozen Sperm IVF,Transgenics","This facility provides services necessary for investigators to create, rederive or cryopreserve mouse models. 
 
 Specific services offered include: CRISPR/Cas9-mediated gene editing (experimental design service and/or consulting also provided); pronuclear Injection; ES Cell Injection; In Vitro Fertilization; rederivation of mouse lines to specific pathogen free status; embryo and sperm cryopreservation and recovery."
Analytical Redox Biology Core,RRID:SCR_017955,Medical University of South Carolina,Charleston,SC,United States of America,https://education.musc.edu/colleges/medicine/departments/pharmacology/redox-center/cores/analytical-redox-biology-core,Biochemical Analysis,"Understanding the complexities of redox mediated signaling events requires a multidisciplinary approach. The SC COBRE in Oxidants, Redox Balance and Stress Signalling has assembled a cohort of promising junior faculty with expertise in relevant biomedical model systems. Analytical biochemistry specific to the detection and quantification of redox sensitive molecules and coordinate protein changes that drive homeostasis is a unique niche fulfilled by the Analytical Redox Biology Core (ARBC).
 
 The primary objective of the Core is to provide comprehensive analytical redox biochemistry..."
Bioenergetics Profiling Core,RRID:SCR_017953,Medical University of South Carolina,Charleston,SC,United States of America,https://education.musc.edu/colleges/medicine/departments/pharmacology/redox-center/cores/bioenergetics-profiling-core,Metabolomics,"Cellular redox species are produced directly or indirectly via bioenergetic metabolic reactions. Although the leak of electrons is often cited as the primary source of superoxide and hydroxy radicals, the leak is only a small contributor to the many different species involved in cellular redox reactions. Indeed, the fundamental basis of bioenergetics involves the oxidation (loss of electrons) of reduced nutrients and subsequent production of metabolites with a range of redox potentials (i.e., nicotinamides, reduced/oxidized metalloproteins, and thiol-containing species with varied redox..."
Cell and Molecular Imaging Core,RRID:SCR_017954,Medical University of South Carolina,Charleston,SC,United States of America,https://education.musc.edu/colleges/medicine/departments/pharmacology/redox-center/cores/cell-and-molecular-imaging-core,"Cell Imaging,Molecular Imaging",Cell and Molecular Imaging (CMI) Core D provides COBRE investigators access and assistance for high end laser scanning confocal/multiphoton/super-resolution microscopy and related imaging techniques. Core D houses five confocal/multiphoton systems: 1) a state-of-the-art Zeiss LSM 880 NLO Quasar confocal/multiphoton microscope with a Fast Airyscan super-resolution detector; 2) an Olympus FV1200 silicone oil optics multiphoton microscope configured especially for intravital imaging; 3) an Olympus FV10i LIV confocal microscope with water immersion optics for live cell imaging; 4) a Zeiss LSM...
MUSC Gnotobiotic Animal Core,RRID:SCR_018884,Medical University of South Carolina,Charleston,SC,United States of America,https://dentistry.musc.edu/research/gcohr,"Animal Husbandry,Consultations,Customized Protocols,Defined-flora Mice,Germfree Mice,Gnotobiotic Mice,Microbiological Culturing,Microbiome,Provide Germfree Mice,Rederivation,Veterinary Services","The Medical University of South Carolina (MUSC) Gnotobiotic Animal Core offers investigators a unique opportunity to assess the impact of host microbiome interactions on human health and disease. The Core provides the physical and intellectual resources associated with the generation, care, and use of germ-free, defined microbiota, and conventionalized mice. Core services are available to scientists at academic institutions, biotechnology companies, and large pharmaceutical corporations.
 
 As a cost center, all services provided by the MUSC Gnotobiotic Animal Core are on a fee-for-service..."
Proteomics Core,RRID:SCR_017959,Medical University of South Carolina,Charleston,SC,United States of America,http://cores.musc.edu/Core/MS,"Glycoproteomics,Mass Spectrometry,Phosphoproteomics,Proteomics,Sequencing - Protein Sequencing","The goal of the SC COBRE in Oxidants, Redox Balance and Signaling Proteomics Core is to provide state-of-the-art LC-MS/MS instrumentation, expertise, and training for comprehensive proteomic analyses to advance the research endeavors of investigators with interests in redox signaling. Dedicated core personnel assist with experimental design, method development, data acquisition, and computational analysis for protein characterization, interactions, and quantitative proteomic applications using metabolic labeling (SILAC), isobaric tandem mass tagging (TMT), and label free quantitation..."
Antibody & Bioresource Core Facility,RRID:SCR_017691,Memorial Sloan Kettering Cancer Center,New York City,NY,United States of America,https://www.mskcc.org/research/ski/core-facilities/monoclonal-antibody-core-facility,"BioBanking,Cell Culture,Cell Fusion,ELISA,Immunization,Monoclonal Antibody,Tissue Culture","The Antibody and Bioresource Core Facility supports researchers at both Memorial Sloan-Kettering Cancer Center and The Rockefeller University by making it easier for them to:
 
 
 1.) Develop new monoclonal antibodies that meet their experimental needs through any combination of these services:
 
 ... Consultation
 ... Immunization of mice, rats and Armenian hamsters 
 ... Electrofusion (B cell immortalization / generation of 10,000's of hybridoma)
 ... Isolation of IgG secreting hybridomas, which is 1 - 20% of the hybridomas, for screening to enable a greater number of hybridomas are..."
Investigational Products Support Core Facility,RRID:SCR_017853,Memorial Sloan Kettering Cancer Center,New York,NY,United States of America,https://www.mskcc.org/research-advantage/core-facilities/investigational-products,"Data Analysis,Protocol Development/Clinical Trial Coordination","We are a team of product development professionals who help institutions and their investigators comply with FDA regulations in the development and manufacturing of investigational products (drugs, biologics, devices) for human clinical trials. Our main work areas are:
 - writing quality system documents (e.g., SOPs, Master Batch Records)
 - writing IND and IDE applications
 - GMP and GLP training programs
 - project management for product development
 - planning non-clinical studies and placing studies at a CRO
 - planning manufacturing and testing programs
 - monitoring work at CROs and..."
Molecular Cytogenetics Core Facility,RRID:SCR_017850,Memorial Sloan Kettering Cancer Center,New York,NY,United States of America,http://www.mskcc.org/research/molecular-cytogenetics,"Cell Culture,Cytogenetics,F.I.S.H.,Outreach,Tissue Culture","A wide range of chromosome analysis techniques are available ranging from basic G-banded karyotyping to FISH -based assays. 
  
 We do not handle routine clinical diagnostic samples."
MSKCC-FCCF,RRID:SCR_021105,Memorial Sloan Kettering Cancer Center,New York,NY,United States of America,https://fccf.mskcc.org/,"Cell Sorting,Flow Cytometric Analysis,High Dimensional Flow Cytometry Analysis,Spectral Flow Cytometry","The aim of the Flow Cytometry Core Facility at MSKCC is to provide advanced instrumentation as well as high-level technical and scientific expertise in multi-dimensional Flow Cytometry and Cell Sorting, to facilitate science, improve the quality, and advance the scope of MSK research."
Center for Bioinformatics and Functional Genomics,RRID:SCR_026415,Miami University,Oxford,OH,United States of America,http://www.cas.miamioh.edu/cbfg/,"Bioinformatics Analysis,DNA Analysis,Genome/Transcriptome Assembly And Annotation","The Center for Bioinformatics and Functional Genomics (CBFG) has a full time staff scientist; Dr. Andor Kiss who serves as its Director as well as handling the day-to-day oversight, long-term planning, securing grant funding (intramural and extramural), as well as new protocol development, training new users, performs on-demand sample analysis, routine maintenance of equipment and accounting related to the CBFG. The CBFG main wet laboratory is housed in a 232 m2 suite that serves as an undergraduate, graduate, post-doctoral and principal investigator ‘hands-on’ full service training..."
MSU Bioinformatics Core,RRID:SCR_026706,Michigan State University,East Lansing,MI,United States,https://bioinformatics.msu.edu,"Bioinformatics Analysis,Bioinformatics Grant Proposal Support,Bioinformatics Project Planning,Bioinformatics Training","The MSU Bioinformatics Core brings together expertise from across MSU to support research through advanced omics data analysis, grant proposal assistance, and tailored training for researchers at all career stages."
Molecular Genomics Core Facility,RRID:SCR_012333,Moffitt Cancer Center,Tampa,FL,United States of America,https://moffitt.org/research-science/shared-resources/molecular-genomics/,"10x Genomics,ATAC,ATAC-Seq,ChIP-Seq,CITE-seq,Copy Number Variation (CNV),Custom Library Prep Service,DNA Analysis,FFPE Restore,Gene Expression Arrays,Genomics,Genotyping,Genotyping-by-sequencing,Metagenomics Analysis,Microarray,Microbiome,Nanostring,Nanostring NCounter,RNA analysis,RNA Integrity,RNAseq,Sequencing - DNA Sequencing,Sequencing - Next Generation Sequencing (NGS),Single-Cell Analysis,Single-cell Sequencing,Whole Exome Sequencing,Whole Genome Sequencing","The Molecular Genomics Core Facility at Moffitt Cancer Center in Tampa, FL offers services to assess gene expression, epigenetic modification and sequence variation. We perform bulk and single-cell RNA and DNA sequencing on the Illumina platform, NanoString nCounter, GeneChip and Illumina array services. 
 
 Please contact us to discuss your project. If it is something we can help you with, we can quickly provide a quote and a timeline for your project."
Montana State University - Animal Resources Center,RRID:SCR_026351,Montana State University,Bozeman,MT,,https://www.montana.edu/animalresources/,"BSL 1 And 2 Procedure Rooms,Lab Animal Care,Lab Animal Housing","The Animal Resources Center (ARC) is an AAALAC approved animal research facility, providing researchers with the opportunity to study a diverse number of animal species. ARC maintains animal housing rooms, observation rooms, and procedure rooms at BSL 1 and 2 containment levels. The ARC is supported by certified veterinarians and animal care technicians who provide technical support and veterinary care."
Montana State University - CBE Bioimaging and Analytical Core,RRID:SCR_026519,Montana State University,Bozeman,MT,United States,https://biofilmlab.org/,"Confocal Microscopy,Digital Light Sheet Microscopy,Fluid Imaging,Gel Chromatography,Image Analysis,Optical Coherence Tomography,Raman Spectroscopy,Sequencing - Next Generation Sequencing (NGS),Spectrophotometry,Widefield Imaging","The Bioimaging and Analytical Core Labs offer cutting edge imaging and analysis of intact biofilms for academia and industry at the heart of the Center for Biofilm Engineering at Montana State University. Our imaging technology allows us to capture with ultimate precision the position, interactions, activity, and identification of microbes in real-time from intact samples. With our broad range of analytical capabilities, we can determine how microbes are interacting and altering their environmental conditions. We provide one-on-one training, method development, proposal writing,..."
Montana State University - Cellular Analysis Core,RRID:SCR_026328,Montana State University,Bozeman,MT,,https://www.montana.edu/mbi/facilities/cellular-analysis-core/index.html,"Flow Cytometry,Histology,Single Cell RNA Sequencing","The Cellular Analysis Core (CAC) provides access to functional, up-to-date equipment for flow cytometric analysis and cell sorting, histological samples preparation, and single cell RNA sequencing which is essential for all researchers in immunology, infectious disease, and cell biology and is highly useful for scientists in other related fields."
Montana State University - Cryo-EM Core Facility,RRID:SCR_026324,Montana State University,Bozeman,MT,United States,https://www.montana.edu/cryo-electron-microscopy/,"Cryo-Electron Microscopy,Cryo-Electron Tomography,Single Particle Analysis,Structural Biology","The Cryo-EM core facility at MSU is a regional facility that brings state of the art cryo-EM capabilities, including single particle analysis and cryo-electron tomography, to the Northern Rocky Mountains. Instrumentation includes a 200 kV Talos Arctica with a Gatan K3 camera, 120 kV Tecnai Spirit, and a Vitrobot Mark IV. Collectively, these instruments allow imaging of biological structures at single nanometer to sub-nanometer resolutions, and thus enable 3D modeling of cells, viruses, proteins, nucleic acid, and other soft matter at the atomic level."
Montana State University - Geospatial Core Facility,RRID:SCR_026332,Montana State University,Bozeman,MT,,https://www.montana.edu/geospatial/what-we-do/index.html,"Acoustic Doppler Profiles,Advanced Mapping And Geospatial Analysis,Cartography And Data Visualization","Our equipment and team support the entire workflow of all things geo-spatial from primary data collection using a suite of different sensors and platforms to sophisticated analysis that includes:
 
 Advanced mapping and geo-spatial analysis that leverage Uncrewed Aerial Vehicle (UAV) or drone-based sensors that use LiDAR, hyperspectral, thermal, orthoimagery, & Structure from Motion
 High precision mapping and analysis using GPS and GNSS
 Acoustic Doppler Profiles of rivers, reservoirs, and lakes
 Data visualization and cartography
 Remote sensing using active and passive sensors
..."
Montana State University - Imaging and Chemical Analysis Laboratory,RRID:SCR_026325,Montana State University,Bozeman,MT,,https://physics.montana.edu/ical/,"Atomic Force Spectroscopy,Bioprobe Development,Laser Activated Atom Migration,Microbial Adhesion,Nano-elasticity,Nano-lithography,Nanoscale Imaging,Surface Functionalization,Surface, Interfacial, And Bulk Characterization Of Materials Via High-resolution Imaging And Spectroscopy","ICAL is a user-oriented facility that supports basic and applied research and education in all science, engineering, and STEM disciplines. The laboratory specializes in complementary surface, interfacial, and bulk characterization of materials via high-resolution imaging and spectroscopy. The lab promotes interdisciplinary collaboration between research, educational, and industrial fields."
Montana State University - Mass Spectrometry Facility,RRID:SCR_012482,Montana State University,Bozeman,MT,United States,https://www.montana.edu/massspec/,"Assays and Measurements,Biochemical Analysis,Computational - Bioinformatics,Data Analysis,Gel Chromatography,Genomics,Graphic Services,Mass Spectrometry,Microarray,Protein Extraction/Purification,Proteomics,SDS-PAGE,Sequencing - Protein Sequencing","The Montana State Mass Spectrometry (MSMS) Facility provides instrumentation and methods for MS based research at MSU, external academics, and industry. The facility houses seven mass spectrometers that enable mass analysis of a range of analytes; e.g. volatiles and semi-volatiles, biomolecules, environmental contaminants, and elements. 
 
 Common applications performed include untargeted metabolomics and lipidomics, small molecule quantitation, and elemental compositional confirmation. 
 
 The facility has the following mass spectrometers: 
 -Waters Synapt-XS Q-IMS-TOF with Waters I-Class..."
Montana State University - Montana Microfabrication Facility,RRID:SCR_026333,Montana State University,Bozeman,MT,,https://mmf.montana.edu/,"Biological Fabrication,Metrology,Microfluidics,Nano-lithography,Thermal Processing,Thin Film Deposition,Wet And Dry Etching","The MMF is a micro and nanofabrication facility that offers a range of processing and packaging capabilities including lithography, wet and dry etching, thin film deposition, dicing, wire bonding, metrology, and inspection."
Montana State University - Nuclear Magnetic Resonance Facility,RRID:SCR_026334,Montana State University,Bozeman,MT,,https://www.montana.edu/nmrcorefacility/,"Biomolecular/Protein Structure Determination,Qualitative And Quantitative NMR Analysis,Small Molecule Characterization,Small Molecule Purification,Small Molecule Structure Determination","The NMR facility is located on the first floor of the Chemistry and Biochemistry building in room 18on the MSU campus in Bozeman, MT. The facility provides both on-campus and off-campus industry/start-up researchers in the biological, chemical and physical sciences 24/7 open-access availability to state-of-the-art solution NMR spectroscopy instrumentation, training and sample preparation resources.The facility can be accessed individually or as a full service center. The NMR Facility has a total space of ~2,500 sq ft. divided among 3 rooms fully constructed with considerations for cooling,..."
Montana State University - Research Cyberinfrastructure,RRID:SCR_026229,Montana State University,Bozeman,MT,United States,https://www.montana.edu/uit/rci/,"Consulting,Data Storage And Transfer,High Performance Computing","The Montana State University Research Cyberinfrastructure Core Facility (RCI) provides centralized support, systems, and services for IT specific to research. Systems and services include the areas of high-performance computing (HPC), virtual machine hosting, large scale storage, and high-performance networking and data transfer. In addition to support for these services, RCI provides MSU researchers with consulting on technology budgets and implementation for grants and support for IT components of major research instrumentation, software, and specialized or unique research technology needs."
Montana State University - Social Data Collection and Analysis Services,RRID:SCR_026326,Montana State University,Bozeman,MT,,https://www.montana.edu/socialdata/,"Data Collection,Data Presentation,Data Processing And Cleaning,Human Subject Surveying,Research Design,Statistical Analysis",Social Data Collection and Analysis Services (Social Data) is a facility at Montana State University that enables the collection of high-quality data for researchers employing a variety of social and behavioral methods. This facility provides tools necessary for researchers to study interactions between human systems and other complex phenomena like public health and ecosystems.
MDIBL- LMF,RRID:SCR_019166,Mount Desert Island Biological Laboratory,Salisbury Cove,ME,United States of America,https://lmf.mdibl.org/,"Analysis Workstations,Cell Imaging,Confocal Microscopy,Consultations,Data Processing And Interpretation,Image Processing And Analysis,In-vivo Imaging,Microscopy,Multiphoton Microscopy,Optical Imaging,Super-resolution Microscopy,Whole Slide Imaging","The mission of the MDIBL Light Microscopy Facility (LMF) is to provide professional scientific expertise in light microscopy. Our microscopes are available 24/7 to scientists at MDIBL and the Maine INBRE network and their collaborators, as well to summer students and visiting scientists to help them answer their research questions. 
 
  We offer access to cutting-edge hardware and software as well as expert guidance at any step of imaging project, from experimental design to image analysis, to provide the best service possible for our users.
 
 LMF MDIBL comprises eight microscope systems...."
MRC PPU Reagents and Services,RRID:SCR_023283,MRC Protein Phosphorylation and Ubiquitylation Unit,Dundee,,United Kingdom,https://mrcppureagents.dundee.ac.uk/,"Access To Clones,Antibody Characterization,Antibody Development,Antibody Production,Assay Development,Assays and Measurements,Automated Liquid Handling,Biochemical Analysis,CDNA Synthesis,Cloning,CRISPR,CRISPR/Cas Project Design,Dub Profiling,Inhibitor Screening,Kinase Screening,Protein Extraction/Purification,Reagents,Repository,Sequencing - DNA Sequencing","As one of the world's leading centres focused on cell signalling pathways, we provide access to the very same reagents and services used by MRC PPU investigators to accelerate research worldwide."
Confocal and Electron Microscopy Core,RRID:SCR_026943,National Institute on Drug Abuse,Baltimore,MD,United States,https://irp.nida.nih.gov/organization/core-facilities/electron-microscopy/,"Confocal Microscopy,Correlative Light Electron Microscopy,Electron Microscopy","The NIDA IRP Confocal and Electron Microscopy Core (CEMC) serves NIDA-IRP researchers by providing access to confocal and electron microscopic technologies to characterize cellular and ultrastructural properties of organelles, tissue culture and brain tissue. Towards this end, the CEMC has established three goals:
 
 Goal 1. Increase access to confocal and electron microscopic techniques to NIDA-IRP researchers.
 
 Goal 2. Develop and adapt emerging confocal and electron microscopic techniques for NIDA-IRP researchers.
 
 Goal 3. Provide consultations and training to NIDA-IRP researchers..."
Histology and Imaging Core,RRID:SCR_026946,National Institute on Drug Abuse,Baltimore,MD,United States,https://irp.nida.nih.gov/organization/core-facilities/histology/,"Cryostat Histology,Data Analysis,Immunohistochemistry","The NIDA-IRP Histology and Imaging Core (HIC) serves NIDA-IRP researchers by providing access to existing and emerging neuroanatomical technologies to map and characterize neuronal circuits. Towards this end, the HIC has established three goals:
 
 Goal 1. Increase access to existing and emerging neuroanatomical techniques to NIDA-IRP researchers.
 
 Goal 2. Develop and adopt emerging neuroanatomical techniques for the use of NIDA-IRP researchers.
 
 Goal 3. Provide consultations and training to NIDA-IRP researchers in the adaptation and execution of neuroanatomical techniques and procedures."
NIDA-Genetic Engineering and Viral Vector Core,RRID:SCR_022969,National Institute on Drug Abuse,Baltimore,MD,United States,https://irp.drugabuse.gov/organization/core-facilities/genetic-engineering/,"Cell Culture,Cloning,Consultation,CRISPR,Digital PCR,DNA Isolation,Viral Vectors","Mission: 
 The Genetic Engineering and Viral Vector Core (GEVVC) provides support to NIDA-IRP researchers by facilitating studies of brain function under physiological and pathological conditions through developing and producing genetic tools capable of modulating and monitoring the molecules, cells and circuits in the nervous system.
 
 Services:
 The NIDA GEVVC provides services in three main categories: 1) the custom design and/or production of viral vectors/nanoparticles, 2) in vitro molecular and cell biology services, 3) consultation and training."
Biomedical Genomics Core,RRID:SCR_017840,Nationwide Children's Hospital,Columbus,OH,United States of America,www.nationwidechildrens.org/genomics,"Computational - Application Development,Computational - Bioinformatics,DNA Analysis,Genomics,Microarray,Real-time qPCR,RNA analysis,RNA Integrity,Sequencing - DNA Sequencing,Sequencing - Next Generation Sequencing (NGS)","The Biomedical Genomics Core (BGC) is a nationally recognized provider of expertise in multiple aspects of genomics data generation and analysis. The services include consultation and assistance with experimental design, quality control of starting material (DNA or RNA), microarray and next-generation sequencing data generation, bioinformatics, statistical analysis and interpretation. The core is comprised of three units:
 
  BGC Microarray Unit: In 2009, the BGC Microarray Unit was awarded with â€œCertified Service Providerâ€_x009d_ status by Agilent Technologies, the first academic..."
Nemours Biobank and Molecular Analysis Program,RRID:SCR_018265,Nemours Children's Health System,Wilmington,DE,United States of America,https://my.ilabsolutions.com/account/signup/299?sc_id=3122,"Capillary Electrophoresis,Cell Line Authentication,Copy Number Variation (CNV),Data Analysis,DNA Analysis,Droplet Digital PCR,Genomics,Genotyping,Microarray,Nucleic Acid Extraction,Outreach,PCR Arrays,Pharmacogenomic ,Protocol Development/Clinical Trial Coordination,Real-time qPCR,RNA analysis,RNA Integrity,Sample Preparation,Sequencing - Capillary Sequencing,Sequencing - DNA Sequencing,Shared Instrumentation Oversight & Maintenance","Statement of purpose: A resource for the staff of the Nemours Children‘s Health, affiliates, COBRE / INBRE investigators and outside organizations, the Biobank & Molecular Analysis Program (merger of the Nemours Biobank, Biomolecular Core Lab and Pediatric Genomic Laboratory) is a centralized, state-of-the-art facility that offers expertise in biorepository collections, as well as molecular genetics and genomics. The service lab operates according to the policies set forth by the College of 
 American Pathologists (CAP) accreditation to provide high data integrity and to maintain..."
NeuraCell,RRID:SCR_017821,Neural Stem Cell Institute,Rensselaer,NY,United States of America,http://neuralsci.org/neuracell,"Assays and Measurements,BioBanking,Cell Culture,Cell Imaging,Cell Sorting,Central Laboratory Supply,Confocal Microscopy,DNA Analysis,Flow Cytometric Analysis,Media Preparation,Microarray,Microscopy,PCR Arrays,Real-time qPCR,Stem Cell Procurement,Surgical Services,Tissue Culture,Western Blot","NeuraCell is a core facility that makes neural stem cell (NSC) research practical for those wishing to join the field. Our group has over 20 years of experience working with these cells and can now provide you with NSCs, iPS cells, RPE cells and everything you need to grow them. In addition to cells and media, we also provide a range of molecular, cytometry, microscopy and confocal microscopy services. We also provide a consult based characterization service where we can assess how your products or reagents affect stem cell performance and behavior. We are not just limited to stem cells..."
Advanced Light Microscopy & Image Analysis Core,RRID:SCR_021104,New York State Department of Health,Albany,NY,United States of America,https://www.wadsworth.org/research/cores/alm,"Assays and Measurements,Cell Culture,Cell Imaging,Confocal Microscopy,Data Analysis,Electronics & Fabrication Shop,Histology,Immunohistochemistry,Microscopy,Multiphoton Microscopy,Optical Imaging,Outreach,Tissue Culture","Adherent cells or tissue fragments can be imaged in a variety of methods depending on the question being asked. If drug delivery is required, a perfusion style chamber is used; if gas exchange for the growth media is needed glass bottom Petri dishes can be used; if long term (> 3 days) sterility is needed, there are sealed Rose chambers for imaging. Regardless of what the experimental design, the specimen can be maintained from RT to 50 ÂºC. Non-destructive image modes i.e. phase contrast, differential interference contrast or polarized light coupled with shutter and filtered illumination..."
Center for Biospecimen Research & Development,RRID:SCR_017930,New York University School of Medicine,New York,NY,United States of America,https://med.nyu.edu/research/scientific-cores-shared-resources/center-biospecimen-research-development,"Microarray,Nucleic Acid Extraction","NYU School of Medicineâ€™s Center for Biospecimen Research and Development was launched as a partnership between the Office of Science and Research and the Department of Pathology. Our centerâ€™s mission is to drive scientific discovery through the use of human specimens. We help our investigators facilitate translational research, match human specimen resources to scientific needs, foster multi-investigator collaborative projects, and catalyze scientific innovation.
 
 Our center is also focused on increasing clinical trial support for investigator-initiated trials, improving researcher..."
Cytometry and Cell Sorting Laboratory,RRID:SCR_019179,New York University School of Medicine,New York,NY,United States of America,https://med.nyu.edu/research/scientific-cores-shared-resources/cytometry-cell-sorting-laboratory,"Cell Sorting,Flow Cytometric Analysis","Researchers partnering with NYU Langone™'s Cytometry and Cell Sorting Laboratory have access to the most powerful and adaptable flow cytometry and cell sorting technologies and instruments available. If your research requires cytometric analysis, our state-of-the-art instruments acquire optical measurements using different lasers to detect fluorophores with a high level of precision."
Experimental Pathology Laboratory (ExpPath),RRID:SCR_017928,New York University School of Medicine,New York,NY,United States of America,https://med.nyu.edu/research/scientific-cores-shared-resources/experimental-pathology-research-laboratory,"Histology,Image Processing And Analysis,Immunohistochemistry","Core provides services, access to instruments, and training to facilitate production of animal tissue samples for morphological and molecular analyses. Supports multiplex immunofluorescence staining, RNA in situ hybridization (ISH), and imaging analysis. \nServices include tissue preparation, processing, and sectioning, as well as histochemistry and immunohistochemistry of fresh, frozen, and fixed animal tissues, can optimize and validate commercial or proprietary antibodies for chromogenic or fluorescence-based immunohistochemistry including seven-color multiplexing.Provides access to..."
Genome Technology Center,RRID:SCR_017929,New York University School of Medicine,New York,NY,United States of America,https://med.nyu.edu/research/scientific-cores-shared-resources/genome-technology-center,"DNA Analysis,Genomics,Microarray,Sequencing - DNA Sequencing,Sequencing - Next Generation Sequencing (NGS)","NYULMC's Genome Technology Center provides an environment that facilitates crosstalk between researchers from different fields such as biology, chemistry and bioinformatics. The NYULMC Genome Technology Center provides access to highly specialized equipment and unique expertise, including:
 
 1. high-throughput genomic and computational methodologies, such as gene and microRNA expression profiling and functional genomics experiments (protein:chromatin DNA interactions)
 2. genome-wide array- and quantitative PCR-based expression profiling
 3. high-capacity chromatin structure studies..."
Genotyping Core Laboratory,RRID:SCR_017932,New York University School of Medicine,New York,NY,United States of America,https://med.nyu.edu/research/scientific-cores-shared-resources/genotyping-core-laboratory,Tissue Culture,"Researchers using complex genetically modified animal models recognize that genotyping is tedious and time-consuming, with no room for error. NYU Langoneâ€™s Genotyping Core Laboratory provides fast, accurate, convenient, and affordable genotyping technologies. We use conventional polymerase chain reaction (PCR) and gel electrophoresis methods. By pooling samples from a group of users, we can better ensure accuracy, cost-effectiveness, and quality control.
 
 Our team of professional technicians and scientists has years of genotyping and troubleshooting experience, averaging 1,500 tails..."
IonLab,RRID:SCR_021754,New York University School of Medicine,New York,NY,United States of America,https://med.nyu.edu/research/scientific-cores-shared-resources/ion-laboratory,"Cell Culture,Consultations,Data Analysis,Patch Clamp,Plate Reader","The Ion Laboratory, also known as the IonLab, is a new electrophysiology core facility that is part of the Ion Channels and Transporters in Immunity Research Program directed by Stefan Feske, MD, in NYU Langone’s Department of Pathology. The IonLab facilitates research in the area of ion channel and transporter function and ionic signaling in immune cells, but welcomes users who are studying other cell types or organ systems.
 
 Led by Director William A. Coetzee, DSc, the IonLab services are available to all investigators at NYU Langone, regardless of whether they have prior experience in..."
Microscopy Laboratory,RRID:SCR_017934,New York University School of Medicine,New York,NY,United States of America,https://med.nyu.edu/research/scientific-cores-shared-resources/microscopy-laboratory,"Cell Imaging,Confocal Microscopy,Consultations,Correlative Light Electron Microscopy,Data Analysis,Electron Microscopy,In-vivo Imaging,Multiphoton Microscopy,Serial Block Face (SBF),Serial Block Face (SBF) SEM","NYULH‘s is a comprehensive light and electron microscopy imaging facility dedicated to bringing state-of-the-art methods in contemporary imaging and digital analysis to biomedical scientists with all levels of expertise. The NYULH Microscopy Laboratory provides access to highly specialized equipment and unique expertise, including:
 
  1. Light microscopy technologies include high-throughput, transmitted-light, wide-field fluorescence, laser scanning confocal with spectral detection, TIRF, ratio FRET, FLIM, FCS, FRAP, multi-photon, lightsheet fluorescence microscopy and single molecule..."
NYU Center for Biospecimen Research and Development Histology,RRID:SCR_018304,New York University School of Medicine,New York,NY,United States of America,https://med.nyu.edu/research/scientific-cores-shared-resources/center-biospecimen-research-development,"BioBanking,Consultations,Histology,Immunohistochemistry,In Situ Hybridization,Microarray,Microscopy,Sample Preparation,Slide Scanning,Whole Slide Imaging","The mission of the Center for Biospecimen Research and Development (CBRD), Histology & Immunohistochemistry Laboratory is to assist researchers and clinicians with the molecular and morphologic characterization of normal and disease tissues of interest in support of biomarker discovery and translational research. The center operates a full suite histology laboratory that offers both routine and advanced histology immunohistochemistry, in situ and whole slide scanning services."
NYU Metabolomics Laboratory,RRID:SCR_017935,New York University School of Medicine,New York,NY,United States of America,https://med.nyu.edu/research/scientific-cores-shared-resources/metabolomics-laboratory,"Lipidomics,Mass Spectrometry,Metabolomics,Metabolomics Platform,Untargeted Mass Spectrometry","NYU Langoneâ€™s Metabolomics Laboratory offers custom metabolomics services to our investigators and the greater scientific community. We specialize in mass spectrometryâ€“based metabolomics, offering global (untargeted) and targeted methods for metabolite identification and quantification.
 
 Commonly assayed targets include glycolytic and tricarboxylic acid (TCA) cycle intermediates, amino acids, nucleotides, and lipids. Using a custom-targeted method, we can perform absolute or relative quantification, flux analysis, and biotransformation analysis. 
 
 Our untargeted platform enables..."
Precision Immunology Laboratory,RRID:SCR_017936,New York University School of Medicine,New York,NY,United States of America,https://med.nyu.edu/research/scientific-cores-shared-resources/precision-immunology-laboratory,"Cell Imaging,Cell Sorting,Data Analysis","The Precision Immunology Laboratory at NYU Langone studies immune cell phenotype and function, characterizes antitumor immune responses, determines mechanisms of immune escape and evasion, and develops biomarkers that predict patient outcomes or possible toxicities. Offers services for immune monitoring,provides expert knowledge that guides choice of technologies used for study, coordinates purchase, quality control, and use of reagents. Stand-alone services include high-quality cell processing and storage to support correlative studies. These services allow convenient batched analysis of..."
Preclinical Imaging Laboratory,RRID:SCR_017937,New York University School of Medicine,New York,NY,United States of America,https://med.nyu.edu/research/scientific-cores-shared-resources/preclinical-imaging-laboratory,"Clinical Imaging - Small Animal (X-ray, Ultrasound, microCAT, MRI),Data Analysis","NYU School of Medicine’s Preclinical Imaging Laboratory provides investigators with access to state-of-the-art imaging technologies and strategies to image live animals at the organ, tissue, cell, or molecular level. Our technologies are indispensable to researchers studying and monitoring disease in small living subjects. Built in partnership with the Department of Radiology, our newly renovated, 4,000 square foot facility opened in May 2016 and enables researchers to perform noninvasive and nonlethal three-dimensional imaging. The lab is equipped with powerful instruments for..."
Proteomics Laboratory,RRID:SCR_017926,New York University School of Medicine,New York,NY,United States of America,https://med.nyu.edu/research/scientific-cores-shared-resources/proteomics-laboratory,"Proteomics,Sequencing - Protein Sequencing",NYU School of Medicineâ€™s Proteomics Laboratory offers investigators specialized expertise for the analysis of proteins and peptides using mass spectrometry. Our laboratory continually develops new methods and customized approaches for proteomic analysis and suggests experimental strategies and sample preparation prior to mass spectrometry analysis.
NCSU Genomic Sciences Laboratory,RRID:SCR_026944,North Carolina State University,Raleigh,NC,,https://research.ncsu.edu/gsl/,"16S Amplicon Sequencing ,ABI3730XL Sanger Sequencing And Fragment Analysis,BluePippin Automated Size Selection,DNA Isolation,Illumina MiSeq Sequencing,Illumina NextSeq Sequencing,Illumina RNA/DNA NGS Library Construction,RNA Isolation,RNA/DNA Quality Control,Single Cell RNAseq","Established in 2000, the mission of the Genomic Sciences Laboratory (GSL) is to enable discovery in the biological sciences by providing researchers and students with the necessary cutting-edge equipment and infrastructure required to conduct advanced genomics research. The GSL operates as a solution center and provides NC State researchers, collaborators, and the broader scientific community with access to high-throughput DNA sequencing, traditional Sanger sequencing and genotyping, and additional equipment services for functional genomic assays and mapping. The GSL also provides..."
NCSU High Performance Computing,RRID:SCR_022168,North Carolina State University,Raleigh,NC,United States of America,https://hpc.ncsu.edu/main.php,"Consultation,Consultations,High Performance Computing","High Performance Computing Services, available through the NC State Office of Information Technology (OIT), provides entry and intermediate level computing resources and consulting support for research and instruction. The Hazel HPC Cluster at NC State consists of a set of 992 heterogeneous compute nodes, 4 log-in nodes, a dedicated LSF scheduler node, license servers, and storage servers."
NCSU-CVM Flow Cytometry and Cell Sorting Core Facility,RRID:SCR_026657,North Carolina State University,Raleigh,NC,,https://cvm.ncsu.edu/research/labs/flow-cytometry-and-cell-sorting/,"FACS Cell Sorting,Flow Cytometry,Flow Cytometry Data Analysis,Flow Cytometry Training ,Full Spectrum Flow Cytometry,Multi-color Flow Cytometry,Spectral Flow Cytometry","The Flow Cytometry and Cell Sorting (FCCS) Core Facility at the NC State University College of Veterinary Medicine provides provides flow cytometry services to the entire NC State University community as well as external partners in the area. Experienced staff members will help with experimental design, instrument training, sample acquisition, data analysis with software provided, and conventional/spectral cell sorting. Please do not hesitate in reaching out to us with any questions regarding the available resources and how we can support your work"
NU-Institute for Chemical Imaging of Living Systems,RRID:SCR_022681,Northeastern University,Boston,MA,United States,cils.northeastern.edu/facilities,"3D & 4D Image Processing Stations,3D Visualization,Cell Culture,Cell Imaging,Cell Sorting,Clinical Imaging - Small Animal (X-ray, Ultrasound, microCAT, MRI),Confocal Microscope With FCS/FLIM Capabilities ,Confocal Microscopy,Confocal/ Super Resolution Microscope,Consultation,FACS Cell Sorting,Fluorescence Microscope With Optical Sectioning Capability,Functional Magnetic Resonance Imaging (fMRI),Image Processing And Analysis,In-vivo Imaging,Light-sheet Microscopy,Live Cell Imaging,Magnetic Resonance Imaging (MRI),MicroScale Thermophoresis (MST),Microscopy,Multi-color Flow Cytometry,Multiphoton Microscopy,Multiphoton/ Harmonic Generation Microscope,Optical Imaging,Super-resolution Microscopy,Training,Ultrasonic Imaging,Widefield Microscopy","Institute for Chemical Imaging of Living Systems (CILS) at Northeastern includes the latest advanced imaging instruments on the market. CILS has three core facilities: Microscopy Core (confocal/multi-photon/lightsheet microscopes), Flow Cytometry Core (cell analyzer/sorter) and Preclinical Imaging Core (3T small animal MRI and ultrasound)."
Analytical BioNanoTechnology Equipment Core (ANTEC),RRID:SCR_023706,Northwestern University,Chicago,IL,United States of America,https://sqi.northwestern.edu/core-facilities/antec/,"2D & 3D Illustration,3D Printing","The Analytical bioNanoTechnology Equipment Core (ANTEC) houses research equipment for evaluating materials and biological preparations, and offers 3D printing and 3D scientific illustration services. The core serves Northwestern University researchers, visiting scientists, and local industry researchers."
Behavioral Phenotyping Core Facility,RRID:SCR_017765,Northwestern University,Chicago,IL,United States of America,bpc.facilities.northwestern.edu,Behavioral Phenotyping,"The Behavioral Phenotyping Core (BPC) helps investigators examine their mice and rats for changes in behavior. BPC‘s mission is to make available to funded research projects a facility to determine the behavioral effects of genetic manipulations, potential pharmaceuticals, aging, and other manipulations upon normal behavior, and the learning and memory capacities of rodents used as model systems. We can also work with PIs needing to gather pilot data. 
 Individuals wishing to use the BPC are encouraged to contact Dr. Craig Weiss during the design stage of the project. 
 The selection of..."
BioCryo Facility - part of NUANCE,RRID:SCR_021288,Northwestern University,Evanston,IL,United States of America,https://nuance.northwestern.edu/facilities/biocryo/index.html,"Cryo-Electron Microscopy,Electron Microscopy,Freeze Substitution,High-Pressure Freezing,Immuno Electron Microscopy,Microscopy,Microtomy/Electron,Negative Staining For TEM,Sample Preparation,Tissue Processing,Transmission Electron Microscopy","The integrated BioCryo Core Facility provides a comprehensive source for characterization of biological, soft matter, and hybrid samples with TEM (Transmission Electron Microscopy), SEM (Scanning Electron Microscopy), and STEM (Scanning Transmission Electron Microscopy) at cryogenic and at ambient temperature. We provide expertise and access to equipment for cryofixation and processing of frozen hydrated samples by high-pressure freezing and freeze substitution, plunge freezing, freeze fracturing/etching/coating, and cryo/ultramicrotomy. We also process samples at ambient temperature with..."
Biological Imaging Facility,RRID:SCR_017767,Northwestern University,Evanston,IL,United States of America,https://www.bif.northwestern.edu/,"Cell Imaging,Microscopy,Multiphoton Microscopy,Optical Imaging",The Biological Imaging Facility is a branch of the Chemistry for Life Processes Institute at Northwestern University and is closely associated with the Center for Advanced Molecular Imaging.
Center for Advanced Microscopy and Nikon Imaging Center,RRID:SCR_020996,Northwestern University,Chicago,IL,United States of America,https://www.feinberg.northwestern.edu/sites/cam/,"Atomic Force Spectroscopy,Cell Imaging,Confocal Microscopy,Data Analysis,Electron Microscopy,Immuno Electron Microscopy,In-vivo Imaging,Laser Capture Microdissection,Light-sheet Microscopy,Live Cell Imaging,Microscopy,Multiphoton Microscopy,Optical Imaging,Outreach,Transmission Electron Microscopy,Whole Slide Imaging","The Center for Advanced Microscopy (CAM) at Northwestern offers state-of-the art instrumentation and services for the study of biological processes at the whole animal, tissue, cellular and subcellular levels. The facility's basic services include electron microscopy, super resolution microscopy (SIM & STORM), fluorescent laser scanning and spinning disk microscopy, fluorescent lifetime imaging, automated high throughput tissue cytometry, atomic force microscopy, laser capture microdissection, mutliphoton imaging, and whole animal bioluminescent and fluorescent imaging. Additionally we..."
Center for Atom Probe Tomography - NUCAPT - part of MRSEC,RRID:SCR_017770,Northwestern University,Evanston,IL,United States of America,http://arc.nucapt.northwestern.edu,Atom Probe Tomography,Atom-probe tomography (APT) is a microanalytical method producing an atom-by-atom three-dimensional reconstruction of the sample studied with sub-nanometer resolution. NUCAPT operates a LEAP3000XSi (Imago Scientific Instruments). Voltage and laser assisted field-evaporation allow the analysis of a broad spectrum of materials. The typical analyzed volume is about 150x150x500 nm^3. APT is particularly suitable to study nano-structured materials. Specimen preparation of almost any material is possible by FIB.
Electron Probe Instrumentation Center - EPIC - part of NUANCE,RRID:SCR_026361,Northwestern University,Evanston,IL,United States of America,http://www.nuance.northwestern.edu/epic/index.asp,"Electron Microscopy,Microscopy","The Electron Probe Instrumentation Center (EPIC- NUANCE) offers a wide range of electron microscopy (both transmission and scanning), accessory instrumentation, and expertise to the scientific and engineering community through education, collaboration, and service. The laboratory provides facilities for the preparation and examination of many types of bulk and thin specimens (foils/films), fine particles, and replicas, including biological materials, by transmission and scanning electron microscopy."
Integrated Molecular Structure Education and Research Center,RRID:SCR_017874,Northwestern University,Evanston,IL,United States of America,http://imserc.facilities.northwestern.edu/,"Amino Acid Analysis,Assay Development,Assays and Measurements,Cell Imaging,Clinical Imaging - Small Animal (X-ray, Ultrasound, microCAT, MRI),Clinical Research Coordination/Scheduling,Clinical Trial Support,GC,Glycolipid Analysis,High-throughput Screening,HPLC,HRAM Mass Spectrometry,Lignin Analysis,Lipidomics,Mass Spectrometry,Metabolomics,Molecular Imaging,Nuclear Magnetic Resonance (NMR),Shared Instrumentation Oversight & Maintenance,Single Crystal X-ray Pattern Analysis,Small Molecule Compound Screening,Spectroscopy,Thermal Analysis,Untargeted Mass Spectrometry,X-Ray Crystallography,X-ray Diffraction and Scattering","The Integrated Molecular Structure Education and Research Center (IMSERC) facility performs a full range of chemical analyses. Such analyses include qualitative composition determination, quantitative analysis, and molecular structure determination. The most commonly used techniques are NMR spectroscopy, mass spectrometry, optical spectroscopy, trace metals analysis and single crystal X-Ray crystallography. For more information about this facility, click here."
Mary Beth Donnelley Clinical Pharmacology Core Facility,RRID:SCR_017768,Northwestern University,Chicago,IL,United States of America,http://www.feinberg.northwestern.edu/research/cores/units/clin-pharm.html,"Mass Spectrometry,Spectroscopy","The mission of the Mary Beth Donnelley Clinical Pharmacology Core Facility is to provide state-of-the-art clinical pharmacologic support to Northwestern University investigators as an integral part of bench-to-bedside drug development. The Clinical Pharmacology Core provides pharmacokinetic support for preclinical and clinical studies of cancer chemotherapeutic agents, analgesics, and other small molecules. Expertise includes optimizing the design, conduct, analysis, interpretation, and reportage of pharmacokinetic studies. Small molecule concentrations in plasma and other body fluids are..."
Mouse Histology and Phenotyping Laboratory,RRID:SCR_017870,Northwestern University,Chicago,IL,United States of America,https://www.feinberg.northwestern.edu/sites/mhpl/,"Antibody Titration For Immunohistochemistry Or Immunofluorescence,Antibody Validation For Immunohistochemistry Or Immunofluorescence,Antibody Work-up,Cryostat Sectioning,Cryostat Training,Developmental Biology & Genetics Consultation,DNAscope,Enzyme Histochemistry,FISH (Fluorescent In Situ Hybridization),Histology,Histology Stains,Immunofluorescence ,Immunohistochemistry,In Situ Hybridization,Lectin Staining,Multiplex Immunofluorescence,Paraffin Or Frozen Block Sectioning,Pathology Consultations,Pathology Evaluation,Pathology Scoring Of Slides,Processing Of Tissues, Cells, Or Organoids For Paraffin Histology,Protein-Nucleic Acid Co-Detections On Tissue Sections,Special Histology Stains,Tissue Clearing,Tissue Processing,TUNEL Staining,Vibratome Sectioning,Whole-Mount Immunofluorescence","The goal of the Mouse Histology & Phenotyping Laboratory (MHPL) at Northwestern University is to assist primary investigators and investigators with standard and customized research-specific histology and phenotyping services for their non-clinical research models. The laboratory provides comprehensive histology services for a wide variety of organs and tissues derived from different species of experimental animals (e.g., mouse, rat, pig, sheep, zebrafish) for routine histology, immunostainings and nucleic acid hybridization analysis. Pathology consultations can also be provided by MHPL to..."
Northwestern University Center for Advanced Molecular Imaging (CAMI),RRID:SCR_021192,Northwestern University,Evanston,IL,United States of America,http://cami.northwestern.edu,"Cell Culture,Clinical Imaging - Small Animal (X-ray, Ultrasound, microCAT, MRI),Consultations,Data Analysis,Data Processing And Interpretation,Image Processing And Analysis,In-vivo Imaging,Magnetic Resonance Imaging (MRI),MicroCT,Molecular Imaging,Optical Imaging,Outreach,Positron Emission Tomography (PET),Single Photon Emission Computed Tomography (SPECT),Tissue Culture","The Center for Advanced Molecular Imaging (CAMI) in Evanston, IL provides access to a range of preclinical imaging modalities and support services. These include MRI, nuclear imaging (PET, SPECT, and CT), in vivo bioluminescence and fluorescence imaging, animal housing and prep spaces, and tissue culture. Image analysis services are available, as are software packages (JIM, Amira, Matlab) and a workstation for users to perform their own data analysis. Imaging services can be provided for investigators' own animal models, or animal models can be supplied by the Developmental Therapeutics Core."
Northwestern University Jerome B. Cohen X-ray Diffraction Core Facility,RRID:SCR_017866,Northwestern University,Evanston,IL,United States,https://www.xray.facilities.northwestern.edu/,"EDS - Energy Dispersive X-ray Spectrometry,X-Ray Crystallography,X-ray Diffraction And Scattering","Core provides general purpose x-ray equipment for diffraction and fluorescence studies. Examples of current measurements are: powder diffraction, single-crystal diffraction, thin-film reflectivity, thin-film diffraction, crystal truncation rod scattering, small angle scattering, Laue diffraction, residual stress, pole figures, EDX-ray fluorescence, x-ray standing waves, high-resolution x-ray diffraction, and grazing incidence small angle scattering."
Northwestern University Single Cell Genomics Core Facility,RRID:SCR_026652,Northwestern University,Evanston,IL,United States,https://sites.northwestern.edu/singlecellgenomics/,"10X Genomics Single Cell,Bulk RNA Library Prep Services,Cell Sorting,Cryostat Training,Flow Cytometric Analysis,Flow Cytometry Training ,Low Input/Single Cell Library Prep Services,Nucleic Acid Extraction,Nucleic Acid Quantitation (TapeStation, Qubit),Protein Quantitation (Qubit),Real-time QPCR,Single Nucleus Dissociation (Frozen),Vizgen MERSCOPE",A Northwestern University core facility dedicated to supporting single cell and spatial biology experiments on the Evanston campus. Also the home of flow cytometry operations for the Evanston campus.
Pathology Core Facility,RRID:SCR_017769,Northwestern University,Chicago,IL,United States of America,http://cancer.northwestern.edu/research/shared-resources/pathology-core-facility.html,"Cytogenetics,Histology,Human Pathology Services - Diagnostics & Consultation,Immunohistochemistry,In Situ Hybridization,Microscopy,Nucleic Acid Extraction,Protein Extraction/Purification,Western Blot","The Pathology Core Facility (PCF) of Robert H. Lurie Comprehensive Cancer Center (RHLCCC) at Northwestern University is established in 1997. PCF is functionally divided into three divisions/units, including core lab, biorepository and clinical trials unit. Core lab includes all related tasks of routine histology, immunohistochemistry, molecular work, and digital pathology (all aspects of a research-based anatomic pathology laboratory including formalin fixation and paraffin embedding, automated and manual immunohistochemistry, tissue microarray design and construction, and automated whole..."
Quantitative Bioelemental Imaging Center - QBIC,RRID:SCR_017773,Northwestern University,Evanston,IL,United States of America,http://chemgroups.northwestern.edu/qbic/,"Cell Imaging,Confocal Microscopy,Mass Spectrometry,Microscopy,Molecular Imaging,Multiphoton Microscopy,Optical Imaging,Spectroscopy","Provides imaging and quantification instrumentation for analyzing metal quotas at scales ranging from subcellular level to entire ecosystems shaping global biogeochemical cycles. Instruments are capable of quantitatively imaging biologically essential elements in individual cells. Used for research in co-evolution of microbial and eukaryotic life within broad range of challenging chemical environments. Services including instrument training, sample preparation and analysis, experiment design, and grant proposal assistance."
Recombinant Protein Production Core,RRID:SCR_017872,Northwestern University,Evanston,IL,United States of America,http://rppc.mccormick.northwestern.edu/,"Assays and Measurements,Cell Culture,DNA Analysis,Gel Chromatography,Monoclonal Antibody,Nucleic Acid Extraction,Protein Extraction/Purification,SDS-PAGE,Shared Instrumentation Oversight & Maintenance,Western Blot","The Recombinant Protein Production Core (rPPC) provides quality controlled recombinant proteins for researchers within the Northwestern Community (WCAS, McCormick, Feinberg) and also serves academic and industry researchers outside of Northwestern University. rPPC operates based on the two service models: (1) aTraining model where Northwestern researchers use specialized bioreactor systems and participate in hands-on-training activities and (2) a Production model where staff carry out expression (mg to gm scale) and purification of recombinant or synthetic biologics, including potential..."
Scanned Probe Imaging Development Facility - SPID - part of NUANCE,RRID:SCR_026380,Northwestern University,Evanston,IL,United States,https://nuance.northwestern.edu/facilities/spid/index.html,"Atomic Force Spectroscopy,Cell Imaging,Microscopy,Optical Imaging,Ultrasonic Imaging","Our five facilities, EPIC, SPID, Keck-II, BioCryo, and NUFAB are committed to-
 *enhancing education & research by providing a prudent combination of state-of-the-art and core surface science analytical characterization instruments
 *assisting users by offering hands-on instrument skills training & up-to-date information on concepts, and to collaborate in classroom instruction and research activities
 *developing innovative research programs and cutting-edge techniques for atomic and nanoscale materials characterization"
Transgenic and Targeted Mutagenesis Laboratory,RRID:SCR_017772,Northwestern University,Chicago,IL,United States of America,http://www.cgm.northwestern.edu/cores/ttml/index.html,"Embryo Cryopreservation & Recovery Services,Genotyping,Stem Cell Procurement,Tissue Culture,Transgenics","The Transgenic and Targeted Mutagenesis Laboratory (TTML) is a shared resource that provides a broad range of services to NU investigators, including generation of transgenic mice, gene targeting of embryonic stem (ES) cells, ES cell microinjection into blastocysts, mouse germplasm cryopreservation, recovery of cryopreserved mouse lines, and rederivation of pathogen free mouse strains. For more information about this facility, click here."
Research Software Engineering Core,RRID:SCR_023022,NYU Langone Health,New York,NY,United States,https://nyumc.ilab.agilent.com/sc/5998/research_software_engineering_core,"Computational - Application Development,Data Visualization,Image Processing And Analysis,Pipeline Development,R Shiny App Development","The Research Software Engineering (RSE) Core is a resource launched by NYU Langone, based in the Information Technology department in close collaboration with the NYU Grossman School of Medicine. We design, develop, optimize, and customize software to accelerate research."
Rodent Genetic Engineering Laboratory,RRID:SCR_017925,NYU Langone Health,New York,NY,United States of America,https://med.nyu.edu/research/scientific-cores-shared-resources/rodent-genetic-engineering-laboratory,"Assisted Reproductive Technologies (Rodent IVF, ICSI),Cell Culture,Embryo Cryopreservation & Recovery Services,ES Cell Technology (Mouse),Sperm Cryopreservation,Transgenics","The Rodent Genetic Engineering Laboratory (RGEL) at NYU Langone Medical applies advanced molecular genetic techniques in rodent models. Experienced at generating novel mutant mouse strains by using gene targeting in embryonic stem cells (ESCs) and by developing novel methods of modifying rodent genomes and assaying genetically modified cells in vivo. Customizes technologies to meet individual project needs, including specialized expertise in use clustered regularly interspaced short palindromic repeats (CRISPR) and CRISPR-associated protein 9 (Cas9) systems and other approaches for direct..."
Human Antibody Core Facility,RRID:SCR_017795,Oklahoma Medical Research Foundation,Oklahoma City,OK,United States of America,http://omrf.org/research-faculty/core-facilities/human-antibody-core-facility/,Monoclonal Antibody,"The mission of the Human Antibody Core Facility at OMRF is to:
 
 â€¢Successfully collaborate with OMRF, OUHSC and external investigators to define temporal human immune responses after vaccination and to generate human monoclonal antibodies to supplement their research.
 â€¢Develop novel methods to produce human monoclonal antibodies after acute infection and other immune events.
 â€¢Investigate new technologies for the characterization of human monoclonal antibodies produced by the core.
 The Human Antibody Core Facility is one of the few laboratories in the world that produces..."
OMRF Clinical Genomics Center,RRID:SCR_025894,Oklahoma Medical Research Foundation,Oklahoma City,OK,United States of America,https://omrf.org/research-faculty/core-facilities/clinical-genomics-center/,"Genomics,Genotyping,Sequencing - DNA Sequencing,Sequencing - Next Generation Sequencing (NGS)",The Oklahoma Medical Research Foundation Clinical Genomics Center offers high-throughput sequencing and genotyping services utilizing cutting edge Illumina and Xoford Nanopore systems. Our services are available to all outside academic and corporate research entities.
Multiscale Microscopy Core,RRID:SCR_022652,Oregon Health & Science University,Portland,OR,United States,https://www.ohsu.edu/multiscale-microscopy-core,"Cryo-Electron Microscopy,Electron Microscopy,Focused Ion Beam (FIB),Freeze Substitution,High-Pressure Freezing,Immuno Electron Microscopy,Sample Preparation,Scanning Electron Microscopy,Transmission Electron Microscopy",The Multiscale Microscopy Core at OHSU is a state-of-the-art electron microscopy core that provides services and training to academic and corporate users.
OHSU DNA Services Core,RRID:SCR_012599,Oregon Health & Science University,Portland,OR,United States of America,https://www.ohsu.edu/dna-services-core,"Data Analysis,Genotyping,Sequencing - Capillary Sequencing,Sequencing - DNA Sequencing","DNA sequencing & fragment analysis is accomplished with our state-of-the-art, Applied Biosystems 3130xl, capillary fluorescence instrument. Several levels of service are available to match your needs and finances. We are happy to consult on your sequence assembly and analysis or other data processing, informatics, and database needs as well."
OHSU Integrated Genomics Laboratory,RRID:SCR_022651,Oregon Health & Science University,Portland,OR,United States of America,https://www.ohsu.edu/integrated-genomics-laboratory,"10x Genomics,Cell Line Authentication,CITE-seq,Consultations,Copy Number Variation (CNV),DNA Analysis,DNA Isolation,Genomics,Genotyping,Nanostring NCounter,Nucleic Acid Extraction,Outreach,PCR Arrays,Real-time qPCR,RNA analysis,RNA Integrity,RNA Isolation,RNAseq,Sequencing - DNA Sequencing,Sequencing - Next Generation Sequencing (NGS),Single-Cell Analysis,Single-cell Sequencing,TaqMan Arrays,Training,Whole Exome Sequencing,Whole Genome Sequencing","The Integrated Genomics Lab (IGL) provides a range of genomics services. These include nucleic acid isolation, qPCR, and sequencing library preparation for bulk RNA and DNA and for single-cell RNA-seq using the 10x Genomics Chromium iX. Sequencing is done using either a NovaSeq 6000 or a NextSeq 2000. The IGL also offers alignment of bulk RNA sequencing data and single-cell RNA-seq data. In addition, the IGL provides an oligonucleotide ordering service through IDT and a cell line authentication service."
OHSU Medicinal Chemistry Core,RRID:SCR_019048,Oregon Health & Science University,Portland,OR,United States of America,www.ohsu.edu/mcc,"Chemical Design And Synthesis,Peptide Synthesis",The mission of the OHSU Medicinal Chemistry Core is to help researchers investigate the interactions between small molecules and biological systems by providing medicinal chemistry and chemical biology expertise and organic synthesis support.
ONPRC Bioinformatics & Biostatistics Core,RRID:SCR_017946,Oregon Health & Science University,Beaverton,OR,United States of America,http://www.ohsu.edu/bbc,"10x Genomics,Computational - Bioinformatics,Computational - Biostatistics,Computational - High Performance Computing,Data Analysis,DNA Analysis,Genomics,RNA analysis,Sequencing - DNA Sequencing,Sequencing - Next Generation Sequencing (NGS),Single-cell Sequencing","The BBC provides experimental design, grant support, data analysis, manuscript preparation, and individualized training falling in two main categories: 1) Bioinformatics such as DNA- and RNA-seq alignment, single cell DNA- and RNA-seq analysis, variant calling, differential expression and pathway analysis, data integration, online data submission, and custom script writing; and 2) Biostatistics such as statistical genetics, longitudinal, survival, and high-throughput/high-dimensional omics data analysis. The BBC's integrated structure comprising of experts with diverse training permits..."
Center for Quantitative Life Sciences,RRID:SCR_018373,Oregon State University,Corvallis,OR,United States of America,http://cqls.oregonstate.edu/,"Computational - Bioinformatics,Confocal Microscopy,DNA Analysis,Genomics,Genotyping,RNA analysis,RNA Integrity,Sequencing - Capillary Sequencing,Sequencing - DNA Sequencing,Sequencing - Next Generation Sequencing (NGS)","The Center for Quantitative Life Sciences at Oregon State University, formerly the Center for Genome Research and Biocomputing facilitates genome-enabled and data-driven research in the life and environmental sciences at OSU and externally. The CQLS functions and facilities include: Core Laboratory facilities that provide a variety of services in genomics, functional genomics, genotyping and imaging;
 Biocomputing facilities with an extensive high performance computing infrastructure, which includes a managed cloud and shared resources; Computational staff provide data analyses and..."
Oregon State University NMR Facility,RRID:SCR_017909,Oregon State University,Corvallis,OR,United States of America,nmr.science.oregonstate.edu,Nuclear Magnetic Resonance (NMR),"The OSU NMR Facility is a campus wide core facility, administered by the College of Science, that is dedicated to providing state-of-the-art NMR spectroscopy resources to the research and education community at Oregon State University and the greater northwest region. The facility is housed in the NMR suite located on the first floor of the Linus Pauling Science Center. NMR spectrometers are available at 800 MHz, 700 MHz, 500 MHz and 400 MHz (2), corresponding to magnetic field strengths ranging from 18.8 T to 9.4 T. Data processing and analysis software is available on workstations in the..."
Norwegian Core Facility for Human Pluripotent Stem Cells,RRID:SCR_023247,Oslo University Hospital,Oslo,,Norway,https://ous-research.no/home/ncs/National%20Core%20Facility/10094,"Cell Culture,Cell Imaging,Cell Line Authentication,Confocal Microscopy,Consultation,Cryostat Histology,Directed Cell Differentiation,Flow Cytometric Analysis,Flow Cytometry Data Analysis,Image Aquisition,IPS Cell Reprogramming,Live Cell Imaging,Real-time qPCR,Stem Cell Procurement","The Norwegian Core Facility for Human Pluripotent Stem Cells assists researchers with the production, characterization and differentiation of human pluripotent stem cells. We offer services related to research on human ES and iPS cells. We provide reprogramming of iPS cell lines from patients and healthy donors, for example for in vitro disease modeling. We have already-established human ES cell lines and a large bank of human iPS cell lines established through ongoing REK-approved projects. We provide ES and iPS cell characterization services, and training in the culture and maintenance..."
PSU COM-MRI Core Facility,RRID:SCR_021198,Penn State Milton S. Hershey Medical Center,Hershey,PA,United States of America,https://research.med.psu.edu/core-facilities/mri/,"Analysis Workstations,Eye Tracking,Functional Brain Imaging,Magnetic Resonance Imaging (MRI),Nuclear Magnetic Resonance (NMR)","MRI CORE
 Penn State College of Medicine’s MRI Core has 3,000 square feet of laboratory space, which includes biochemical, mechanical, electronic small-animal handling and surgical suits and a fully equipped machine shop with CNC. The CNC CM-1 Compact Mill is a small-footprint, high-accuracy solution for producing and prototyping small, high-precision 2D and 3D parts.
 EQUIPMENT
 The College of Medicine MRI Core has two MRI systems dedicated for research.
 •3T Siemens PRISMA-Fit scanner with a bore size of 60 cm equipped with True 2 Channel Tx and 64 Channel Rx. This can be used for human..."
Pennington Genomics Core,RRID:SCR_018675,Pennington Biomedical Research Center,Baton Rouge,LA,United States of America,http://cobre.pbrc.edu/cores/genomics/,"10x Genomics,Computational - Bioinformatics,Genomics,Real-time qPCR,RNA Integrity,Sequencing - Capillary Sequencing,Sequencing - Next Generation Sequencing (NGS)","The Genomics Core Facility seeks to achieve high quality research data production through education of core facility users, optimal use of qPCR and RNA/DNA quality and quantity instrumentation, and quality Sanger sequencing, next-generation sequencing, robotics, and microarray services. Services are provided to internal and external researchers.
 
 The Genomics Core Facility (GCF) provides the following:
 
 Sanger and next-generation DNA sequencing
 DNA fragment analysis
 qualitative and quantitative analysis of DNA, protein, and RNA samples
 quantitative PCR
 microarray RNA labeling,..."
AIMI - Center for Applications of AI/ML to Industry,RRID:SCR_022867,Pennsylvania State University,University Park,PA,United States,https://aimi.psu.edu/,"Computational - Application Development,Computational - High Performance Computing,Data Analysis And Interpretation,Data Processing And Interpretation,Data Visualization,High Performance Computing,Modeling And Simulation,Pipeline Development,Virtual And Augmented Reality",Penn State’s Center for Applications of Artificial Intelligence and Machine Learning to Industry (AIMI) connects industry members with Penn State’s vast research community of artificial intelligence (AI) and machine learning (ML) researchers and their students to solve real-world problems and seize market opportunities.
HUC-Genomics,RRID:SCR_023645,Pennsylvania State University,University Park,PA,United States,https://www.huck.psu.edu/core-facilities/genomics-core-facility,"10x Genomics,DNA Analysis,Full Genome CDNA Screening,Genomics,Genotyping,Metagenomics Analysis,Metatranscriptomics,Microbiome,Real-time qPCR,RNA analysis,RNAseq,Sequencing - Capillary Sequencing,Sequencing - DNA Sequencing,Sequencing - Next Generation Sequencing (NGS),Single-cell Sequencing,Whole Exome Sequencing,Whole Genome Sequencing","The Genomics Core Facility provides services using several different next-generation sequencing platforms. Applications supported include:
 
  Whole-genome and transcriptome sequencing of non-model organisms
  Amplicon sequencing for metagenomic studies
  Differential expression analysis of mRNA and miRNA
  Degradome sequencing
  ChIP and RIP sequencing"
Pennsylvania State University Huck Institutes Cryo-Electron Microscopy Core Facility,RRID:SCR_024456,Pennsylvania State University,University Park,PA,United States of America,https://www.huck.psu.edu/core-facilities/cryo-electron-microscopy-facility,"Cryo-Electron Microscopy,Cryo-Electron Microscopy Of Vitrified Sections (CEMOVIS),Cryo-Electron Tomography,Data Analysis,Data Analysis And Interpretation,Data Processing,Data Processing And Interpretation,Data Visualization,Electron Microscopy,End-to-end Service,High Performance Computing,Image Aquisition,Image Processing And Analysis,Negative Staining For TEM,Training,Transmission Electron Microscopy,Vitrification","Cryo-Electron Microscopy Facility houses FEI Titan Krios microscope that offers data collection for life sciences while incorporating materials science applications. Used for creating super high definition 3D images of atoms and molecules. Facility allows for fully automated atomic resolution single particle and high contrast tomography tilt-series data collection. Additional microscopy components permit a full range of materials science applications, including EELS, STEM, and DPC. Facility also houses ThermoFisher Arctica G2."
Peter MacCallum Cancer Center Bioinformatics Core Facility,RRID:SCR_025901,Peter MacCallum Cancer Centre,Melbourne,,Australia,https://www.petermac.org/research/research-technologies/bioinformatics,"Computational - Biostatistics,Data Analysis,Data Analysis And Interpretation,Data Processing,Data Processing And Interpretation,Data Visualization,DNA Analysis,High Performance Computing,Machine Learning,Pipeline Development,RNAseq,Spatial / Single Cell Data Analysis","The Bioinformatics Core Facility in the Cancer Research Division at Peter Mac provides a range of services and know-how for data analysis, pipeline management, and artificial intelligence research and operations. The team of bioinformaticians and postdoctoral scientists at the core work alongside laboratory, clinical researchers and other bioinformaticians to contribute to their experimental design, grant applications and the analysis and publication of genomic and transcriptomic data. Data types analysed by the core include whole-genome and whole-exome sequencing, targeted re-sequencing,..."
Peter MacCallum Cancer Centre Genotyping Core Facility,RRID:SCR_025622,Peter MacCallum Cancer Centre,Melbourne,,Australia,https://www.petermac.org/research/research-technologies/genotyping-core,"Cell Line Authentication,Genotyping,Mycoplasma Testing","Provides mouse genotyping service, from extraction of genomic DNA from tissue to reporting of genotypes. Offers Mycoplasma testing of any cell line and authentication of human cell lines."
Chemistry Core Facileties,RRID:SCR_023582,Princeton University,Princeton,NJ,United States,https://chemistry.princeton.edu/research-facilities/,"Mass Spectrometry,Nuclear Magnetic Resonance (NMR),Small Molecule Compound Screening,Spectroscopy,X-Ray Crystallography",The Department of Chemistry houses a comprehensive array of research facilities to support a diversity of scientific work. Staff members expertly maintain each facility and are available to help users set up experiments or interpret results. Our resources facilitate scientific progress from giving chemists a deeper understanding of their data to providing essential characterization of compounds for publication.
Confocal Imaging Facility,RRID:SCR_017812,Princeton University,Princeton,NJ,United States of America,http://molbio.princeton.edu/core-facilities/scientific-facilities/confocal-microscopy,"2D Spectra Acquisition and Interpretation,Assays and Measurements,Cell Imaging,Confocal Microscopy,Data Analysis,F.I.S.H.,Functional Brain Imaging,Immunohistochemistry,Microscopy,Multiphoton Microscopy","The confocal microscopy facility provides researchers with the ability to visualize a variety of samples, from monolayers and small organisms, such as developing fly and fish embryos, to very thick sections from brain and other organ tissues.
 
 This is accomplished using a variety of optical imaging modalities, including laser point (LSCM) and field scanning confocal (CSU), Total Internal Reflectance Fluorescence (TIRF) including super resolution localization, Multi Photon (MP), and Widefield (WF).
 
 These technologies provide us with the highest light microscope resolution obtainable,..."
Metabolite Profiling Facility,RRID:SCR_022728,Purdue University West Lafayette,West Lafayette,IN,United States,https://www.purdue.edu/discoverypark/bioscience/facilities/core/metabolite/index.php,"Amino Acid Analysis,Consultation,Consultations,Data Analysis,Data Analysis And Interpretation,Data Processing,Data Processing And Interpretation,GC,Imaging Mass Spectrometry,Lipidomics,Mass Spectrometry,Mass Spectrometry - Small Molecules,Metabolomics,Training","The Metabolite Profiling Facility (MPF) provides state-of-the-art technologies that enable both qualitative (defining all components of a metabolome) and quantitative (determining differential concentrations of metabolites) metabolomics in complex biological systems. This facility employs highly sensitive mass spectrometry coupled with liquid chromatography and gas chromatography for precise sample analysis. Our scientists empower researchers with new technologies, methods development, sample analysis, expert training, and consultation."
PU-Bioinformatics Core,RRID:SCR_017896,Purdue University West Lafayette,West Lafayette,IN,United States of America,https://www.bioinformatics.purdue.edu/,"Computational - Bioinformatics,Data Analysis","We provide assistance in analyzing next generation sequencing data, including RNA-Seq, ChIP-Seq, single-cell genomics, de novo assembly, gene prediction, gene annotation, mapping to reference genome, SNP/InDel analysis, smallRNA, Metagenomic and Metatranscriptomic, Phylogenomic, Proteomics and Metabolomics analyses. We also assist in integrating multi-omics data through custom workflows."
Purdue Electron Microscopy Facility,RRID:SCR_022687,Purdue University West Lafayette,West Lafayette,IN,United States,https://ag.purdue.edu/department/arge/facilities-and-research/microscopy/index.html https://cryoem.bio.purdue.edu/,"Cryo-Electron Microscopy,Electron Microscopy,Image Aquisition",A campus-wide core facility that supports electron microscopy in the life and materials sciences. We have 14 electron microscope and expert staff scientists to help with training and project support. There are 7 scanning electron microscopes/small dual-beams and 7 transmission electron microscopes.
CARF Proteomics and Small Molecule Mass Spectrometry,RRID:SCR_017933,Queensland University of Technology,Brisbane,,Australia,https://www.qut.edu.au/institute-for-future-environments/facilities/central-analytical-research-facility/our-laboratories/proteomics-and-small-molecule-mass-spectrometry-laboratory,"Mass Spectrometry,Proteomics","Our laboratory houses an array of cutting-edge liquid chromatography and gas chromatography mass spectrometry instrumentation. This equipment enables selective identification and reproducible quantification of trace-level biomolecules in complex samples. In particular, we offer label-free protein quantitation using SWATH-MS approach as a complete service that includes sample preparation, data acquisition and data analysis."
CB-Creative Biolabs,RRID:SCR_021767,Queensland University of Technology,New York,NY,United States,https://www.creative-biolabs.com/,"Antibody Sequencing,Assay Development,Drug Discovery,Immunoassay,Monoclonal Antibody,Sequencing - Next Generation Sequencing (NGS),Sequencing - Protein Sequencing,Sequencing - Pyrosequencing,Single-Cell Analysis,Single-cell Sequencing,Whole Genome Amplification (WGA)","Creative Biolabs is the leading custom service provider that has extensive experience in various antibody production and engineering fields. Our service portfolio includes mouse and rat monoclonal antibody production using hybridoma technology, human, monkey, rabbit, chicken, dog, llama and camel monoclonal antibody production using various antibody library technologies (including phage display, bacterial display and yeast display). We are also professional in conducting in-depth antibody humanization and affinity maturation using phage display and DNA mutagenesis approaches. In addition,..."
"Kendrick Labs, Inc",RRID:SCR_018271,Queensland University of Technology,Madison,WI,United States,www.kendricklabs.com,"2D-PAGE,Antibody Characterization,Antibody Production,Polyclonal Antibody Production,Proteomics,Proteomics Analysis,SDS-PAGE","Kendrick Labs is a Contract Research Org. specializing in custom protein analysis using 1D and 2D gel electrophoresis. MS is available as needed. We are registered with the FDA and have cGMP capability. Our Lab Managers confer with clients by Zoom to discuss project details. Protein analysis is performed by skilled Biochemists following written SOPs. If something goes awry, regardless of whose fault, free reruns are performed."
LFKRI NYBC-Flow Cytometry Core Facility,RRID:SCR_021779,Queensland University of Technology,New York,NY,United States of America,https://nybloodcenter.org/lindsley-f-kimball-research-institute/core-facilities/flow-cytometry/,"Confocal Microscopy,FACS Cell Sorting,Flow Cytometric Analysis,Flow Cytometry Data Analysis,Imaging Flow Cytomtry","The Flow Cytometry Core Facility at LFKRI/New York Blood Center provides in-house investigators and external clients with state-of-the-art-equipment for multiparameter flow cytometric analysis and cell sorting. The Core provides training and expert assistance with various techniques in flow cytometry/cell sorting as well as consultation in experimental design, data analysis, presentation, and publication."
PostGIS,RRID:SCR_018952,Queensland University of Technology,Beaverton,OR,United States of America,http://postgis.net/,"Computational - Application Development,Data Analysis,Data Processing And Interpretation","PostGIS; http://postgis.net/
 Spatial and Geographic objects for PostgreSQL"
SARS-Creative Biolabs,RRID:SCR_021772,Queensland University of Technology,New York,NY,United States of America,https://sars-cov-2.creative-biolabs.com/,"Assay Development,Cell Lines For SARS-CoV-2 Research,Drug Discovery,Monoclonal Antibody,Protease Inhibitor Assay Of SARS-CoV-2,SARS-CoV-2 Aptamers,SARS-CoV-2 CPE Assay,SARS-CoV-2 Spike-pseudovirus Based Neutralization Assay Services,SARS-CoV-2 Virus-like Particles (VLPs)","Creative Biolabs has conducted extensive and in-depth research on the MERS epidemic in 2012, and has contributed a lot to the research and control of coronavirus pneumonia, and thus has accumulated a lot of experience. Therefore, at the end of 2019, when a new type of coronavirus pneumonia (which is officially named by the WHO as coronavirus disease 2019, abbreviated ""COVID-19"" on Feb 11, 2020) broke out in Wuhan, China, Creative Biolabs quickly organized relevant researchers, and set up a dedicated research team to carry out intensive analysis and research on the SARS-COV2 virus (formerly..."
Computational Chemical Biology Core,RRID:SCR_017890,Rensselaer Polytechnic Institute,Lawrence,KS,United States of America,http://ccb.ku.edu,"Alphafold,Computational - Application Development,Computational - Bioinformatics,Computational - High Performance Computing,Computational Biology,Computational Chemistry,Hit-to-Lead Optimization,Molecular Dynamics,Molecular Modeling,Peptide Docking,Protein Design,Small Molecule Docking,Virtual Screening","The University of Kansas Computational Chemical Biology Core (CCB) provides the computational resources and expertise to enhance the productivity of researchers in a variety of fields, including biology, biochemistry, medicinal chemistry, pharmacology, and pharmaceutical chemistry. The CCB has the tools and expertise to perform virtual screening, protein-small molecule docking, binding site prediction, protein modeling and design, prediction of protein stability changes upon mutation, fragment based probe design, molecular dynamics, as well as preparation of presentation graphics. 
 
 With..."
High Throughput Screening Laboratory,RRID:SCR_017752,Rensselaer Polytechnic Institute,Lawrence,KS,United States of America,http://www.hts.ku.edu/,"Assays and Measurements,Biochemical Analysis,Cell Culture,Cell Imaging,Computational - Biostatistics,Confocal Microscopy,Data Analysis,Flow Cytometric Analysis,Surface Plasmon Resonance (SPR),Tissue Culture","High throughput screening of large chemical libraries of compounds is a proven way to identify novel chemical entities that target a biological system of interest. KU-HTS is a state- of-the-art facility dedicated to providing exceptional services in advancing drug discovery research initiatives, as well as assistance in preparing grant applications. HTS personnel have extensive experience in executing biochemical, cell-based, siRNA as well as high content screening campaigns against a plethora of target classes. KU-HTS is a fee-for-service facility dedicated to providing academia and..."
KU Mass Spec & Proteomics Core,RRID:SCR_021857,Rensselaer Polytechnic Institute,Lawrence,KS,United States of America,https://mass-spec.ku.edu/,"Global PTM Mapping,HRAM Mass Spectrometry,Label Free Quantitative Proteomics,Labeled Quantitative Proteomics -TMT And Other Labeling,Mass Spectrometry - Proteins And Peptides,Mass Spectrometry - Small Molecules,Nano-LC-MS -complex Mixtures,Phosphoproteomics,Proteomics,Protocol Development,SDS-PAGE,Thermal Protein Profiling - TPP","The Mass Spectrometry and Analytical Proteomics Core (MSAPL) at KU provides a range of mass-spectrometry (MS) based services including small molecule analysis & quantitation, peptide and protein MW determination.
 We also provide many MS-based proteomics services and associated bioinformatics including: global proteome IDs (Discovery) and targeted proteomics, post-translational modification mapping, quantitative proteomics (Label-free; TMT; other labels). We also provide consultation for designing proteomics experiments. In addition to that we also provide thermal protein profiling (TPP) ."
Medicinal Chemistry Core,RRID:SCR_017750,Rensselaer Polytechnic Institute,Lawrence,KS,United States of America,http://medchem.cobre.ku.edu/,Molecular Library Services,"The Synthetic Medicinal Chemistry Laboratory is a university-based drug discovery facility with a state-of-the-art infrastructure for pharmaceutical research. The Core provides medicinal, synthetic, and combinatorial chemistry support for Core B (HTS) and COBRE investigators. The support involves the optimization of compounds for potency, and selectivity by the following: 
 
 Preparing targeted libraries for screening and 
  lead optimization
 Synthesizing organic compounds on various scales 
  (from mg to multi-gram)
 Assisting COBRE investigators and other
  university investigators, if..."
Microscopy and Analytical Imaging Research Resource Core Laboratory (MAI),RRID:SCR_021801,Rensselaer Polytechnic Institute,Lawrence,KS,United States of America,https://mai.ku.edu/,"3D Visualization,Analysis Workstations,Assay Development,Bioimage Informatics,Cell Culture,Cell Imaging,Confocal Microscopy,Consultation,Correlative Light Electron Microscopy,Customized Protocols,Data Analysis,Data Processing And Interpretation,Data Visualization,Deconvolution,Discovery Science,Electron Microscopy,Experimental Design,Fluorescence Lifetime,Freeze Substitution,H&E Staining,Histology,Image Aquisition,Image Data Management,Image Processing And Analysis,Immuno Electron Microscopy,Immunoassay,Immunohistochemistry,In Situ Hybridization,In-vivo Imaging,Live Cell Imaging,Microscopy,Microtomy/Electron,Microtomy/Light,Monoclonal Antibody,Multiphoton Microscopy,Optical Imaging,Plate Reader,Prepared Slides,Processing & Embedding- Histology,Protocol Development,Sample Preparation,Scanning Electron Microscopy,Serial Block Face SEM Imaging,Serial Two-photon Tomography,Special Stains Histology,Spinning Disk Confocal Imaging,Staining,Stem Cell Procurement,Stereology,Tissue Culture,Tissue Embed,Training","The Microscopy and Analytical Imaging Research Resource Core Laboratory (MAI; also known as
 Microscopy and Analytical Imaging Shared Resource [MAISR]), is a 2,450 ft2 core research resource core laboratory in Room 1043 in Haworth Hall at the University of Kansas Lawrence campus. The MAI (https://mai.ku.edu/) is a fee-for-service center. The imaging resources within the MAI are available to all University of Kansas, University of Kansas Medical Center, and University of Kansas Cancer Center students, staff, and faculty, students, staff, and faculty within and outside the state, and..."
NMR Core,RRID:SCR_023491,Rensselaer Polytechnic Institute,Troy,NY,United States of America,http://biotech.rpi.edu/index.php/facilities/magnetic-resonance,Nuclear Magnetic Resonance (NMR),"The Nuclear Magnetic Resonance (NMR) Research Core provides Rensselaer researchers, in addition to academic and industrial users throughout the community, access to state-of-the-art, ultra-high field NMR instrumentation. The diverse capabilities of the facility are enabled with an array of fixed and broadband tunable probes for solution and solid-state NMR, and resonators and high power gradients for diffusion and magnetic resonance microimaging. The NMR core actively supports research programs including structure determination of small molecules, proteins, carbohydrates, nucleic acids,..."
Protein Production Group,RRID:SCR_017749,Rensselaer Polytechnic Institute,Lawrence,KS,United States of America,https://ppg.ku.edu/,"Assays and Measurements,Biochemical Analysis,Cell Culture,Gel Chromatography,Molecular Construct Services,Nucleic Acid Extraction,Peptide Synthesis,Protein Extraction/Purification,SDS-PAGE,Spectroscopy,Surface Plasmon Resonance (SPR),Tissue Culture,Viral Vectors,Western Blot","The KU Protein Production Group (PPG) focuses on the cloning, expression and purification of prokaryotic and eukaryotic proteins for KU and other investigators in Kansas and the nation. The laboratory maintains a variety of equipment to support the production of properly folded proteins in quantities suitable for structural studies (X-ray and NMR), functional studies (catalytic or biological), label-free binding studies (SPR) and/or high throughput (HTP) screening studies."
Protein Structure and X-ray Crystallography Laboratory,RRID:SCR_021742,Rensselaer Polytechnic Institute,Lawrence,KS,United States of America,https://psxl.ku.edu/,"Single Crystal X-ray Pattern Analysis,Structural Biology,Structure Determination,X-Ray Crystallography","The Protein Structure & X-Ray Crystallography Laboratory (PSXL) is a core laboratory at the University of Kansas that possesses the infrastructure and expertise to perform all aspects of protein and small molecule structure determination using X-ray crystallography. For protein structure determination, high-throughput methods are utilized to move projects rapidly from gene-to-structure."
Molecular Pathology Core of the COBRE Center for Cancer Res. Dev.,RRID:SCR_023490,Rhode Island Hospital,Providence,RI,United States of America,http://www.rhodeislandhospital.org/RIH/Services/COBRE/Cores/MolePath/default.htm,"Assays and Measurements,BioBanking,DNA Analysis,Histology,Immunohistochemistry,Laser Capture Microdissection,Microscopy,Nucleic Acid Extraction,Optical Imaging,PCR Arrays,Real-time qPCR,RNA analysis,RNA Integrity,Shared Instrumentation Oversight & Maintenance","Our core provides specialty immunohistochemical services, instrumentation, training and support personnel for the research efforts of the COBRE CCRD mentors and their junior associates as well as the academic community at large. We are located on the sixth floor of the Aldrich Building within the main campus of Rhode Island Hospital. Our equipment includes an ArcturusXT laser capture microdissector, Stratagene MX3005p realtime PCR instrument, BioRad iCycler, Agilent Bioanalyzer, Olympus fluorescence-capable microscope with image analysis software, Ventana Discovery immunohistochemistry..."
Antibody and Bioresource Core Facility,RRID:SCR_017847,Rockefeller University,New York City,NY,United States of America,https://www.rockefeller.edu/monoclonal/,"BioBanking,Cell Culture,Monoclonal Antibody","The Antibody and Bioresource Core Facility supports researchers at both The Rockefeller University and Memorial Sloan-Kettering Cancer Center by making it easier for them to:
 
 
 1.) Develop new monoclonal antibodies that meet their experimental needs through any combination of these services:
 
 ... Consultation
 ... Immunization of mice, rats and Armenian hamsters with haptens, proteins, cells as well as via a genetic immunization approach
 ... Fusion (B cell immortalization and selection for hybridomas)
 ... Maintenance of thousands of fresh hybridomas while the researcher screens for..."
CRISPR and Genome Editing Resource Center,RRID:SCR_023097,Rockefeller University,New York,NY,United States of America,https://www.rockefeller.edu/crispr/,"CRISPR/Cas Project Design,Genotyping","The CRISPR and Genome Editing Resource Center provides gene targeting and mouse embryonic stem cell technology for members of the Rockefeller University, Memorial Sloan-Kettering Cancer Center and their collaborators. 
 
 Since its inception in 1997 our center has generated numerous genetically engineered mice and embryonic stem cell lines that allow the investigation of gene functions in mouse models or ES cell culture systems. We continue developing and adopting innovative approaches to better assist biomedical research in our community.
 
 CRISPR and Genome Editing services include..."
Fisher Drug Discovery Resource Center,RRID:SCR_020985,Rockefeller University,New York,NY,United States of America,https://www.rockefeller.edu/ddrc/,"Automated Liquid Handling,Biochemical Analysis,Circular Dichroism (CD),Drug Discovery,Fragment-based Screening,High-throughput Screening,Isothermal Titration Calorimetry,Protocol Development,Surface Plasmon Resonance","The Fisher Drug Discovery Resource Center (DDRC) guides researchers in drug discovery by improving the efficiency of their bioassays, identifying compounds and molecular targets, and in utilizing technologies for the measurement of drug/receptor interactions. The center has a collection of 420,000 compounds, along with semi-automated liquid pipetting devices, computational techniques and supports a broad diversity of bio-assay techniques, typically found in drug discovery programs. The center also has spectroscopic and biophysical instruments for use in studies of the interactions of drugs..."
Flow Cytometry Resource Center (FCRC),RRID:SCR_017694,Rockefeller University,New York,NY,United States of America,https://www.rockefeller.edu/fcrc/,"Cell Sorting,Data Analysis,Data Analysis And Interpretation,Flow Cytometric Analysis,Flow Cytometry Data Analysis,Spectral Flow Cytometry",State-of-the-art Flow Cytometry Resource Center. Cell sorting is performed for extended hours by staff. Analysis and cell sorting are offered as self service with 24/7/365 access to the fully trained users.
Genomics Resource Center,RRID:SCR_020986,Rockefeller University,New York,NY,United States of America,https://www.rockefeller.edu/genomics/,"Data Analysis,DNA Analysis,Genomics,Microarray,RNA analysis","The Genomics Resource Center offers comprehensive services and state-of-the-art instruments to support genomics research. The approximately 3000 sq. ft. center houses an Illumina NovaSeq, two NextSeq500s, one MiSeq sequencers, a 10X Genomics Chromium Single Cell System, and Life Technologies QuantStudio 12K flex realtime PCR system. The center also provides several accessory instruments for sample quantity and quality validation: Agilent Bioanalyzer, Agilent TapeStation, NanoDrop spectrophotometer, and Qubit spectrophotometer.
  
 For the next-generation DNA sequencing service, the center..."
Precision Instrumentation Technologies,RRID:SCR_020989,Rockefeller University,New York,NY,United States of America,https://www.rockefeller.edu/fabrication/,Shared Instrumentation Oversight & Maintenance,"Precision Instrumentation Technologies (PIT) provides access to various fabrication and rapid prototyping tools for qualified users. The shop allows users to design and build their own research tools by providing access to a wide array of prototyping and fabrication equipment, as well as design and fabrication consultation."
Proteomics Resource Center,RRID:SCR_017797,Rockefeller University,New York,NY,United States of America,https://www.rockefeller.edu/proteomics/,"Mass Spectrometry,Metabolomics,Metabolomics Platform,Peptide Synthesis,Proteomics","The Proteomics Resource Center (PRC) at The Rockefeller University offers analysis of biomolecules and peptide synthesis for The Rockefeller University community on a subsidized, cost-recovery basis. The Center is also available to other not-for-profit institutions. The Center is located in the south eastern part of The Rockefeller University campus in The Rockefeller Research Building: RRB157. The Center is guided by and reports to a Scientific Advisory Committee (SAC) on a regularly basis.
 
 The PRC team members are analytical chemists with expertise in proteomics, metabolomics and..."
RU Bio-Imaging Resource Center,RRID:SCR_017791,Rockefeller University,New York,NY,United States of America,https://www.rockefeller.edu/bioimaging/,"Cell Imaging,Confocal Microscopy,Laser Capture Microdissection,Multiphoton Microscopy","The Bio-Imaging Resource Center provides researchers with training, advice and access to instrumentation and image analysis software for state-of-the-art optical imaging using widefield, confocal, multiphoton, light-sheet and super-resolution microscopy. Consultation on sample preparation and immunolabeling procedures is also provided. Researchers are trained to use the microscopes and image acquisition software themselves, with staff assistance when necessary to ensure collection of high quality images. More complex work can also be performed on a collaborative basis with the staff of the..."
The Evelyn Gruss Lipper Cryo-Electron Microscopy Resource Center,RRID:SCR_021146,Rockefeller University,New York,NY,United States of America,https://www.rockefeller.edu/cemrc/,Cryo-Electron Microscopy,"The Evelyn Gruss Lipper Cryo-Electron Microscopy Resource Center makes sophisticated new cryo-electron microscopy tools available to University researchers, allowing for the visualization of three-dimensional structures of molecules and macromolecular complexes in solution."
Transgenic and Reproductive Technology Center,RRID:SCR_023098,Rockefeller University,New York,NY,United States of America,https://www.rockefeller.edu/transgenics/,Transgenics,"The Transgenic and Reproductive Technology Center (TRTC) provides the scientific community with four services such as Pronuclear Injection, Blastocyst Injection, Embryo and Sperm Cryopreservation, Strain Recovery and Rederivation. Assisted reproductive techniques such as IVF and ICSI are used for strain recovery."
Molecular Resource Facility,RRID:SCR_019169,Rowan University,Newark,NJ,United States of America,http://njms.rutgers.edu/research/mfrweb/,"10x Genomics,Central Laboratory Supply,Data Analysis,DNA Analysis,Genomics,Real-time qPCR,RNA analysis,RNA Integrity,RNAseq,Sequencing - Capillary Sequencing,Sequencing - DNA Sequencing,Sequencing - Next Generation Sequencing (NGS)","The Molecular Resource Facility at New Jersey Medical School was established to provide state of the art services for molecular biology to the medical school and other research laboratories in Newark and beyond. Our main focus is DNA sequencing and includes capillary and high throughput services. We also provide single cell sequencing services using 10X genomics and Drop-Seq platforms. We also provide many other services including Luminex, oligonucleotide synthesis (IDT), HPLC analysis and purification, real time PCR and others."
Waksman Genomics Core Facility,RRID:SCR_011042,Rowan University,Piscataway,NJ,United States of America,http://www.waksman.rutgers.edu/genomics/home,"Computational - Bioinformatics,Computational - Biostatistics,Copy Number Variation (CNV),Data Analysis,DNA Analysis,Genomics,Real-time qPCR,RNA analysis,RNA Integrity,Sequencing - Next Generation Sequencing (NGS)","The Waksman Genomics Core Facility (WGCF) is a professional service organization, under Waksman Institute of Microbiology Rutgers University, providing research community with the tools of advanced sequencing technology, and is powered by a highly trained and qualified staff. 
 Equipped with NextSeq500, MiSeq, and Ion Proton, we have successfully performed de novo genome sequencing, genome resequencing, ChIP-Seq and RNA-seq for numerous local investigators from the Waksman Institute of Microbiology, other units of Rutgers University and Robert Wood Johnson Medical School, as well as..."
"Cell and Cell Products Fermentation Facility, Waksman Institute of Microbiology (Busch Campus)",RRID:SCR_018676,"Rutgers, The State University of New Jersey",Piscataway,NJ,United States,https://www.waksman.rutgers.edu/fermentation,"Cell Culture,Protein Extraction/Purification,Shared Instrumentation Oversight & Maintenance","Research Overview
 
 The Cell and Cell Products Fermentation Facility at Waksman Institute has a multi-client base and produces a wide range of bulk biologics including: antimicrobials, cosmetic substrates, flavors/fragrances, biopesticides/bioherbicides and plasmid-derived proteins, enzymes, growth factors and diagnostics to name just a few. We are equipped to handle most requests with the exceptions: pathogenic or opportunistic organisms and mammalian and insect cell lines. The facility is designated BL2-LS. Our bioreactor volumes range from 15 to 800L maximum operating volumes. All..."
Genomic center,RRID:SCR_021631,"Rutgers, The State University of New Jersey",Newark,NJ,United States of America,http://research.njms.rutgers.edu/genomics/,"10x Genomics,Clinical Genomics,Genome/Transcriptome Assembly And Annotation,Genomics,Real-time qPCR,RNA Isolation,RNAseq,Single-Cell Analysis,Single-cell Sequencing","We provide NGS services for research and clinical samples in a CLIP and CAP accredited laboratory.
 Our service include consultation, sample processing, sequencing and data analysis , as well as interpretation and reporting"
Stem Cell Core,RRID:SCR_014850,Salk Institute for Biological Studies,La Jolla,CA,United States of America,http://www.salk.edu/science/core-facilities/stem-cell-core/,"Cell Culture,Consultations,CRISPR,CRISPR Rosa26 & CRISPR H11,CRISPR/Cas Project Design,Directed Cell Differentiation,ES Cell Electroporation,Genome Engineering,Genotyping,Reprogramming Somatic Cells,Stem Cell Procurement,Tissue Culture","Core facility that provides services to support stem cell research for Salk Institute researchers and their direct collaborators. The STEM Core provides well-characterized human embryonic stem (hES) cell lines and human induced pluripotent stem (iPS) cell lines, space and equipment for research, as well as training and consultation."
Flow Cytometry Shared Resource,RRID:SCR_014854,Sanford Burnham Prebys Medical Discovery Institute,La Jolla,CA,United States of America,https://sbpdiscovery.org/research/shared-resources/flow-cytometry/,"Cell Imaging,Cell Sorting,Data Analysis And Interpretation,Exosomes Characterisation,Experimental Design,FACS Cell Sorting,Flow Cytometric Analysis,Flow Cytometry Data Analysis,Full Spectrum Flow Cytometry,High Dimensional Flow Cytometry Analysis,High-throughput Screening,Image Aquisition,Imaging Flow Cytometry,Immune Monitoring,Multi-color Flow Cytometry,RNA Flow Cytometry,Shared Instrumentation Oversight & Maintenance,Single Particle Extracellular Vesicle Flow Cytometry,Single-Cell Analysis,Spectral Flow Cytometry","The facility provides access to high-speed cell sorting, analytical flow and imaging flow cytometry on the SBP campus in La Jolla. Trained SBP investigators have 24-hr/day access to a variety of analytical flow cytometers available for independent use. Trained external users have access during business hours. 
 
 Core staff provide technical expertise, hardware and software training, operate the facility's cell sorters and are available to assist with analysis experiments for those who prefer to have their samples run by an expert cytometrist. 
 
 Scientists planning a flow cytometry..."
Cell Based High-Throughput Screening (CBS) Core,RRID:SCR_017832,Scripps Research Institute,Jupiter,FL,United States of America,http://www.scripps.edu/florida/technologies/cbs/index.html,"Assays and Measurements,Cell Culture,Library Services,Molecular Library Services","The Cell Based High-Throughput Screening (CBS) core provides investigators with access to genome-wide collections of cDNAs, microRNA-adapted short hairpin (shRNA) retroviral libraries, and siRNA libraries that can be used to interrogate cellular models of signal transduction pathways and phenotypes. The core has also assembled a variety of smaller focus sets form each larger library as wells as chemical libraries available for cell-based screens."
College of Medicine Genome Sciences and Bioinformatics Facility,RRID:SCR_021123,Scripps Research Institute,Hershey,PA,United States of America,https://research.med.psu.edu/core-facilities/genome-sciences/,"10x Genomics,Antibody Sequencing,BioBanking,Cell Line Authentication,Computational - Bioinformatics,Computational - Biostatistics,Computational - High Performance Computing,Consultations,Copy Number Variation (CNV),Customized Protocols,Data Analysis,Data Processing And Interpretation,Digital PCR,DNA Analysis,DNA Isolation,Droplet Digital PCR,Genome/Transcriptome Assembly And Annotation,Genomics,Genotyping,Library Services,Metagenomics Analysis,Methylation Analysis,Microarray,Microbiome,Molecular Library Services,Nanopore Sequencing,Nucleic Acid Extraction,OpenArray,Pathway Interpretation,PCR Arrays,Pharmacogenomic ,Plate Reader,Quantitative DNA Sequence Mapping,Real-time qPCR,RNA analysis,RNA Integrity,RNA Isolation,RNA Modification Analysis,RNAseq,Sample Preparation,Seq-Well,Sequencing - Capillary Sequencing,Sequencing - DNA Sequencing,Sequencing - Next Generation Sequencing (NGS),Single-Cell Analysis,Single-cell Sequencing,TaqMan Arrays,Tissue Extraction,Whole Exome Sequencing,Whole Genome Amplification (WG",Provides efficient and comprehensive genomic analyses.
Custom Antibody Core,RRID:SCR_022799,Scripps Research Institute,Hershey,PA,United States,https://research.med.psu.edu/core-facilities/custom-antibody-core/,"Antibody Characterization,Antibody Development,Antibody Production",The Custom Antibody Biomedical Core Facility at the COM provides end-to-end service for the production and purification of custom antibodies
Flow Cytometry,RRID:SCR_017830,Scripps Research Institute,Jupiter,FL,United States of America,https://www.scripps.edu/science-and-medicine/cores-and-services/flow-cytometry-ca/index.html,"Cell Sorting,Data Analysis,Flow Cytometric Analysis,Laser Capture Microdissection","The Scripps Florida Flow Cytometry Core (FCC) serves the Scripps Florida community as well as researchers from outside Scripps on a fee-for-service basis. Services offered include, cell sorting, analytic cytometry, laser microdissection and hematology.
 
 FCC facility staff will perform all sorting on the FACS ARIA3.
 
 Analytical applications include immuno-phenotyping, cell cycle analysis (DNA content, BrdU), and calcium flux (ratiometric imaging), among others. Additional modalities (FRET, intracellular organelle staining, etc.) can be developed in response to need; please talk to us..."
Macromolecular X-Ray Crystallography Core at The Scripps Research Institute (TSRI)-Florida,RRID:SCR_017835,Scripps Research Institute,Jupiter,FL,United States of America,http://www.scripps.edu/florida/technologies/xray/contacts.html,"X-Ray Crystallography,X-ray Diffraction and Scattering","The core facility offers and operates as a full service core by performing crystallization, X-ray diffraction data collection (both in-house and synchrotron sources) processing, phasing, crystallographic refinement, model building, and visualization. The structural data obtained by the core will provide scientists with a wealth of information including but not limited to biological functions, 3D-folding, ligand binding (small molecule or protein), or mutational effect of target macromolecules."
Metabolic Assessment Core at The Scripps Research Institute - Florida,RRID:SCR_017848,Scripps Research Institute,Jupiter,FL,United States of America,http://www.scripps.edu/florida/technologies/metaboliccore/index.html,"Animal Husbandry,Assays and Measurements,Biochemical Analysis,Cell Culture","At the Center for Diabetes and Metabolic Diseases (Metabolic Core), we offer prompt access to validated in vitro and in vivo tests to help advance the metabolic characterization of genetic and pharmacological research models of metabolic diseases, cancer, circadian rhythms, aging, inflammation and more.
 
 We have consolidated analytical and in-vivo laboratories with a number of applications ranging from feeding, sleep, temperature, blood pressure, body composition and metabolic monitoring in mice, to cellular metabolism and in-depth chemical analysis of hormones, nutrients, inflammatory..."
Metabolic Phenotyping Core,RRID:SCR_022565,Scripps Research Institute,Hershey,PA,United States,https://med.psu.edu/core-facilities,"Body Composition,Phenotyping","The Metabolic Phenotyping Core at the Penn State College of Medicine offers equipment for the comprehensive assessment of energy balance and body composition in experimental rodents (mice and rats). Services include training in the use of the equipment, consultation on experiment design, and help with data analysis."
Nuclear Magnetic Resonance (NMR) Core,RRID:SCR_017834,Scripps Research Institute,Jupiter,FL,United States of America,http://www.scripps.edu/florida/technologies/nmr/index.html,Nuclear Magnetic Resonance (NMR),"Nuclear magnetic resonance, known as NMR, uses the magnetic properties of certain nuclei to study molecular structure. A wide variety of information can be gathered using NMR for chemical studies (including structural and conformational determinations) as well as biological studies (including protein and nuclei acid structure and function)."
Penn State COM Biomolecular NMR,RRID:SCR_023244,Scripps Research Institute,Hershey,,United States,https://research.med.psu.edu/core-facilities/biomolecular-nmr/,"Consultation,Data Analysis,Data Analysis And Interpretation,Data Processing,Data Processing And Interpretation,Metabolomics,NMR Medicinal Chemistry Support,NMR Quality Control For Biologic Drugs,Nuclear Magnetic Resonance (NMR),Structural Biology,Structure Determination","Our mission is to facilitate investigators to use multiple modern NMR applications, including structure elucidation of small molecules, triple resonance experiments of biomolecules, fragment-based drug discovery, metabolomic and tissue analyses."
Penn State COM Cryo-EM,RRID:SCR_021178,Scripps Research Institute,Hershey,PA,United States of America,https://research.med.psu.edu/core-facilities/microscopy-imaging/,"Electron Microscopy,Microscopy,Sample Preparation,Shared Instrumentation Oversight & Maintenance,Structural Biology,Transmission Electron Microscopy","Located in Hershey, Pennsylvania.
 
 Zeiss LSM 980 Cryo-Confocal Microscope
 
 300 kV Krios Cryo-TEM for SPA and tomography, Equipped with Volta phase plates, bioquantum energy filter and K3 direct electron detector
 
 200 kV thermionic JEOL 2100 for cryo-imaging, cryo-tomography, and standard imaging of stained grids"
Penn State Hershey College of Medicine Atomic Force Microscopy Core Facility,RRID:SCR_025075,Scripps Research Institute,Hershey,,United States of America,https://research.med.psu.edu/core-facilities/atomic-force-microscopy-core/,Image Aquisition,"The Atomic Force Microscopy Core at Penn State College of Medicine was created in 2023, in part, through an NIH S10 award (1S10OD030279-01A1). The core’s mission is to provide the College of Medicine research community with access to state-of-the-art atomic force microscopy equipment and expertise as a means to advance the strategic research goals of the institution."
Penn State Hershey College of Medicine Comparative Medicine Imaging,RRID:SCR_023179,Scripps Research Institute,Hershey,,United States,https://research.med.psu.edu/core-facilities/comparative-medicine-imaging/,"In-vivo Imaging,Magnetic Resonance Imaging (MRI)","The Penn State Hershey College of Medicine Comparative Medicine Imaging Core provides equipment and expertise for bioluminescence and fluorescence imaging, in-vivo, full-body, 3D anatomical, functional and molecular imaging and MRI."
Penn State Zebrafish Functional Genomics Core,RRID:SCR_021199,Scripps Research Institute,Hershey,PA,United States of America,https://research.med.psu.edu/core-facilities/zebrafish/,"Biological photography/Photomicrography,Genotyping,Phenotyping,Protocol Development/Clinical Trial Coordination","The Zebrafish Functional Genomics Core at the Penn State College of Medicine was established to provide the Penn State research community with a modern, centralized facility for housing, breeding and performing experiments with zebrafish, one of the fastest-growing model systems in biomedical research.
 The mission of the core is to provide a physical and intellectual infrastructure for investigators whose research can benefit from use of the zebrafish as a model system."
PSU CoM Mass Spec and Proteomics Facility,RRID:SCR_017831,Scripps Research Institute,Hershey,PA,United States of America,http://research.med.psu.edu/core-facilities/mass-spectrometry,"Computational - Bioinformatics,Computational - Biostatistics,Computational - High Performance Computing,Data Analysis,Laser Capture Microdissection,Mass Spectrometry,Multiphoton Microscopy,oligo synthesis,Peptide Synthesis,Proteomics,Real-time qPCR,RNA analysis","The Penn State College of Medicine Mass Spec and Proteomics Facility offers complete sample prep services, methods development, and bioinformatic/biostatistical analyses for discovery and targeted proteomics and quantitative proteomics (Identification & Quantitation w DIA-PASEF , plus targeted MRM/SRM assays) as well as for small molecule/lipid quantitation."
PSU-College of Medicine Flow Cytometry Core Hershey,RRID:SCR_021134,Scripps Research Institute,Hershey,PA,United States of America,https://research.med.psu.edu/core-facilities/flow-cytometry/,"Cell Sorting,Flow Cytometric Analysis,High Dimensional Flow Cytometry Analysis,Imaging Flow Cytometry,Phenotyping","Flow Cytometry analysis, Cell sorting, Flow Imaging analysis"
TEM Facility at Penn State College of Medicine,RRID:SCR_021200,Scripps Research Institute,Hershey,PA,United States of America,https://research.med.psu.edu/core-facilities/transmission-electron-microscopy/,"Electron Microscopy,Immuno Electron Microscopy,Sample Preparation,Transmission Electron Microscopy","Our mission is to provide high-quality transmission electron microscopy (TEM) services, education, and training for the Penn State Hershey campus, other academic institutions, and private companies at large.
 
 The lab is equipped with high-resolution transmission electron microscopes (JEOL 1400) and full suite of ancillary sample preparation equipment to fit most TEM-related needs. The equipment can provide nanometer scale analysis for biological, chemical and materials science. The TEM facility offers multiple levels of service that correspond with the services and training each user..."
The Light Microscopy Imaging Core (Penn State COM),RRID:SCR_022526,Scripps Research Institute,Hershey,PA,United States,https://research.med.psu.edu/core-facilities/light-microscopy/,"Confocal Microscope With FCS/FLIM Capabilities ,Confocal Microscopy,Confocal/ Super Resolution Microscope,Microscopy,Multiphoton Microscopy,Super-resolution Microscopy",The Light Microscopy Imaging Core at Penn State College of Medicine provides consultation and training in ultra-high-resolution imaging of cells and tissues in fixed or live states. The core also provides expertise in quantitative image analysis and consultations on microscopy-related research projects.
Seattle Childrens Research Institute Behavioral Phenotyping Core Facility,RRID:SCR_026371,Seattle Children's Hospital,Seattle,WA,United States,https://www.seattlechildrens.org/research/resources/behavioral-phenotyping-core/,"Animal Husbandry,Behavioral Phenotyping,Data Analysis And Interpretation,Data Collection,Electrophysiology Services,Grant Proposal Preparation,Home Cage Behavioral Analysis","Core dedicated to the protocol driven collection, analysis, and reporting of behavioral data using a blend of classic and innovative assays. Supports neuroscience, psychology, pharmacology, genetics, cancer, and development by providing advanced tools and expertise for the precise measurement and interpretation of behavior."
SFU-Flow Cyt Lab,RRID:SCR_022492,Simon Fraser University,Burnaby,BC,Canada,https://www.sfu.ca/fhs/research/research-centres-labs/flow-cytometry-laboratory.html,"FACS Cell Sorting,Flow Cytometric Analysis",The Flow Cytometry Lab at Simon Fraser University (SFU_Flow Cyt Lab) offers high-speed cell sorting and bench top flow cytometric analysis services as well as training and support to the research community.
SDState-Genomics Sequencing Facility,RRID:SCR_023959,South Dakota State University,Brookings,SD,United States,https://www.sdstate.edu/genomics-sequencing-facility,"10x Genomics,DNA Analysis,DNA Isolation,Genome/Transcriptome Assembly And Annotation,Genomics,Genotyping,Genotyping-by-sequencing,Long Read Amplicon Sequencing,Long Read Sequencing,Metagenomics Analysis,Metatranscriptomics,Microbiome,Nanopore Sequencing,Reduce Representation Methylation Sequencing,RNA-Seq Training,RNAseq,Sample Preparation,Sequencing - DNA Sequencing,Sequencing - Next Generation Sequencing (NGS),Single-cell Sequencing,Whole Genome Sequencing","The SDState Genomics Sequencing Facility offers custom sequencing services from DNA/RNA extractions to sequencing using Illumina and Oxford Nanopore platforms. Projects examples include bulk RNAseq, 3‘RNASeq, Single Cell transcriptomics (10X Genomics), Genome sequencing, and amplicon sequencing (ie 16SRNA, genotyping).
 We can also partner with you for experimental design and bioinformatics data analysis."
SDSU-Functional Genomics Core Facility,RRID:SCR_023786,South Dakota State University,Brookings,SD,United States,https://www.sdstate.edu/biology-and-microbiology/functional-genomics-core-facility,"Biolayer Interferometry (BLI),CDNA Synthesis,Cell Imaging,Image Aquisition,Image Processing And Analysis,Real-time qPCR,Widefield Microscopy","The mission of the FGCF is to provide access and training on a range of instruments in the areas of genomics, molecular biology, imaging, and chemical/metabolite analysis to support research on the SDSU campus."
Center for Advanced Genome Engineering,RRID:SCR_027027,St. Jude Children's Research Hospital,Memphis,TN,United States,https://www.stjude.org/research/why-st-jude/shared-resources/center-for-advanced-genome-engineering-cage.html,"Cellular Fitness (CelFi) Assay,Create Custom Cell Lines,CRISPR,Design And Validate Genome-editing Reagents,Targeted Deep Sequencing","The CAGE is a world-class genome-editing facility with the mission to provide low-cost, expeditious and collaborative genome-engineering services to St. Jude investigators. The CAGE boasts the expertise and infrastructure to educate, assist, expedite and perform established and emerging technologies."
Stanford Functional Genomics Facility,RRID:SCR_002050,Stanford Medicine,Stanford,CA,United States of America,https://med.stanford.edu/sfgf.html,"Assays and Measurements,Computational - Bioinformatics,Copy Number Variation (CNV),Cytogenetics,Data Analysis,DNA Analysis,Genomics,Genotyping,Library Services,Microarray,Molecular Library Services,Nucleic Acid Extraction,Optical Imaging,PCR Arrays,Phosphor Imaging,Proteomics,Real-time qPCR,RNA analysis,RNA Integrity,Sequencing - Capillary Sequencing,Sequencing - DNA Sequencing,Sequencing - Next Generation Sequencing (NGS),Shared Instrumentation Oversight & Maintenance,Western Blot","The Stanford Functional Genomics Facility (SFGF) provides high-throughput sequencing (Illumina HiSeq 4000, NextSeq 500, MiSeq and MiniSeq), microarray gene expression and genotyping services (Affymetrix, Agilent and Illumina) to the Stanford research community and outside institutions. The facility also provides 24/7 access to instruments, equipment and software utilized within the genomics field."
Computational Services and Bioinformatics Facility,RRID:SCR_023404,Stanford University,Stanford,CA,United States of America,http://cmgm.stanford.edu,"Computational - Bioinformatics,Computational - Biostatistics,Data Analysis,DNA Analysis,RNA analysis","This facility provides a wide variety of commonly used software for biomedical researchers. Software categories includes microarray analysis, sequence analysis, pathway analysis, graphics, visualization, statistical analysis, and more. Linux/Solaris servers and a multi-terabyte disk array are also available."
CSIF: Cell Sciences Imaging Facility,RRID:SCR_017787,Stanford University,Stanford,CA,United States of America,http://microscopy.stanford.edu,"3D & 4D Image Processing Stations,3D Visualization,Analysis Workstations,Atomic Force Spectroscopy,Cell Imaging,CODEX,Confocal Microscopy,Confocal/ Super Resolution Microscope,Consultation,Consultations,Cryo-Electron Microscopy,Data Analysis,Electron Microscopy,Fluorescence Lifetime,Image Aquisition,Image Processing And Analysis,Immunofluorescence ,Immunohistochemistry,Lattice Lightsheet,Light-sheet Microscopy,Microscopy,Molecular Imaging,Multiphoton Microscopy,Multiplex Fluorescence,Optical Imaging,Processing & Embedding- Histology,Proteomics,Scanning Electron Microscopy,Serial Block Face SEM Imaging,Super-resolution Microscopy,TIRF Microscopy,Tissue Embed,Training,Transmission Electron Microscopy","The Cell Sciences Imaging Facility (CSIF) provides high resolution, state-of-the-art technologies for imaging and analyzing the molecular and structural organization of cells and tissue. The facility offers sophisticated and demanding microscopy techniques (e.g. STORM, TIRF, SIM, FLIM, LLS, gSTED, airyscan, lightning, 2-photon live cell imaging, photo-activation and uncaging, array tomography, immuno-electron microscopy, high pressure freezing...) to Stanford University and industry researchers. The CSIF is organized into three imaging cores: the Fluorescence Microscopy Core (FMC) which..."
Human Immune Monitoring Center,RRID:SCR_018266,Stanford University,Palo Alto,CA,United States of America,http://himc.stanford.edu,"Assays and Measurements,CyTOF,Flow Cytometric Analysis,Luminex Bead Based Cytokine Assays,Luminex Services,Mass Cytometry,Nucleic Acid Extraction,Real-time qPCR,RNA analysis,RNA Integrity,RNAseq,Single-cell Sequencing","The Human Immune Monitoring Center (HIMC) is designed to be a comprehensive source for immune monitoring services for clinical and translational studies. Goals of the HIMC include:
 -To provide standardized, state-of-the art immune monitoring assays at the RNA, protein, and cellular level.
 -To test and develop new technologies for immune monitoring.
 -To efficiently archive, report, and mine data from immune monitoring studies, so as to increase the value of the data and to assist in biomarker discovery.
 The HIMC uses an online database for integration of data from the standard HIMC..."
Neuroscience Microscopy Service (NMS),RRID:SCR_023257,Stanford University,Stanford,CA,United States of America,nisms.stanford.edu,"Cell Imaging,Electrophysiology Services,Functional Brain Imaging,Microscopy,Multiphoton Microscopy,Optical Imaging","The Neuroscience Microscopy Service (NMS) provides access to state-of-the-art light microscopy equipment (confocal, super-resolution, two-photon, and widefield microscopes). Image analysis workstations with Imaris, NeuroLucida, MatLab and Fiji software are also available. NMS provides one-on-one training on all equipment."
Protein and Nucleic Acid Facility (PAN),RRID:SCR_018668,Stanford University,Stanford,CA,United States of America,http://pan.stanford.edu,"Copy Number Variation (CNV),DNA Analysis,Genomics,Genotyping,Library Services,Mass Spectrometry,Microarray,oligo synthesis,Peptide Synthesis,Real-time qPCR,RNA analysis,RNA Integrity,Sequencing - Capillary Sequencing,Sequencing - DNA Sequencing,Sequencing - Next Generation Sequencing (NGS),Sequencing - Protein Sequencing,Sequencing - Pyrosequencing,Single-cell Sequencing,Surface Plasmon Resonance (SPR)","The Protein and Nucleic Acid (PAN) facility is a multifaceted biotechnology fee-for-service laboratory combining technology with expertise in genomics and protein analytics to support biological and biomedical research by providing a diverse array of services to not only the Stanford research community but also other non-profits and biopharmaceutical organizations. The services provided include:
 - Gene Expression Analysis 
 - Microarrays (Full service)
 - Real-time PCR (Full service or investigator use)
 - Pyrosequencing using PyroMark technology for methylation analysis and sequence..."
Stanford Canary Center Preclinical Imaging Core Facility,RRID:SCR_023381,Stanford University,Palo Alto,CA,United States of America,https://canarycenter.stanford.edu/core-facilities/preclinical-imaging.html,"Focused Ultrasound,Functional Brain Imaging,Functional Magnetic Resonance Imaging (fMRI),Image Aquisition,Image Data Management,Image Processing And Analysis,Positron Emission Tomography (PET),Ultrasonic Imaging","Provides access to ultrasound, MRI, CT, and PET, instruments developed specifically for small animal work and photoacoustic imaging. All instruments are designed to image living subjects and allow for repeated imaging. The flexibility and rapid analyses of such animal models greatly accelerate the development of molecular imaging strategies.Facility houses surgical procedure room, histology slide scanner that converts glass slides into digital slides using both brightfield and fluorescence, and advanced image analysis workstations.Instruments include MicroPET Imaging Systems,Optical..."
Stanford Magnetic Resonance Laboratory,RRID:SCR_017808,Stanford University,Stanford,CA,United States of America,http://smrl.stanford.edu,Nuclear Magnetic Resonance (NMR),"The Stanford Magnetic Resonance Laboratory (SMRL) is a core research service center within the Stanford University School of Medicine. The facility provides research instrumentation and expertise in the area of solution-phase, high resolution Nuclear Magnetic Resonance (NMR) spectroscopy.
 
 The research focus of SMRL is primarily in the study of biological macromolecules, but also include other systems such as polymers, minerals, soils, and extracts."
Stanford Sarafan ChEM-H High Throughput Screening Knowledge Center Core Facility,RRID:SCR_023235,Stanford University,Stanford,CA,United States,https://htskc.stanford.edu,"Access To Clones,Assay Development,Assays and Measurements,Automated Liquid Handling,Compound Management,Confocal Microscopy,Consultation,Consultations,Data Analysis,Data Analysis And Interpretation,Data Processing,Data Processing And Interpretation,Fluorescence Lifetime,Fluorescence Microscope With Optical Sectioning Capability,Fluorescence Spectroscopy,Fragment-based Drug Discovery,Fragment-based Screening,High Content Screening,High-throughput Screening,Image Aquisition,Image Data Management,Live Cell Imaging,Microscopy,SiRNA Screening (human, Genome Wide),SiRNA Screening (mouse, Genome Wide),Small Molecule Compound Screening,Spinning Disk Confocal Imaging","Provides Stanford researchers with expertise, resources, technology, and training to conduct large library screens of small molecules, siRNA, and cDNA. Joint effort between Sarafan ChEM-H and the Department of Chemical and Systems Biology, to provide support and services that are often inaccessible to academic labs."
Stanford Shared FACS Facility,RRID:SCR_017788,Stanford University,Stanford,CA,United States of America,http://facs.stanford.edu/,"Analysis Workstations,Cell Sorting,CyTOF,Flow Cytometric Analysis,Flow Cytometry Data Analysis,Mass Cytometry","The SSFF provides the following services on a recharge basis to the research community:
 o Cell sorting and analysis of BSL-1 and BSL-2 samples, either with or without operator support.
 o In-depth training for researchers who want to operate the instruments themselves.
 o Consulting with researchers on design and data analysis of flow cytometry experiments.
 o Maintaining a site license for FlowJo software (originally developed in the SSFF) for the University at large, providing a 65% savings to the Stanford community.
 o Data management services, including on and off-site backups, of all..."
Stanford University Mass Spectrometry (SUMS),RRID:SCR_017801,Stanford University,Stanford,CA,United States of America,http://mass-spec.stanford.edu,"Assays and Measurements,Data Analysis,Mass Spectrometry,Proteomics,Shared Instrumentation Oversight & Maintenance","Beyond making available state-of-the-art, user-friendly facilities and services, the laboratory enables education, methods development, and new applications development, designed to meet the rapidly evolving needs of researchers.
 
 Capabilities cover both small molecules and biomolecules: chemistry and drug discovery support, intact proteins, targeted quantitation, semi-targeted and targeted metabolomics, and proteomics including protein identification, protein network analysis, protein crosslinking studies, post-translational modifications, tissue analysis, quantitative proteomics,..."
Translational Applications Service Center (TASC),RRID:SCR_023328,Stanford University,Stanford,CA,United States of America,http://tasc.stanford.edu,"Assays and Measurements,BioBanking,Cell Culture,Data Analysis,Nucleic Acid Extraction,Protein Extraction/Purification,Proteomics,Tissue Culture,Western Blot","Translational Applications Service Center (TASC) is a comprehensive shared resource center for conducting interdisciplinary studies to accelerate the pace of advances in patient therapy and diagnosis by enhancing basic research in the early stages of translation.
 
 TASC provides expert technical assistance and support to support to obtain and analyze data from molecular , proteomic, and genomic research studies. It also offers its users PeggySue, a SimpleWestern platform from ProteinSimple: a state of the art nano-fluidic Immunoassay (NIA) technology for defining protein signatures and..."
SU_CAF Microscopy Unit,RRID:SCR_023596,Stellenbosch University,Stellenbosch,,South Africa,https://www.sun.ac.za/english/research-innovation/caf/units-laboratories/microscopy,"Analysis Workstations,Confocal Microscopy,Confocal/ Super Resolution Microscope,Consultations,Correlative Light Electron Microscopy,EDX,Electron Microscopy,Fluorescence Microscope With Optical Sectioning Capability,Scanning Electron Microscopy,TIRF Microscopy,Widefield Microscopy","The Central Analytical Facilities Microscopy Unit houses light, fluorescence and electron microscopes in the Western Cape, South Africa."
SIMR Genome Engineering,RRID:SCR_021729,Stowers Institute for Medical Research,Kansas City,MO,United States of America,https://www.stowers.org/technology-centers/genome-engineering,"Capillary Electrophoresis,Cell Culture,CRISPR,CRISPR/Cas Project Design,Genome Engineering,Genotyping,Pooled Screens,Sequencing - DNA Sequencing,SgRNA Production","Our core supports genome engineering using CRISPR technology. We provide services to generate knockouts, insertions, deletions, and point mutations in various organisms. Services for genome engineering include guideRNA design, homology-directed repair template design, production of modified mammalian cell lines, preparation of reagents for delivery to embryos, and mutation detection by targeted deep sequencing. 
 Pooled screening is also coordinated and supported by our team. We acquire, prepare, and validate pooled libraries as an Institute resource. In coordination of our pooled screen..."
BioInspired Materials Research Core,RRID:SCR_025987,Syracuse University,Syracuse,NY,United States,https://bioinspired.syr.edu/MRC/,"Dynamic Mechanical Analysis,Mechanical Analysis,Surface Roughness,Thermal Analysis,Training","The facility is an enabling resource for researchers engaged in a wide spectrum of problems, ranging from fundamental studies of the biochemical and physical processes controlling cell functions to the development of new technologies for biomedical applications."
IBT Flow Cytometry and Cell Sorting Core Facility,RRID:SCR_025310,Texas A&M Health Science Center,Houston,TX,United States of America,https://ibt.tamu.edu/cores/flow-cytometry/index.html,"Cell Sorting,Drug Discovery,Flow Cytometry,Flow Cytometry Data Analysis,High-throughput Screening","The IBT Flow Cytometry and Cell Sorting Facility (FCCSF) provides a wide array of cutting-edge flow cytometry and cell sorting services, along with the necessary scientific expertise to integrate this technology into your research projects.
 
 In 2020, The High Throughput Flow Cytometry Program (HtFCP) received funding from CPRIT, in conjunction with the existing Combinatorial Drug Discovery Program (CDDP), both integral components of the Gulf Coast Consortia network. This partnership provides academic and commercial users with unprecedented access to the only High Throughput Flow..."
"IBT-Protein Production, Characterization and Molecular Interaction (PPCMI)",RRID:SCR_022200,Texas A&M Health Science Center,Houston,TX,United States,https://ibt.tamu.edu/cores/protein-production-core/index.html,"Cloning,Isothermal Titration Calorimetry,Isothermal Titration Calorimetry (ITC),Molecular Construct Services,Nucleic Acid Extraction,Protein Extraction/Purification,Protein Production,SDS-PAGE,Surface Plasmon Resonance,Surface Plasmon Resonance (SPR),Western Blot","The Protein Production, Characterization and Molecular Interaction (PPCMI) core provides cloning, expression and purification services of functional proteins at a scale that meets the quantity and purity benchmarks for structural, biophysical, biochemical, and therapeutics studies; it also characterizes macromolecular biophysics and interaction energetics using a wide variety of state-of-the-art instrumentation and techniques that can analyze association and kinetic binding constants by surface plasmon resonance, enthalpies and entropies of binding by isothermal titration calorimetry, as..."
TAMHSC-IMIL-Integrated Microscopy and Imaging Laboratory,RRID:SCR_021637,Texas A&M Health Science Center,bryan,TX,United States of America,https://medicine.tamu.edu/imil,"Cell Imaging,Confocal Microscopy,Data Analysis,Data Processing And Interpretation,In-vivo Imaging","The primary purpose of the IMIL is to support research progress and grant development by encouraging researchers to explore advanced imaging modalities and to incorporate them into their existing research programs.
 
 The IMIL provides technical expertise and cutting-edge microscope systems to support the research of faculty and staff of Texas A&M University Health Science Center, Texas A&M University, and all other campuses. The IMIL includes six microscopy rooms, supporting facilities, and an image processing station.
 
 Technical staff is available to train and assist with design,..."
TAMU - Combinatorial Drug Discovery Program (CDDP),RRID:SCR_022214,Texas A&M Health Science Center,Houston,TX,United States,https://vpr.tamu.edu/core_facility/high-throughput-research-and-screening-center/,"Assay Development,Automated Liquid Handling,Biochemical Analysis,Cell Culture,Cell Imaging,Computational - Bioinformatics,Computational - Biostatistics,Computer-assisted Neuron Tracing And Analysis,Confocal Microscope With FCS/FLIM Capabilities ,Confocal Microscopy,Consultation,Data Analysis,Data Analysis And Interpretation,Data Processing,Data Processing And Interpretation,Data Visualization,Drug Discovery,ELISA,Fluorescence Lifetime,High Content Screening,High-throughput Screening,Image Aquisition,Image Processing And Analysis,Immunoassay,Immunofluorescence ,Immunohistochemistry,Live Cell Imaging,Microscopy,Multiphoton Microscopy,Outreach,Pharmacogenomic ,Plate Reader,Pooled Screens,Single-Cell Analysis,Slide Scanning,Small Molecule Compound Screening,Small-scale Pilot Testing,Training,Widefield Microscopy","The Combinatorial Drug Discovery Program (CDDP) resides in the Texas A&M Health Science Center’s Institute of Biosciences and Technology, Houston, TX. This core provides industry standard high throughput screening and automated microscopy capabilities to scientists performing drug discovery research. The core provides many benefits, such as access to an automated infrastructure that is capable of supporting both both phenotypic and biochemical targets. The CDDP provides ready access to collections of current FDA-approved drugs and clinical candidates exhibiting the ‘drug-like’ qualities of..."
TAMU-Microphysiological Lead Optimization and Toxicity Screening facility (MLOTS),RRID:SCR_023717,Texas A&M Health Science Center,Houston,TX,United States,https://ibt.tamu.edu/centers/translational-cancer-research/stephan-lab/folder/index.html,"Assay Development,Automated Liquid Handling,Biochemical Analysis,Cell Culture,Cell Imaging,Computational - Bioinformatics,Computational - Biostatistics,Confocal Microscopy,Consultation,Data Analysis,Data Analysis And Interpretation,Data Processing,Data Visualization,High Content Screening,High-throughput Screening,Image Aquisition,Image Processing And Analysis,Inhibitor Screening,Irradiation,Live Cell Imaging,Pipeline Development,Plate Reader,Small Molecule Compound Screening","The Microphysiological Leads Optimization and Toxicity Screening facility (MLOTS) supports lead optimization programs and has established a roster of medium-throughput microphysiologic screening platforms including tissue- and tumor-on-a-chip platforms, organoid, and spheroid culture systems that will be used to evaluate the efficacy and toxicity of new lead compounds and drug combinations.
 
 The pharmaceutical industry has recognized the importance of implementing a “fail early” screening strategy early in the drug development process by adopting advanced physiological screening..."
AggieFab,RRID:SCR_023639,Texas A&M University,College Station,TX,USA,https://aggiefab.tamu.edu/,"3D Printing,Annealing Furnace,Atomic Layer Deposition,Consultations,Electron Beam Lithography,Electron Microscopy,Ellipsometry,Focused Ion Beam (FIB),Low Pressure Chemical Deposition,Nanofabrication,Optical Imaging,Photolithography,Physical Vapor Deposition,Reactive Ion Etching,Surface Roughness,Wafer Bonding,Wafer Dicing,Wire Bonding","The AggieFab Nanofabrication Facility is a shared nano/microfabrication facility located on the 1st floor of the Frederick E. Giesecke Engineering Research Building at Texas A&M University. The facility has over 6,500 sq. ft. of class 100/1000 cleanroom space with a raised access floor and vertical laminar flow. There is an additional 4,500 sq. ft. of support space, totaling 11,000 sq. ft. AggieFab houses state-of-the-art equipment for a wide range of micro- and nanoscale fabrication of diverse materials. In addition to the purchase of new nanofabrication tools, the facility acquired $5 M..."
Laboratory for Synthetic-Biologic Interactions,RRID:SCR_022287,Texas A&M University,College Station,TX,United States,https://lsbi.chem.tamu.edu/,"Assay Development,Assays and Measurements,Cell Culture,Cell Imaging,Clinical Imaging - Small Animal (luminescence/fluorescence),Confocal Microscope With FCS/FLIM Capabilities ,Confocal Microscopy,Contact Angle Measurement,Data Analysis,Data Analysis And Interpretation,Data Processing,Data Processing And Interpretation,Data Visualization,Dynamic Light Scattering,Dynamic Mechanical Analysis,Experimental Design,Fluorescence Lifetime,Fluorescence Microscope With Optical Sectioning Capability,Fluorescence Spectroscopy,FT-IR,Image Aquisition,Image Processing And Analysis,In-vivo Imaging,Live Cell Imaging,Microscopy,Optical Imaging,Plate Reader,Quartz Crystal Microbalance,Raman Spectroscopy,Rheology,Scanning 20X Brightfield,Scanning 20X Flourescent,Scanning 20X Fluorescent,Scanning 40X Brightfield,Scanning 40X Fluorescent,Spectroscopy,Tissue Culture,Training,UV-Vis Spectroscopy,Widefield Microscopy,Zeta Potential","The Laboratory for Synthetic-Biologic Interactions (LSBI) is a research facility housed in the Department of Chemistry. The LSBI is designed to be a multi-user laboratory supporting major research initiatives within the Chemistry Department, the university and extending to the broader academic and industrial scientific communities. Fifteen instruments are currently available on a fee-for-use basis, and others may be made available on case-by-case considerations."
Soft Matter Facility,RRID:SCR_022482,Texas A&M University,College Station,TX,United States,https://somf.engr.tamu.edu/,"Differential Scanning Calorimetry,Dynamic Light Scattering,Dynamic Mechanical Analysis,Gel Chromatography,Light Scattering,Mass Spectrometry,Rheology,Size Exclusion Chromatography With Multi-Angle Light Scattering,Small Angle X-rays Scattering,Thermal Analysis,Zeta Potential","The new Soft Matter Facility (SoMF) is the user facility focused on characterization of multifunctional soft materials. The facility includes four instrumentation suites based on the soft-matter-centered research areas which will be unified by the general theme of characterization of hierarchically structured multi-component, multifunctional soft materials: Molecular Characterization, Processing & Mechanics, Thin Films & Interfacial Analysis, and Nanostructure Characterization."
TAMU - Image Analysis Laboratory,RRID:SCR_022479,Texas A&M University,College Station,TX,United States,https://vetmed.tamu.edu/ial/,"3D Visualization,Cell Culture,Cell Imaging,Confocal Microscope With FCS/FLIM Capabilities ,Confocal Microscopy,Confocal/ Super Resolution Microscope,Consultation,Cryostat Histology,Data Analysis,Data Processing,Deconvolution,Electron Microscopy,Experimental Design,Fluorescence Microscope With Optical Sectioning Capability,Image Processing And Analysis,Immunofluorescence ,Immunohistochemistry,Light Scattering,Live Cell Imaging,Microscopy,Microtomy/Electron,Microtomy/Light,Multiphoton Microscopy,Optical Imaging,Plate Reader,Sample Preparation,Staining,Structural Biology,Super-resolution Microscopy,Tissue Culture,Tissue Embed,Training,Transmission Electron Microscopy,Widefield Microscopy","We provide advanced imaging technologies and image analysis tools for a broad range of life sciences research. This includes vital imaging of cellular processes within cells, tissue explants, and organoids. A variety of support services for transmission electron microscopy of biological samples are available."
TAMU Flow Cytometry Facility,RRID:SCR_022169,Texas A&M University,College Station,TX,United States,https://vtpb.tamu.edu/flow-cytometry/,"Analysis Workstations,Assay Development,Assays and Measurements,Cell Imaging,Cell Sorting,Data Analysis,Data Analysis And Interpretation,Data Processing,Data Processing And Interpretation,Exosomes Characterisation,Experimental Design,FACS Cell Sorting,Flow Cytometric Analysis,Flow Cytometry Data Analysis,High Dimensional Flow Cytometry Analysis,Image Aquisition,Image Processing And Analysis,Imaging Flow Cytometry,Imaging Flow Cytomtry,Multi-color Flow Cytometry,Protocol Development,RNA Flow Cytometry,Single-Cell Analysis,Training","The Flow Cytometry Shared Resource Facility at Texas A&M mission is to provide the highest quality flow cytometry experimental design, data collection, data analysis and cell sorting services for the faculty, students and staff of the Texas A&M University system and surrounding universities and companies. We currently provide training for flow cytometers, imaging flow cytometer, and data analysis using IDEAS and FlowJo software. We also provide staff-assisted flow cytometry and imaging flow cytometry data acquisition, cell sorting, and data analysis. The core provides experimental design..."
TAMU-AgriGenomics Laboratory,RRID:SCR_022533,Texas A&M University,College Station,TX,United States,http://agl.tamu.edu/,"Copy Number Variation (CNV),Data Analysis,DNA Analysis,DNA Isolation,Experimental Design,Genotyping,High-throughput Screening,Nucleic Acid Extraction,Plate Reader,Protocol Development,Reagents,RNA analysis,RNA Integrity,RNA Isolation","The primary goal of the AgriGenomics Lab (AGL) is to assist graduate students, staff and faculty launch, economize and expedite their research, especially when it involves DNA extraction and quality checks, targeted genotyping and DNA content analysis. We also will, as needed, facilitate usage of complementary cores and assist with research planning and data analysis.
 
 AGL members have free lab access and reduced costs for services as well as one-on-one training and advising with AGL staff. TAMU system users can purchase services at a cost-effective rates. This service is especially..."
TAMU-Materials Characterization Facility (MCF),RRID:SCR_022202,Texas A&M University,College Station,,United States,https://mcf.tamu.edu/,"Atomic Force Spectroscopy,Differential Scanning Calorimetry,Focused Ion Beam (FIB),FT-IR,Scanning Electron Microscopy,Spectroscopy,Thermal Analysis,Training,Transmission Electron Microscopy","The Materials Characterization Facility (MCF) at Texas A&M University is a core user facility supported by the Office of the Vice President for Research, the College of Engineering/TEES and the College of Science. The MCF provides researchers in the TAMU community with access to high-end instrumentation essential for fundamental studies of the surface and interfacial properties of materials, such as ion and electron based spectroscopies, electron, optical and scanning probe microscopies. The MCF is staffed by research scientists with expertise in these areas, and they provide fundamental..."
TAMU-The Center for Educational Technologies,RRID:SCR_022691,Texas A&M University,College Station,TX,United States,https://www.tamucet.org/,"2D & 3D Illustration,Graphic Design,Instructional Design,LMS Courseware & Development,Multimedia Production,Web Application Development",The Center for Educational Technologies offers services to researchers looking for collaborators or contractors for their educational or training projects. We offer development tools and hosting services to educators creating their own online training resources.
TAMU-VMBS Core Histology Laboratory,RRID:SCR_022201,Texas A&M University,College Station,TX,United States of America,https://vetmed.tamu.edu/cvm-histology-lab/research-histology-unit/,"Consultation,Cryostat Histology,Immunofluorescence ,Immunohistochemistry,Microscopy,Processing & Embedding- Histology,Scanning 20X Brightfield,Scanning 20X Fluorescent,Scanning 40X Brightfield,Scanning 40X Fluorescent,Special Stains Histology,Tissue Embed,Veterinary Pathology,Whole Slide Imaging","Provides histology (including cryosectioning, IHC and IFC) digital pathology and veterinary pathology (board certified veterinary pathologist on staff) services"
Texas A&M Preclinical Phenotyping Core,RRID:SCR_023263,Texas A&M University,College Station,TX,United States,https://genomics.tamu.edu/cores/tamu-preclinical-phenotyping-core/,"Analysis Workstations,Animal Training ,Behavioral Assessment,Behavioral Phenotyping,Blood Cell Count,Clinical Research,Cognitive Assessment,Consultation,Cryostat Histology,Data Analysis,Experimental Design,Fear Conditioning,Gait Analysis,H&E Staining,Histology,In-vivo Imaging,Indirect Calorimetry (mouse),Luminex Bead Based Cytokine Assays,Processing & Embedding- Histology,Rotarod,Serum Chemistry,Ultrasonic Imaging,Western Blot","The Texas A&M Preclinical Phenotyping Core provides a multitude of services on broad post-genomic assays for biochemical, preclinical, rodent phenotyping, and environmental toxicant studies."
Texas A&M University Microscopy and Imaging Center,RRID:SCR_022128,Texas A&M University,College Station,TX,United States of America,https://microscopy.tamu.edu/,"3D Visualization,Analysis Workstations,Brightfield Microscopy,Cell Culture,Cell Imaging,Confocal Microscope With FCS/FLIM Capabilities ,Confocal Microscopy,Confocal/ Super Resolution Microscope,Consultation,Consultations,Correlative Light Electron Microscopy,Cryo-Electron Microscopy,Cryo-Electron Tomography,Cryo-Scanning Electron Microscopy,Customized Protocols,Data Analysis,Data Analysis And Interpretation,Data Processing,Data Processing And Interpretation,Data Visualization,Deconvolution,EDS - Energy Dispersive X-ray Spectrometry,Electron Microscopy,Fluorescence Lifetime,Fluorescence Spectroscopy,Focused Ion Beam (FIB),Freeze Substitution,High-Pressure Freezing,Image Aquisition,Image Processing And Analysis,Light-sheet Microscopy,Live Cell Imaging,Microscopy,Microtomy/Electron,Microtomy/Light,Optical Imaging,Protocol Development,Sample Preparation,Scanning Electron Microscopy,Shared Instrumentation Oversight & Maintenance,Staining,STED Nanoscopy,Super-resolution Microscopy,Training,Transmission Electron Mic","The Microscopy and Imaging Center is a core user facility supported by the Office of the Vice President for Research. The MIC is staffed by research scientists with expertise in Transmission Electron Microscopy, Scanning Electron Microscopy, Light Microscopy, and supporting instruments therein. These staff members are happy to provide quality training and education through one-on-one sessions, short courses, formal courses, open house seminars, and more."
Genomics & Bioinformatics Service,RRID:SCR_026632,Texas A&M University System,College Station,TX,United States,https://www.txgen.tamu.edu/,"Bioinformatics Analysis,Illumina RNA/DNA NGS Library Construction,Sequencing - Next Generation Sequencing (NGS)","At TxGen, our mission is to revolutionize genomic research across AgriLife, COALS, and the Texas A&M University System by providing world-class laboratory and bioinformatics expertise.
 
 We're dedicated to accelerating genomic research across Texas and the world, and embodying the Aggie Core Values of Service, Excellence, Leadership, Loyalty, Respect, and Integrity."
Mouse Behavior Core,RRID:SCR_027254,The Herbert Wertheim UF Scripps Institute for Biomedical Innovation & Technology,Jupiter,FL,United States,https://wertheim.scripps.ufl.edu/cores-and-technologies/animal-models,Behavioral Assessment,The Mouse Behavior Core provides state-of-the-art equipment and software for measuring mouse behavior. The MBC can support mouse phenotyping/drug discovery test batteries as well as more focused behavioral projects.
Structural Biology Cryo Electron Microscopy Core,RRID:SCR_024555,The Herbert Wertheim UF Scripps Institute for Biomedical Innovation & Technology,Jupiter,FL,United States,https://scripps.ufl.edu/cores-and-technologies/structural-biology-cryo-electron-microscopy-core/,"Cryo-Electron Microscopy,Microscopy,Structural Biology,Super-resolution Microscopy,Transmission Electron Microscopy","Advance research by providing scientists with cryo-electron microscopy utilization, skills and knowledge to aid in their research."
The Herbert Wertheim UF Scripps Institute for Biomedical Innovation & Technology - Genetic Perturbation Screening Core,RRID:SCR_027255,The Herbert Wertheim UF Scripps Institute for Biomedical Innovation & Technology,Jupiter,FL,,https://wertheim.scripps.ufl.edu/cores-and-technologies/genetic-perturbation-screening/,"Arrayed CDNA Libraries,Arrayed ShRNA Libraries,High Throughput Plasmid Isolation,Lentivirus Packaging","Our aim is to provide researchers with guidance in planning and help with executing gene expression modulation experiments. We currently use the technology based on shRNA for gene knock-down and cDNA libraries for overexpression studies. We are equipped with genome-wide retroviral shRNA libraries for both human and mouse genomes, Mammalian Gene Collection (MGC) cDNA library, as well as smaller focused sets targeting selected gene families. We serve as your GPS – guiding your next scientific discovery."
The Herbert Wertheim UF Scripps Institute for Biomedical Innovation & Technology - Genomics Core,RRID:SCR_017827,The Herbert Wertheim UF Scripps Institute for Biomedical Innovation & Technology,Jupiter,FL,United States of America,https://wertheim.scripps.ufl.edu/cores-and-technologies/genomics-core/,"ATAC-Seq,ChIP-Seq,Directional RNA-Seq ,DNA Analysis,EM-Seq (Enzymatic Methyl-seq) ,Genomics,Illumina RNA/DNA NGS Library Construction,Library Prep Services,Real-time qPCR,RNA Analysis,RNA Integrity,RNA/DNA Quality Control,RNAseq,Sequencing - Next Generation Sequencing (NGS),Single Cell RNA Sequencing,Small/miRNA-Seq,Targeted Amplicon Sequencing,Ultra-Low RNA-Seq","Our goal is to provide investigators in our Jupiter, Florida campus as well as external investigators the latest technologies in Next Generation Sequencing (NGS).
 We strive to provide the best service possible to our research community and encourage all investigators interested in incorporating sequencing analysis to their projects to contact us. The Genomics Core uses NGS platforms to address a wide variety of research needs. Consultation on sample preparation and procedures is also provided and highly recommended before starting your projects."
Center for Electron Microscopy and Analysis,RRID:SCR_021294,The Ohio State University,Columbus,OH,United States of America,https://cemas.osu.edu,"Analysis Workstations,Consultations,Cryo-Electron Microscopy,Data Analysis,Data Processing And Interpretation,Drug Discovery,Electron Microscopy,Focused Ion Beam (FIB),MicroCT,Microscopy,Outreach,Sample Preparation,Scanning Electron Microscopy,Structural Biology,Transmission Electron Microscopy,X-ray Diffraction and Scattering","CEMAS: the materials characterization hub for business and academia.
 
 The Center for Electron Microscopy and Analysis (CEMAS) is a centralized, coordinated imaging facility where traditional boundaries between disciplines are eliminated.
 
 With one of the largest concentrations of electron and ion beam analytical microscopy instruments in any North American institution, CEMAS brings together multidisciplinary expertise to drive synergy, amplify characterization capabilities, and challenge what is possible in analytical electron microscopy.
 
 Our world-class multidisciplinary approach..."
OSU-Campus Microscopy & Imaging Facility,RRID:SCR_025078,The Ohio State University,Columbus,OH,United States,https://cmif.osu.edu/,"3D & 4D Image Processing Stations,Analysis Workstations,Brightfield Microscopy,Cell Imaging,Confocal Microscopy,Confocal/ Super Resolution Microscope,Consultation,Consultations,Correlative Light Electron Microscopy,Cryo-Ultra Microtomy,Deconvolution,Differential Interference Contrast Microscopy,Electron Microscopy,Experimental Design,Fluorescence Microscope With Optical Sectioning Capability,Immuno Electron Microscopy,Live Cell Imaging,Microscopy,Microtomy/Electron,Microtomy/Light,Multiphoton Microscopy,Multiphoton/ Harmonic Generation Microscope,Phase Contrast Microscopy,Sample Preparation,Sputter Coating,Super-resolution Microscopy,TIRF Microscopy,Tissue Embed,Tissue Processing,Training,Transmission Electron Microscopy,Widefield Microscopy","CMIF is a full-service facility, offering services from sample preparation to image processing. We offer a wide variety of instrumentation for use such as electron microscopy, light microscopy, and access to other instrumentation for use in sample prep."
UQ SBMS Imaging and Analytics Facility,RRID:SCR_019246,The University of Queensland,"St Lucia, Queensland",,Australia,https://biomedical-sciences.uq.edu.au/facilities/imaging-facilities,"Confocal Microscopy,Consultations,Droplet Digital PCR,ELISA,Flow Cytometric Analysis,Image Processing And Analysis,Laser Capture Microdissection,Luminex Services,Microscopy,PCR Arrays,Reagents,Real-time qPCR,Slide Scanning,Spectral Flow Cytometry,TaqMan Arrays,Whole Slide Imaging","The University of Queensland (UQ) School of Biomedical Sciences (SBMS) is located in Brisbane, Queensland, Australia. We house a multitude of microscopes for life science research, including a number of confocals, widefield systems, slide scanners, and analysis packages. We also host analytic instruments such as flow cytometers, imaging systems, and PCR equipment among others. Our team consists of experienced biologists and are available to help you with experiment building, troubleshooting, and data analysis."
Biomedical Imaging Center,RRID:SCR_021898,The University of Texas at Austin,Austin,TX,United States of America,https://biomedimaging.utexas.edu/,"Clinical Imaging - Small Animal (luminescence/fluorescence),Clinical Imaging - Small Animal (X-ray, Ultrasound, microCAT, MRI),Clinical Research,Computed Tomography (CT),Functional Brain Imaging,Functional Magnetic Resonance Imaging (fMRI),In-vivo Imaging,Magnetic Resonance Imaging (MRI),Nuclear Magnetic Resonance (NMR),Optical Imaging,Positron Emission Tomography (PET),Spectroscopy","The Biomedical Imaging Center (BIC) is a multimodal imaging facility that supports human and preclinical imaging research at UT and the wider community. The BIC hosts a range of systems for MRI, PET, CT and optical imaging and accommodates both independent and assisted use (for human MRI and PET/CT) on its instruments. The Center provides in house training in scanner safety and operation (for independent users) and supports a range of task / response paradigms for functional MRI (fMRI) studies."
CBRS-Bioinformatics Consulting Group,RRID:SCR_022688,The University of Texas at Austin,Austin,TX,United States,https://research.utexas.edu/cbrs/cores/cbb/,"Computational - Bioinformatics,Computational - Biostatistics,Computational - High Performance Computing,Consultations,Data Analysis And Interpretation,Data Processing And Interpretation,Data Visualization,Genome/Transcriptome Assembly And Annotation,Genomics,Genotyping-by-sequencing,Metagenomics Analysis,Methylation Analysis,Pipeline Development,R Shiny App Development,RNA analysis,RNAseq,Sequencing - Next Generation Sequencing (NGS),Single-Cell Analysis","The Bioinformatics Consulting Group provides support for students, postdoctoral fellows, and faculty interested in the use of computational approaches to solving biological problems. Our goal is to lower as much as possible the threshold to enter the -omics area of the life sciences."
Genomic Sequencing and Analysis Facility,RRID:SCR_021713,The University of Texas at Austin,Austin,TX,United States of America,https://wikis.utexas.edu/display/GSAF/Home+Page,"10x Genomics,RNA Integrity,Sequencing - DNA Sequencing,Sequencing - Next Generation Sequencing (NGS)","The GSAF is a full service genomics core, we offer consultations, Next Generation Sequencing and library prep, single cell and spatial transcriptomics and methylation arrays."
Microscopy and Flow Cytometry Facility,RRID:SCR_021756,The University of Texas at Austin,Austin,TX,United States of America,https://research.utexas.edu/cbrs/cores/mfc/,"Analysis Workstations,Cell Imaging,Cell Sorting,Confocal Microscopy,FACS Cell Sorting,Flow Cytometric Analysis,Flow Cytometry Data Analysis,High Content Screening,Image Processing And Analysis,Imaging Flow Cytometry,Imaging Flow Cytomtry,In-vivo Imaging,Live Cell Imaging,Microscopy,Multi-color Flow Cytometry,Multiphoton Microscopy,Optical Imaging,RNA Flow Cytometry,Spectral Flow Cytometry,Super-resolution Microscopy,TIRF Microscopy,Whole Slide Imaging","The Microscopy and Flow Cytometry Facility provides extensive microscopy equipment and services for ultra-structural analysis of a variety of sample types. The facility offers assisted use and training on its instrumentation and consultations on microscopy- and spectroscopy-related research.
 
 Our facility is dedicated to providing access to both standard and high-end imaging instrumentation to all levels of users."
Mouse Genetic Engineering Facility,RRID:SCR_021927,The University of Texas at Austin,Austin,TX,United States of America,https://research.utexas.edu/cbrs/cores/transgenics/,"CRISPR/Cas Project Design,ES Cell Technology (Mouse),Genome Engineering,Rederivation (Mouse)",The Mouse Genetic Engineering Facility generates transgenic mice for studying mammalian gene function and modeling human disease. The core also cryopreserves and archives transgenic mouse lines.
UT Austin Advanced Protein Therapeutics Core,RRID:SCR_023740,The University of Texas at Austin,Austin,TX,United States,https://biologics.utexas.edu/research/advanced-protein-therapeutics-core,"Antibody Characterization,Antibody Development,Antibody Drug Conjugates,Antibody Engineering,Antibody Production,Antibody Sequencing,Bispecific Antibodies,Cell Culture,Cell Imaging,Confocal Microscopy,ELISA,Enzyme Engineering,Flow Cytometric Analysis,Fluorescence Spectroscopy,High-throughput Screening,Nanobody Production,Protein Extraction/Purification,Protein Production,SDS-PAGE","The UT Austin CPRIT-funded Advanced Protein Therapeutics Core (APT) catalyzes the translation of scientific discoveries into novel protein cancer therapies. We offer therapeutic antibody and enzyme discovery, engineering, and optimization services."
UTA CBRS Biological Mass Spectrometry Facility,RRID:SCR_021728,The University of Texas at Austin,Austin,TX,United States of America,https://research.utexas.edu/cbrs/cores/bms/,"HRAM Mass Spectrometry,Mass Spectrometry,Metabolomics,Metabolomics Platform,Phosphoproteomics,Proteomics,Untargeted Mass Spectrometry","Proteomics and Metabolomics services and collaborative efforts are provided at the Biological Mass Spectrometry Facility. We use high resolution Orbitrap mass spectrometers with UPLC at high flow for metabolomics and nanoUPLC for proteomics work. We have a Bruker Autoflex for self service MALDI. Our proteomics services are protein ID, quantitation, and modification analysis, with fractionation for deeper coverage and de novo sequencing of mAbs available. We collaborate for customized projects. We have untargeted metabolomics for quantitative or qualitative analysis of extracted metabolites..."
UTA CBRS Sauer Structural Biology Laboratory,RRID:SCR_022951,The University of Texas at Austin,Austin,TX,United States,https://research.utexas.edu/cbrs/cores/cem/,"Biological photography/Photomicrography,Consultation,Cryo-Electron Microscopy,Electron Microscopy,Microscopy,Sample Preparation,Structural Biology,Structure Determination,Training,Transmission Electron Microscopy","The Sauer Structural Biology Laboratory (SSBL) is a state-of-the-art cryo-EM facility. The SSBL offers assisted and unassisted use of our high-end TEMs and ancillary sample preparation equipment, training, and collaborations."
UTA-Biomedical Research Computing Facility,RRID:SCR_021979,The University of Texas at Austin,AUSTIN,TX,United States of America,https://research.utexas.edu/cbrs/cores/cbb/computing-resources/,Computational - Interactive Compute/storage,"The Biomedical Research Computing Facility, a core facility in UT Austin's Center for Biomedical Research Support, provides small, centrally managed compute clusters and storage, suitable for local, interactive computing, to biomedical research groups."
UTD Genome Center,RRID:SCR_027149,The University of Texas at Dallas,Richardson,TX,United States,https://cores.research.utdallas.edu/genome-center/,"Illumina RNA/DNA NGS Library Construction,Metagenomics Analysis,RNA/DNA Quality Control,Sanger Sequencing ,Single Cell RNA Sequencing","UTD Genome Center provides library prep and NGS services using Illumina NextSeq 2000. Our services include sample QC, DNA, RNA bulk sequencing, single cell sequencing, and Sanger sequencing."
UAF-Genomics Core Laboratory,RRID:SCR_021291,The University of Texas Health Science Center at San Antonio,Fairbanks,AK,United States of America,https://sites.google.com/alaska.edu/genomicscorelab/home,"DNA Analysis,DNA Isolation,Genomics,Real-time qPCR,Sequencing - DNA Sequencing,Sequencing - Next Generation Sequencing (NGS),Shared Instrumentation Oversight & Maintenance","History: The Genomics Core Laboratory was established at the Institute of Arctic Biology in 1995 with a grant from the National Science Foundation (Instrumentation and Instrument Development Program). It is a staffed facility intended to keep UAF at the ""cutting edge"" of nucleic acid analysis in evolutionary biology, molecular biology, and wildlife and fisheries management. UAF has been the beneficiary of NSF EPSCoR, NIH BRIN (INBRE), and an NIH COBRE grants, parts of which have been designated for genomic instrumentation. Over the last few years the Core Facility has grown from having..."
UTHSCSA Mass Spectrometry Laboratory,RRID:SCR_022669,The University of Texas Health Science Center at San Antonio,San Antonio,TX,United States of America,https://wp.uthscsa.edu/mass-spec/,"Mass Spectrometry,Proteomics","Mass Spectrometry for protein and small molecule analyses. Services include: global/discovery proteomics (DIA-MS), protein-protein interactions, cross-linking mass spectrometry, molecular mass determination, protein identification (in-gel or solution digestion), sites of post-translational modification, targeted small molecule quantitative analysis"
UTMB NGS core,RRID:SCR_026169,The University of Texas Medical Branch at Galveston,Galveston,TX,United States,https://www.utmb.edu/mgf/next-generation-sequencing-core,"10x Genomics,10x Genomics Visium,10x Genomics Xenium,ATAC-Seq,AVITI Sequencing,ChIP-Seq,Long Read Sequencing,Oxford Nanopore Sequencing,PacBio Revio Sequencing,RIP-Seq,RNA Isoform Sequencing,RNAseq,ScRNA Sequencing,Single Cell ATAC-Seq,Single Nucleus Dissociation &amp; Sequencing (FFPE Or Frozen),Whole Genome Sequencing","UTMB NGS Core / Single cell Genomics Center offers NGS services using Element Biosciences AVITI short read sequencer, PacBio Revio and Oxford Nanopore Promethion/GridIon long read sequencers along with 10X Genomics X, 10X Genomics Visium CytAssist, and 10X Xenium Analyzer single cell/spatial technologies."
Electron Microscopy Core Facility (EMCF),RRID:SCR_012408,The University of Texas Southwestern Medical Center,Dallas,TX,United States,https://www.utsouthwestern.edu/research/core-facilities/emcf/,"Cell Imaging,Correlative Light Electron Microscopy,Electron Microscopy,Freeze Substitution,High-Pressure Freezing,Image Aquisition,Image Processing And Analysis,Immuno Electron Microscopy,Sample Preparation,Scanning Electron Microscopy,Sputter Coating,Staining,Tissue Processing,Training,Transmission Electron Microscopy","The Electron Microscopy Core Facility (EMCF) offers TEM of cells and tissues, negative staining, whole-mount SEM, correlative LM and EM, and immunogold labeling, vEM."
Molecular Screening and Protein Expression,RRID:SCR_024978,The Wistar Institute,Philadelphia,PA,United States of America,https://www.wistar.org/our-science/shared-facilities/molecular-screening-protein-expression-facility,"Cell Culture,Data Analysis,Library Services,Molecular Construct Services,Molecular Imaging,Molecular Library Services,Outreach,Protein Extraction/Purification,Viral Vectors,Virology,Western Blot","The Wistar Molecular Screening and Protein Expression Facility is a shared resource accessible to Wistar and non-Wistar scientists. The mission of the facility is to enable investigators to 1) apply cutting edge technology and unique resources to discover molecular, genetic, and small molecule compounds suitable to further study the functions of poorly understood proteins, signaling pathways, and cells in complex biological processes relevant to human physiology and disease; 2) provide technical assistance with viral vector preparation and the expression and purification of recombinant..."
TNPRC Anatomic Pathology Core,RRID:SCR_024606,Tulane University,Covington,LA,United States,https://tnprc.tulane.edu/anatomic-pathology-core,"Brightfield Microscopy,Cryostat Histology,Histology,Image Processing And Analysis,Microscopy,Necropsy,Special Stains Histology,Tissue Embed,Veterinary Pathology","The Anatomic Pathology Core (APC) is responsible for post-mortem examinations, tissue collection and distribution, fixation, processing, slide preparation, routine and special staining, and diagnostic gross and histologic pathology services. The APC also processes and interprets biopsy specimens for both research and diagnostic purposes and provides tissue trimming, paraffin processing, sectioning, and routine and special staining for clinical and research staff and faculty. The APC works closely with clinical veterinarians, and through diagnostic pathology on biopsies and necropsies,..."
TNPRC Clinical Pathology Core,RRID:SCR_024609,Tulane University,Covington,LA,United States,https://tnprc.tulane.edu/clinical-pathology-core,"Blood Cell Count,Clinical Assessment (Hematology, Clinical Chemistries, etc.)","The Clinical Pathology Core (CPC) performs clinical diagnostic testing for all research and colony animals. This includes complete blood counts, routine chemistry panels, and microbial culture workups. The lab is equipped with the Sysmex XN1000v veterinary hematology analyzer, the Beckman AU480 chemistry analyzer, and the Matrix-assisted laser desorption ionization-time of flight (MALDI-TOF) instrument for microbe identification. This data provides essential information to research staff, veterinarians, and affiliated scientists for research objectives, as well as health information about..."
TNPRC Confocal Microscopy and Molecular Pathology Core,RRID:SCR_024613,Tulane University,Covington,LA,United States,https://tnprc.tulane.edu/confocal-microscopy-and-molecular-pathology-core,"Brightfield Microscopy,Confocal Microscopy,Consultation,Fluorescence Microscope With Optical Sectioning Capability,Image Aquisition,Image Processing And Analysis,Immunofluorescence ,Immunohistochemistry,In Situ Hybridization,Microscopy,Staining","The Confocal Microscopy and Molecular Pathology Core (CMMPC) provides research support and training with molecular pathology skills, confocal microscopy, image analysis, and multicolor immunohistochemistry and in-situ hybridization techniques for internal and affiliate scientists. Services include assistance with experimental design, antibody selection, molecular probe selection, fixation and staining protocols, operating fluorescent and confocal microscopes, acquiring and storing imaging data, interpretation of results, and generation of publication-quality images. Image analysis services..."
TNPRC Flow Cytometry,RRID:SCR_024611,Tulane University,Covington,LA,United States,https://tnprc.tulane.edu/cores-and-services/flow-cytometry,"Assay Development,Blood Cell Count,Cell Sorting,Consultation,Consultations,Cytokine Assays,Data Analysis,FACS Cell Sorting,Flow Cytometric Analysis,Flow Cytometry,Flow Cytometry Data Analysis,High Dimensional Flow Cytometry Analysis,Immune Monitoring,Immunofluorescence ,Multi-color Flow Cytometry,Single-Cell Analysis,Spectral Flow Cytometry,Staining,Training","The Flow Cytometry Core provides analytical flow cytometry services and live cell sorting under enhanced Biosafety Level 2 (BSL2+) conditions. 
 
 Instruments available include six analyzers ranging from 4-30 color acquisition and three sorters using 1-,2-,4-way, and plate sorting between 6-18 colors. We provide experimental and panel design consultation as a service. 
 
 The core also provides continued education in seminar format and one-on-one sessions with user. The core is heavily utilized and supports research projects for a significant number of core and affiliate scientists.
 
 The..."
TNPRC High Containment Research Performance Core,RRID:SCR_024612,Tulane University,Covington,LA,United States,https://tnprc.tulane.edu/hcrpc,"Assay Development,Assays and Measurements,Blood Cell Count,Blood Processing,CDNA Synthesis,Cytokine Assays,Data Analysis,ELISA,Flow Cytometry,Immunization,Immunoassay,Live Cell Imaging,Luminex Bead Based Cytokine Assays,Necropsy,Nucleic Acid Extraction,Protocol Development,Real-time qPCR,RNA Isolation,Sample Preparation,Tissue Embed,Tissue Extraction","The High Containment Research Performance Core (HCRPC) provides full or partial support for researchers seeking to perform BSL3 and BSL2/BSL3 Select Agent studies and provides services for bacterial/viral culture and propagation, sample preparation, and processing of blood, BAL, single cell isolation, flow cytometry, and more. This core offers project management assistance in study design, budgeting, and IACUC and IBC preparation. Our standard operating procedures have been tested to ensure consistent practices and have undergone rigorous quality assurance processes to ensure..."
UCH-Flow Cytometry Core Facility,RRID:SCR_017698,UConn Health,Farmington,CT,United States of America,https://health.uconn.edu/flow-cytometry/,"Cell Sorting,Data Analysis,Data Processing And Interpretation,Flow Cytometric Analysis,High Dimensional Flow Cytometry Analysis,High-throughput Screening,Imaging Flow Cytometry,Multi-color Flow Cytometry","State of the art flow cytometry core facility housing 2 BD FACSymphony A5 spectral edition, BD LSR II, Amnis Imagestream X Mark II, Accuri C6, and Bio-Rad ZE5 for cellular analysis along with a BD FACS ARIA II and BD FACSymphony S6 spectral edition cell sorter. Expertise in large cell and small particle (EV) sorting and analysis. We also have the capacity to sort unfixed biohazardous samples in line with risk assesments. Most users come for analysis and sorting, but we also offer staining and sample preparation as negotiated.
 
 http://health.uconn.edu/flow-cytometry"
UNC Flow Cytometry Core Facility,RRID:SCR_019170,UNC Lineberger Comprehensive Cancer Center,Chapel Hill,NC,United States of America,https://www.med.unc.edu/flowcytometry/,"Assay Development,Cell Sorting,Consultation,CyTOF,Data Analysis,Experimental Design,FACS Cell Sorting,Flow Cytometric Analysis,High Dimensional Flow Cytometry Analysis,Imaging Flow Cytometry,Mass Cytometry,Multi-color Flow Cytometry,Protocol Development,RNA Flow Cytometry,Single Particle Extracellular Vesicle Flow Cytometry,Spectral Flow Cytometry","The UNC Flow Cytometry Core Facility (FlowCore) provides state-of-the-art flow cytometry services to the entire UNC-CH research community as well as to others in the Research Triangle Park area. A skilled staff provides help with experimental design, sample acquisition, data analysis, and sorting. Training is available to enable investigators and their staff to run the analyzers independently at reduced cost. A major part of our mission is to teach this technology to investigators, students, and staff. We are committed to providing guidance for the highest level of rigor and..."
Cellular Imaging Core,RRID:SCR_021964,Universidad Nacional Autónoma de México,Los Angeles,CA,United States of America,https://www.chla.org/research/cellular-imaging-core,"3D Visualization,Analysis Workstations,Bioimage Informatics,Cell Imaging,Confocal Microscope With FCS/FLIM Capabilities ,Confocal Microscopy,Confocal/ Super Resolution Microscope,Deconvolution,Fluorescence Lifetime,Fluorescence Microscope With Optical Sectioning Capability,Image Aquisition,Image Processing And Analysis,Light-sheet Microscopy,Live Cell Imaging,Microscopy,Optical Imaging,Optical Projection Tomography (OPT),Super-resolution Microscopy,Training,Widefield Microscopy","The Cellular Imaging Core provides state-of-the-art equipment in microscopy and digital imaging. The primary focus of the Core is technology transfer and provision of facilities for acquisition and analysis of histological and cytological preparations. An important aspect of this technology transfer is to provide training in the use of imaging instrumentation, as well as in the application of image analysis procedures for generation of quantitative data."
LIAFQ-IQ - Laboratory of Physicochemical Analysis,RRID:SCR_027389,Universidade Estadual de Campinas (UNICAMP),Campinas - SP,,Brazil,https://www.iqm.unicamp.br/institucional/infraestrutura/cemuiq/liafq/,Inductively Coupled Plasma Optical Emission Spectroscopy,"The Laboratory for Physicochemical Analysis of IQ-UNICAMP houses equipment for a range of analytical techniques:
 
 Thermal Analysis comprises techniques that measure the physical or chemical properties of a substance, or its reaction products, under controlled temperature variation.
 
 Atomic Spectrometry enables multi-element determination in solution samples.
 
 Elemental Analysis is used to determine the Carbon, Hydrogen, and Nitrogen content in solid and viscous samples.
 
 Nitrogen Physisorption is a technique used to determine the surface area and pore size of solid materials."
LIBio-IQ - Biosefaty Laboratories,RRID:SCR_027390,Universidade Estadual de Campinas (UNICAMP),Campinas,,,https://www.iqm.unicamp.br/institucional/infraestrutura/cemuiq/libio/,"Biochemical Analysis,Cellular Metabolism Assays,Microbiological Culturing,Protein Production",The LIBio (Institutional Biosafety Laboratories) belongs to the Institute of Chemistry of UNICAMP (IQ - UNICAMP) and are structured to accommodate works involving pathogenic bacteria and fungi or genetically modified organisms (GMO). These three laboratories are part of the CTNBio (Brazilian National Technical Council of Biosafety) accredited areas and have their research activities monitored by CIBio -IQ (Internal Commission of Biosafety).
LICel-IQ - Cell Culture Laboratory,RRID:SCR_027349,Universidade Estadual de Campinas (UNICAMP),"Campinas, São Paulo",,,https://www.iqm.unicamp.br/institucional/infraestrutura/cemuiq/licel/,"Cell Culture,Cellular Metabolism Assays,ELISA","The LICEL (Institutional Cell Culture Laboratory) belongs to the Institute of Chemistry of UNICAMP (IQ - UNICAMP) and it was designed and implemented to accommodate works involving the cultivation of mammalian and insect cells, including genetically modified organisms (GMOs). This laboratory is accredited by CTNBio (Brazilian National Technical Council of Biosafety), and its research activities are monitored by CIBio - IQ (Internal Commission of Biosafety)."
LIMicro-IQ - Microscopy Core Facility,RRID:SCR_024633,Universidade Estadual de Campinas (UNICAMP),"Campinas, São Paulo",,Brazil,https://www.iqm.unicamp.br/en/research/limicro/,"Confocal Microscopy,Cryo-Ultra Microtomy,Data Analysis And Interpretation,Electron Microscopy,Fluorescence Microscope With Optical Sectioning Capability,Kelvin Probe Force Microscopy,Microscopy,Scanning Electron Microscopy","The Microscopy Laboratory at the Institute of Chemistry, Unicamp, is committed to advancing scientific research in the field of chemistry.
 
 Our mission is to offer comprehensive support to researchers and corporate users.
 
 Our well-equipped laboratory includes essential instruments like Scanning Electron Microscopy (SEM), Atomic Force Microscopy (AFM), Confocal Laser Scanning Microscopy (CLSM), and Optical Microscopy.
 
 Additionally, we provide sample preparation techniques, including ultramicrotome, ultracryomicrotome, and sputter coating. We also offer training and technical support."
LIRMN-IQ,RRID:SCR_027247,Universidade Estadual de Campinas (UNICAMP),"Campinas, São Paulo",,Brazil,https://www.iqm.unicamp.br/institucional/infraestrutura/cemuiq/lirmn,Nuclear Magnetic Resonance (NMR),Institutional laboratory of Nuclear Magnetic Resonance (NMR) of the Institute of Chemistry of UNICAMP.
LISpec-IQ-Spectroscopy Core Facility,RRID:SCR_027391,Universidade Estadual de Campinas (UNICAMP),"Campinas, São Paulo",,,https://www.iqm.unicamp.br/en/research/lispec/,"Circular Dichroism (CD),Fluorescence Lifetime,Fluorescence Spectroscopy,Raman Spectroscopy,Spectrophotometry","The Institutional Spectroscopy Laboratory is equipped with a comprehensive suite of instruments for spectroscopic analysis. Our capabilities include absorption spectroscopy (UV-Vis, NIR, and IR), Raman scattering, and fluorescence emission spectroscopy."
CRCHUM-Cell Imaging,RRID:SCR_022726,Université de Montréal,Montreal,QC,Canada,https://www.chumontreal.qc.ca/crchum/plateformes-services/imagerie-cellulaire,"3D & 4D Image Processing Stations,3D Visualization,Analysis Workstations,Cell Imaging,Confocal Microscopy,Confocal/ Super Resolution Microscope,Consultation,Consultations,Deconvolution,Fluorescence Microscope With Optical Sectioning Capability,Functional Brain Imaging,Image Aquisition,Image Processing And Analysis,Immunofluorescence ,In-vivo Imaging,Live Cell Imaging,Microscopy,Multiphoton Microscopy,Multiphoton/ Harmonic Generation Microscope,Multiplex Fluorescence,Optical Imaging,TIRF Microscopy,Training","Optical and Fluorescence microscopy facility. From regular brightfield microscopes to high performence LSM900- Airyscan confocal microscope.
 Also Image Analysis with Imaris Full Spectrum and ClearDeconvolution software."
University of Montreal Bio-Imaging Platform,RRID:SCR_022311,Université de Montréal,Montreal,QC,Canada,https://wiki.umontreal.ca/display/Microscopie/Microscopy+FacMed,"Confocal Microscope With FCS/FLIM Capabilities ,Confocal Microscopy,Confocal/ Super Resolution Microscope,Fluorescence Microscope With Optical Sectioning Capability,Microscopy,Multiphoton Microscopy,Single-molecule Imaging,Spinning Disk Confocal Imaging,Super-resolution Microscopy,Widefield Microscopy",Bio-Imaging platform offering a wide diversity of instruments and applications coupled to dedicated support and expertise in microscopy.
CERVO Canadian Optogenetics and vectorology Foundry core,RRID:SCR_016477,Université Laval,Quebec,QC,Canada,https://neurophotonics.ca/canadian-optogenetics-vectorology-foundry,"Cloning,CRISPR/Cas Project Design,DNA Analysis,DNA Isolation,Droplet Digital PCR,FACS Cell Sorting,Flow Cytometric Analysis,Flow Cytometry Data Analysis,Fluorescence Lifetime,Focused Ultrasound,Genome Engineering,In-vivo Imaging,Microscopy,Molecular Construct Services,Multi-color Flow Cytometry,Multiphoton Microscopy,Nucleic Acid Extraction,Real-time qPCR,Super-resolution Microscopy,Surface Plasmon Resonance,Surface Plasmon Resonance (SPR),Ultrasonic Imaging,Viral Vectors,Virology","We offer a molecular biology service, genetically encoded light sensitive molecules design as well as viral vector production. We package adenoviruses, AAV, lentiviruses, retroviruses and G-deleted Rabies viruses mostly for optogenetics use. We offer custom services for optogenetics and viral vector production."
"Center for Functional Genomics, Microarray &HT Sequencing Core",RRID:SCR_018262,"University at Albany, State University of New York",Albany,NY,United States of America,http://www.albany.edu/genomics/microarray.html,"10x Genomics,Assays and Measurements,Biochemical Analysis,Bisulfite Conversion,Cell Line Authentication,ChIP-Seq,Computational - Bioinformatics,Data Analysis,Discovery Science,DNA Analysis,DNA Isolation,Genomics,Genotyping,Laser Capture Microdissection,Library Services,Microarray,Nucleic Acid Extraction,OpenArray,PCR Arrays,Real-time qPCR,RNA analysis,RNA Integrity,RNA Isolation,RNAseq,Sequencing - Capillary Sequencing,Sequencing - Next Generation Sequencing (NGS),Shared Instrumentation Oversight & Maintenance,Single-cell Sequencing,Slide Scanning","Next gen sequencing (Illumina, MinIon, Wafergen-Takara, 10x genomics)
 DNA microarrays (Affymetrix, Agilent, custom)"
RNA Epitranscriptomics and Proteomics Resource,RRID:SCR_017695,"University at Albany, State University of New York",Albany,NY,United States of America,http://www.albany.edu/repr,"2D-PAGE,Antibody Sequencing,Assay Development,Assays and Measurements,Biochemical Analysis,Capillary Electrophoresis,Gel Chromatography,HPLC,Isothermal Titration Calorimetry (ITC),Lipidomics,Mass Spectrometry,Metabolomics,Phosphoproteomics,Protein Extraction/Purification,Proteomics,RNA analysis,SDS-PAGE,Sequencing - Protein Sequencing,Shared Instrumentation Oversight & Maintenance,Western Blot","The RNA Epitranscriptomics and Proteomics Resource (REPR), built upon the existing Proteomics core facility as well as the RNA Institute Mass Spectrometry Center, is a joint venture between the VPR office and the Dean of the College of Arts and Sciences. This specialized laboratory maintains a comprehensive state-of-the-art mass spectrometry research facility to support a wide range of internal and external research projects. The REPR is dedicated to providing high quality mass spectrometry services in a time and cost-effective manner. We are a full-service provider of both small and large..."
University of Alabama at Birmingham Biological Data Science Core,RRID:SCR_021766,University of Alabama at Birmingham,Birmingham,AL,United States of America,https://www.uab.edu/cores/ircp/bds,"Computational - High Performance Computing,Copy Number Variation (CNV),Data Visualization,Genomics,Pipeline Development,R Shiny App Development,RNA analysis,RNAseq,Sequencing - DNA Sequencing,Sequencing - Next Generation Sequencing (NGS),Single-Cell Analysis,Spatial Transcriptomics,Training,Whole Genome Sequencing","The UAB Biological Data Science Core (U-BDS) offers access to computational biology capabilities. 
 
 U-BDS aims to provide services, foster long-term collaborations with the UAB research community, and provide training for biomedical investigators on a specific set of analysis tools and techniques.
 
 We place special emphasis in the areas of genomics, transcriptomics, systems biology and translational medicine. Our services include data analysis, biological interpretation, grant assistance, and training."
BioSci Advanced Microscopy Facility,RRID:SCR_025329,University of Alberta,Edmonton,AB,United States of America,https://www.ualberta.ca/biological-sciences/services/mf/index.html,"Biological photography/Photomicrography,Brightfield Microscopy,Cell Imaging,Confocal Microscopy,Differential Interference Contrast Microscopy,Electron Microscopy,H&E Staining,Histology,Immuno Electron Microscopy,Immunofluorescence ,Immunohistochemistry,Laser Scanning,Light-sheet Microscopy,Live Cell Imaging,Microscopy,Microtomy/Electron,Microtomy/Light,Negative Staining For TEM,Paraffin Embedding,Processing & Embedding- Histology,Processing &amp; Embedding- Histology,Scanning Electron Microscopy,Special Stains Histology,Sputter Coating,Staining,Stereomicroscopy,Training","Paraffin embedding and histology, epifluorescence microscopy and confocal LSM, SEM and TEM sample prep and imaging.
 
 Open to all University of Alberta members and external users for an additional fee."
Faculty of Medicine & Dentistry Advanced Cell Exploration Core,RRID:SCR_019182,University of Alberta,Edmonton,AB,Canada,https://www.ualberta.ca/medicine/research/corefacilities/hcacore/index.html,"10x Genomics,ATAC-Seq,Genomics,High Content Screening,RNAseq,Sequencing - Next Generation Sequencing (NGS),Single-cell Sequencing,Small Molecule Compound Screening,Spatial Transcriptomics","The Faculty of Medicine & Dentistry Advanced Cell Exploration (ACE) Core houses equipment to manage and automate large-scale experiments in areas such as drug discovery, single cell analysis and next generation sequencing. From sample processing and liquid handling to quantitative analysis of sequencing, imaging, and fluorescent data, the core offers high-throughput methods for researchers‘ screening . Equipment are organized into the following technology nodes: 1) Nucleic Acid and Sequencing Technologies; 2) Single Cell Profiling; 3) Genetic and Chemical Screening Libraries; 4) Auxiliary..."
Faculty of Medicine & Dentistry Autoclave Repair Core,RRID:SCR_019180,University of Alberta,Edmonton,AB,Canada,https://www.ualberta.ca/medicine/research/corefacilities/autoclave-repair-core.html,Shared Instrumentation Oversight & Maintenance,"The Autoclave Repair Core provides on-site repair and maintenance services for autoclaves and laboratory washers in the Faculty of Medicine & Dentistry (FoMD). The Core is also responsible, in collaboration with Environment, Health & Safety, for temperature probe calibrations of autoclaves located in FoMD enhanced biocontainment facilities."
Faculty of Medicine & Dentistry Cell Imaging Core,RRID:SCR_019200,University of Alberta,Edmonton,AB,Canada,https://www.ualberta.ca/medicine/research/corefacilities/cell-imaging-core/index.html,"Cell Imaging,Confocal Microscopy,Data Analysis,Electron Microscopy,Focused Ion Beam (FIB),Microscopy,Optical Imaging,Serial Block Face SEM Imaging,Super-resolution Microscopy,Transmission Electron Microscopy","The Faculty of Medicine & Dentistry Cell Imaging Core provides services and training for imaging and analysis of live or fixed cells and tissues. A wide range of cutting-edge image acquisition equipment and expert consultation for experimental design related to light and electron microscopy are offered, with full technical assistance, from sample processing through image analysis."
Faculty of Medicine & Dentistry Flow Cytometry Facility,RRID:SCR_019195,University of Alberta,Edmonton,AB,Canada,https://www.ualberta.ca/medicine/research/corefacilities/flow-cytometry-facility/index.html,"Analysis Workstations,Cell Sorting,Data Analysis,Flow Cytometric Analysis,Imaging Flow Cytometry","The Faculty of Medicine & Dentistry Flow Cytometry Facility is a multi-user facility offering state-of-the-art analytical flow cytometry, cell sorting and data analysis."
Faculty of Medicine & Dentistry Lipidomics Core,RRID:SCR_019176,University of Alberta,Edmonton,AB,Canada,https://www.ualberta.ca/medicine/research/corefacilities/lipidomics-core/index.html,"GC,HPLC,Lipidomics,Mass Spectrometry","The Faculty of Medicine & Dentistry Lipidomics Core assists researchers in isolating and quantifying lipids and lipid-related molecules in experimental samples. The Core uses high-performance liquid chromatography (HPLC), gas chromatography (GC), and fast-protein liquid chromatography (FPLC) for both qualitative and quantitative analysis of lipids and lipoproteins, as well as other compounds by special request."
Faculty of Medicine & Dentistry Transgenic Core,RRID:SCR_019175,University of Alberta,Edmonton,AB,Canada,https://www.ualberta.ca/medicine/research/corefacilities/transgenic-facility/index.html,"Assisted Reproductive Technologies (Rodent IVF, ICSI),Embryo Cryopreservation & Recovery Services,Rederivation,Sperm Cryopreservation,Transgenics",The Faculty of Medicine & Dentistry Transgenic Core provides mouse transgenic and cryopreservation services.
Faculty of Medicine & Dentistry Workshop,RRID:SCR_019181,University of Alberta,Edmonton,AB,Canada,https://www.ualberta.ca/medicine/research/corefacilities/workshop.html,"Electronics & Fabrication Shop,Fabrication","The Faculty of Medicine & Dentistry Workshop provides a number of services, including repair of lab equipment and biosafety cabinets, metal and acrylic fabrication, woodworking, welding, machining, and calibration of pipets."
PHHL - Precision Human Health Laboratory,RRID:SCR_026314,University of Alberta,Edmonton,AB,Canada,https://sites.google.com/ualberta.ca/phhl/home,"Analysis Workstations,Biochemical Analysis,Clinical Assessment (Hematology, Clinical Chemistries, etc.),Clinical Research,Clinical Research Coordination/Scheduling,Clinical Trial Support,Physical Activity Assessment,Ultrasonic Imaging","The Precision Human Health Laboratory (PHHL) is a specialized collaborative research facility at the University of Alberta, Canada. Our group adopts a multidisciplinary approach to advance the understanding of the three aims. Aim 1. Understand the mechanism(s) of vascular dysfunction in chronic disease
 Aim 2. Identify how vascular dysfunction contributes to exercise intolerance 
 Aim 3. Evaluate how exercise training improves vascular dysfunction and exercise intolerance using innovative clinical trial designs.
 These common aims will be examined by the principal investigators across..."
Arizona Genetics Core (AZGC),RRID:SCR_012429,University of Arizona,Tucson,AZ,United States of America,https://azgc.arizona.edu,"10x Genomics,ATAC-Seq,Cell Line Authentication,Data Analysis,DNA Analysis,DNA Isolation,Genomics,Genotyping,Library Services,Methylation Analysis,MRNA Library Prep,Nanostring,Nanostring NCounter,Nucleic Acid Extraction,Real-time qPCR,RNA analysis,RNA Integrity,RNA Isolation,RNAseq,Sample Preparation,Sequencing - Capillary Sequencing,Sequencing - DNA Sequencing,Sequencing - Next Generation Sequencing (NGS),Single-cell Sequencing,Spatial Transcriptomics,Transcriptomics,Visium HD Spatial Transcriptomics,Whole Exome Sequencing,Whole Genome Sequencing","AZGC provides a wide range of molecular biotechnology services and current molecular genetic methods. Fee-per-use services such as DNA and RNA Extraction, transgenic mouse genotyping, Human Cell line Authentication, Sanger DNA Sequencing, Next-Generation sequencing platforms, Microsatellite DNA Typing, Real-time PCR, NanoString Gene Expression Analysis, and many others are available at a low cost to the entire research community. We specialize in custom workflows that couple our services with your specific research needs."
CBC Electron Paramagnetic Resonance (EPR) Facility,RRID:SCR_022883,University of Arizona,Tucson,AZ,United States of America,https://cbc.arizona.edu/rss/epr-facility,"Paramagnetic Resonance,Spectroscopy,Structure Determination","A research facility for studying paramagnetic centers by continuous wave and pulsed EPR techniques to obtain information on the electronic, chemical, and geometric molecular structures."
CBC Electronics Facility,RRID:SCR_023035,University of Arizona,Tucson,AZ,USA,https://cbc.arizona.edu/rss/electronics-facility,"Consultation,Electronic Design,Electronics & Fabrication Shop,Electronics Repair","Supporting the research community through troubleshooting, repair and new designs for electronic instrumentation, equipment and experiments."
CBC Glassblowing Facility,RRID:SCR_023036,University of Arizona,Tucson,AZ,USA,https://cbc.arizona.edu/rss/glass-facility,Glassblowing,A full-service facility for the design and fabrication of specialized scientific glassware as well as repairs and modifications of existing glassware.
CBC Machine Shop,RRID:SCR_023034,University of Arizona,Tucson,AZ,USA,https://cbc.arizona.edu/rss/machine-shop,"Consultation,Machining,Mechanical Design",A full-service precision machine shop specializing in the design and construction of custom equipment for scientific research and teaching.
CBC Molecular Structures Core (MSC),RRID:SCR_022888,University of Arizona,Tucson,AZ,United States of America,https://cbc.arizona.edu/rss/molecular-structures-core,"Nuclear Magnetic Resonance (NMR),Protein NMR","The Molecular Structures Core (MSC) enables researchers to determine the structures and dynamics, or motions, of large biomolecules such as proteins and DNA to understand how they interact with each other and with small molecules such as drugs."
CBC X-Ray Diffraction (XRD) Facility,RRID:SCR_022886,University of Arizona,Tucson,AZ,United States of America,https://cbc.arizona.edu/rss/xrd-facility,"X-Ray Crystallography,X-ray Diffraction and Scattering",A research facility for investigation of single crystal and powder/thin film samples by X-Ray diffraction techniques.
CBC-W.M. Keck Center for Nano-Scale Imaging,RRID:SCR_022884,University of Arizona,Tucson,AZ,United States of America,https://cbc.arizona.edu/research/support-services/facilities/wm-keck-center-nano-scale-imaging,"Analysis Workstations,Atomic Force Spectroscopy,Differential Scanning Calorimetry,FT-IR,Microscopy,Optical Imaging,Outreach,Scanning Electron Microscopy,Spinning Disk Confocal Imaging,Thermal Analysis,Thermogravimetric Analysis,TIRF Microscopy,Training","An interdisciplinary research facility in the areas of imaging, nano-science and spectroscopy for measuring surface topography, surface properties, electrical measurements, fluorescence, sub-monolayer visible spectroscopy, and molecular structures."
UA CBC Electron Photoemission Spectroscopy and Imaging Laboratory for Observation at the Nanoscale (EPSILON),RRID:SCR_022887,University of Arizona,Tucson,AZ,United States of America,https://sites.google.com/view/epsilon-uarizona/home?authuser=0,"Photoelectron Spectroscopy,Spectroscopy","The facility offers a combination of state-of-the-art valence and core-level characterization capabilities together with unique imaging spectroscopies. EPSILON@UA is equipped with X-ray Photoemission Spectroscopy (XPS), Ultraviolet Photoemission Spectroscopy (UPS), Inverse Photoemission Spectroscopy (IPES), energy-filtered Photoelectron Emission Microscopy (PEEM), and spatially-resolved Angle-Resolved Photoemission Spectroscopy (μARPES) and spatially-resolved X-ray Photoemission Spectroscopy."
UA CBC Laboratory for Electron Spectroscopy and Surface Analysis (LESSA) Facility,RRID:SCR_022885,University of Arizona,Tucson,AZ,United States of America,https://cbc.arizona.edu/rss/lessa-facility,"Data Analysis And Interpretation,Data Processing And Interpretation,Photoelectron Spectroscopy,Spectroscopy","A photoelectron spectroscopy and thin-film deposition facility supporting thin-film design, growth and analysis research programs."
UA CBC Nuclear Magnetic Resonance Facility,RRID:SCR_012716,University of Arizona,Tucson,AZ,United States of America,https://cbc.arizona.edu/rss/nmr-facility,"Data Analysis And Interpretation,Nuclear Magnetic Resonance (NMR)","An interdisciplinary NMR spectroscopy research facility for structural elucidation and study of conformation and dynamics of organic compounds, peptides, oligonucleotides and other small biopolymers."
UA-Arizona Molecular Clinical Core,RRID:SCR_024479,University of Arizona,Tucson,AZ,United States,https://azclincore.arizona.edu/,"Assay Development,Automated Immunoassay Platforms,Automated Liquid Handling,Clinical Research,Clinical Trial Support,DNA Isolation,ELISA,Genotyping,Nucleic Acid Extraction,Pharmacogenomic ,Plate Reader,Real-time qPCR,RNA Isolation","The Arizona Molecular Clinical Core (AZClinCore) is a CLIA certified/CAP accredited laboratory specializing in high-complexity genetic and serological (ELISA) clinical testing and research. AZClinCore provides inpatient and outpatient diagnostic testing services as well as support for clinical trial and clinical research activities for physicians, researchers and industry clients. The AZClinCore has aided numerous industry and research partners in the development of novel genetic testing and clinical trial protocols as well as providing evaluations for new technology and testing platforms...."
UArizona Analytical & Biological Mass Spectrometry Facility,RRID:SCR_023370,University of Arizona,Tucson,AZ,United States,https://ua.ilab.agilent.com/service_center/4535/?tab=about,"Amino Acid Analysis,Antibody Characterization,Antibody Sequencing,Consultation,Consultations,Data Analysis,Data Analysis And Interpretation,Data Processing,GC,Gel Chromatography,Global PTM Mapping,HPLC,HRAM Mass Spectrometry,Imaging Mass Spectrometry,Label Free Quantitative Proteomics,Lipidomics,Mass Spectrometry,Mass Spectrometry - Proteins And Peptides,Mass Spectrometry - Small Molecules,Metabolomics,Nano-LC-MS -complex Mixtures,Peptide Purification And Analysis,Phosphoproteomics,Protein Extraction/Purification,Proteomics,Proteomics Analysis,Protocol Development,Quantitative Phosphoproteomics,Quantitative Proteomics - TMT,RNA Modification Analysis,Sample Preparation,SDS-PAGE,TMT-Quantitation","At the Analytical & Biological Mass Spectrometry Facility (ABMS), we have state-of-the-art equipment and unparalleled expertise for the analysis of a variety of biological and small molecules. One of our specializations includes protein-analysis encompassing: protein identification, protein and peptide sequence confirmation, intact protein molecular weight determination, complex protein sample analysis, and protein/antibody-drug interactions. In addition to proteomics, the ABMS team has developed an in-house metabolomics library (currently containing >700 compounds) to support metabolomic..."
UArizona Flow Cytometry and Human Immune Monitoring Shared Resource,RRID:SCR_023432,University of Arizona,Tucson,AZ,United States,https://www.cores.arizona.edu/facilities/flowcytometry,"Cell Sorting,FACS Cell Sorting,Flow Cytometric Analysis,Flow Cytometry Data Analysis,Imaging Flow Cytometry,Imaging Flow Cytomtry,Multi-color Flow Cytometry,Spectral Flow Cytometry","Flow Cytometry
 Our state-of-the-art flow cytometry instrumentation is available for data acquisition, analysis, and cell sorting, and the technical expertise to interpret results, and develop methods. We offer information about new techniques, and applications of flow cytometry through workshops and seminars, and provide training to interested facility users who wish to run their own samples. Individual consultation services are available to discuss the specifics of each project.
 
 Flow cytometry is a powerful tool that measures the functional and structural characteristics of..."
UArizona Functional Genomics Core,RRID:SCR_023433,University of Arizona,Tucson,AZ,United States,http://fgc.arizona.edu,"Assay Development,Assays and Measurements,Automated Immunoassay Platforms,Automated Liquid Handling,Cell Culture,Cell Imaging,Confocal Microscopy,Drug Discovery,End-to-end Service,Fluorescence Spectroscopy,Genomics,High Content Screening,High-throughput Screening,Image Aquisition,Immunoassay,Immunofluorescence ,Library Services,Live Cell Imaging,Optical Imaging,Pipeline Development,Plate Reader,Project Management,SiRNA Screening (human, Genome Wide),Tissue Culture,Training,Whole Slide Imaging","The Functional Genomics Core’s mission is to provide researchers at the University of Arizona with the capacity to run high-throughput compound, RNAi, and deletion library based screens for the purpose of network analysis, drug and/or target discovery. We will work with you to develop an assay, carryout a screen and/or analyze the data. The equipment in the laboratory is also available for general (low-throughput) use.
 
 Our facility is setup in a modular fashion to ensure flexibility. We will develop a custom pipeline to meet your research goals.
 
 Our Biomek FX liquid handling..."
UArizona Imaging Cores - Electron,RRID:SCR_023279,University of Arizona,Tucson,AZ,United States of America,https://research.arizona.edu/facilities/search/imaging-cores-electron-life-sciences-north,"Data Analysis And Interpretation,Electron Microscopy,Image Aquisition,Image Processing And Analysis,Immuno Electron Microscopy,In Situ Hybridization,Microscopy,Microtomy/Electron,Microtomy/Light,Negative Staining For TEM,Protocol Development,Sample Preparation,Staining,Tissue Embed,Training,Transmission Electron Microscopy","The Imaging Cores - Electron provides access and advanced expertise in life sciences Transmission Electron Microscopy (TEM) related research, from consultation to imaging, data analysis and training, delivered to internal users on campus, and external institutions and private sector."
University of Arizona Imaging Cores - Optical,RRID:SCR_023355,University of Arizona,Tucson,AZ,United States,https://www.cores.arizona.edu/facilities/opticalimaging/,"Confocal Microscopy,Confocal/ Super Resolution Microscope,Fluorescence Microscope With Optical Sectioning Capability,Image Aquisition,Image Processing And Analysis,Microscopy,Multiphoton Microscopy,Multiphoton/ Harmonic Generation Microscope,Stereomicroscopy,Super-resolution Microscopy,Widefield Microscopy","The Office of Research and Partnerships (ORP) Imaging Cores - Optical facility is a scientific core facility with two locations (Marley, Life Sciences North) dedicated to the acquisition of images for research, industrial and clinical applications. We offer multi-user access to high quality state-of-the-art technologies and cost-effective analytical services.
 
 The Marley location features an inverted point scanning confocal microscope, an upright confocal/multiphoton microscope with superresolution capabilities, a fluorescence stereo microscope and a research quality microwave. The..."
Flow Cytometry Core Facility,RRID:SCR_017741,University of Arkansas for Medical Sciences,Little Rock,AR,United States of America,www.uams.edu/flowcytometry,"Cell Sorting,Data Analysis,Flow Cytometric Analysis","The Flow Core facility offers several services including analysis by flow cytometry, cell sorting and cytokine analysis. The Facility has 3 instruments: FACS Calibur for up to 4-color analysis, DNA cell cycle, cell proliferation, etc, the FACS Aria for up to 9 color analysis as well as cell sorting, and the Bioplex for cytokine analysis."
UOB Intravital Microscopy,RRID:SCR_027189,University of Birmingham,Birmingham,,,https://www.birmingham.ac.uk/university/colleges/mds/facilities/intravital-microscopy-suite,Multiphoton Microscopy,Intravital Microscopy Suite
BCCHR Flow Core,RRID:SCR_026601,University of British Columbia,Vancouver,BC,Canada,https://www.bcchr.ca/flowcore,"FACS Cell Sorting,Flow Cytometry,Flow Cytometry Training ,Spectral Flow Cytometry","Flow cytometry is a powerful technology used for characterizing and analyzing cells. The fluidics, optics, and electronics systems in flow cytometry work together to simultaneously measure and analyze multiple physical characteristics of particles, usually, cells, as they move in a fluid stream through a beam of light. A flow cytometer can tell us about a particle’s relative size, fluorescence intensity, and granularity or internal complexity. The BCCHR Flow Core Facility provides equipment for flow cytometric analysis and full-service cell sorting, as well as flow cytometry training and..."
BCCHR Histology Core,RRID:SCR_026604,University of British Columbia,Vancouver,BC,Canada,https://www.bcchr.ca/histologycore,"Histological Staining,Histology,Paraffin Embedding,Processing &amp; Embedding- Histology,Special Stains Histology,Tissue Embed,Tissue Processing,Tissue Sectioning","he BCCHR Imaging Core is a multi-user facility located on the 4th floor in the Translational Research Building (TRB) at A4-132. The Histology facility offers services for processing delicate and valuable tissue samples, automated equipment for tissue processing, paraffin embedding, micro-sectioning, and staining. Our dedicated research technicians offer consultation, experimental design, and troubleshooting and work closely with researchers to get the most optimal tissue sections tailored to each project. The facility also provides training on the microtome and paraffin embedder to allow..."
BCCHR Imaging Core,RRID:SCR_026573,University of British Columbia,Vancouver,BC,,https://www.bcchr.ca/imagingcore,"Cell Imaging,Confocal Microscopy,Live Cell Imaging,Widefield Imaging","The BCCHR Imaging Core is a multi-user facility located on the 4th floor in the Translational Research Building (TRB) at A4-110. It houses five powerful microscopes and four image data analysis computers to provide imaging a wide range of samples, including cell structures in tissue sections, and subcellular structures and 3D morphologies of single cells. This allows for high-throughput screening for quick profiling of cells at a large scale, multiplexing imaging over 100 targets, time-lapse imaging to observe cell behaviour in real time, and also super-resolution techniques to resolve..."
Bioimaging facility,RRID:SCR_021304,University of British Columbia,Vancouver,BC,Canada,www.bioimaging.ubc.ca,Microscopy,"The UBC Bioimaging facility (BIF) provides researchers with top-end optical and electron microscope infrastructure for live-cell imaging, multi-photon imaging, advanced sample preparation including cryo-preparation for electron microscopy, routine SEM and TEM, Cryo-TEM, TEM tomography, and Correlative Light and Electron Microscopy (CLEM). Currently, the BIF is equipped with 4 electron microscopes (1 SEM and 3 TEMs), 2 advanced fluorescence microscopes (confocal/multi-photon and spinning disk), cryo-fixation (High pressure freezer, Vitrobot) and EM processing equipment (Microwave, critical..."
UBC MRI Research,RRID:SCR_025374,University of British Columbia,Vancouver,BC,United States of America,https://mriresearch.med.ubc.ca/,"Clinical Imaging - Small Animal (X-ray, Ultrasound, microCAT, MRI),EEG,Focused Ultrasound,Functional Brain Imaging,Functional Magnetic Resonance Imaging (fMRI),Image Aquisition,Image Processing And Analysis,In-vivo Imaging,Magnetic Resonance Imaging (MRI),Phosphorus MR Spectroscopy,Sodium MRI,Spectroscopy,Transcranial Magnetic Stimulation","UBC MRI Research hosts a wide range of human and preclinical in vivo imaging as well as develops novel MRI techniques. Our facilities consist of a Philips 3.0 Tesla MRI scanner for studies on humans, a Bruker small bore 9.4 Tesla MRI scanner, and a computing facility for image archival and analysis.
 The two scanners are entirely dedicated to research, and MR scanning is carried out on a cost recovery basis. The scanners were selected to cater to a very broad range of in vivo applications and the Imaging Centre staff is trained to support any research projects that the scanners can..."
UBC-Borgland Brain DNA and Tissue Bank,RRID:SCR_021356,University of British Columbia,Vancouver,BC,Canada,https://www.centreforbrainhealth.ca/biobank,"BioBanking,Bioethics Consultation Support,Biorepository,Blood Processing,Cell Culture,Clinical Research,Clinical Research Coordination/Scheduling,DNA Isolation","UBC-Borgland Brain DNA and Tissue Bank is a centralized resource for collection, storage, and distribution of the highest quality of pre- and post-mortem bio-specimen and tissue at the Djavad Mowafaghian Centre for Brain Health. The Biobank facility also provides vast range of specimen processing and storage services to other research groups."
UBC-Gut4Health Microbiome Core,RRID:SCR_023673,University of British Columbia,Vancouver,BC,Canada,https://www.bcchr.ca/gut4health,"Cell Culture,Clinical Research,Droplet Digital PCR,ELISA,Metagenomics Analysis,Microbiological Culturing,Microbiome,Mycoplasma Detection,Real-time qPCR,Tissue Culture","The primary goal of Gut4Health is to facilitate microbiome studies for researchers at BC Children’s Hospital Research Institute and the University of British Columbia. The facility is a centralized and cost-effective resource for processing and storing biological specimens, and sequencing and analysis of microbial communities for various research studies, including basic science, clinical, translational, and epidemiological projects."
UBC-NeuroImaging-NeuroComputation-Centre,RRID:SCR_019086,University of British Columbia,Vancouver,BC,Canada,https://ninc.centreforbrainhealth.ca,"3D Visualization,Assay Development,Behavioral Phenotyping,Cell Imaging,Computational - Application Development,Computational - Bioinformatics,Computational - Biostatistics,Computational - High Performance Computing,Confocal Microscopy,Consultations,Data Analysis,Data Processing And Interpretation,Fabrication,Functional Brain Imaging,Microscopy,Multiphoton Microscopy,Optical Imaging,Super-resolution Microscopy","The NeuroImaging and NeuroComputation Centre (NINC) is a core facility at the Djavad Mowafaghian Centre for Brain Health located at the University of British Columbia Hospital on the Point Grey campus in Vancouver, BC. NINC offers access to advanced imaging systems (light) and computational resources."
Snyder Institute- Live Cell Imaging Laboratory,RRID:SCR_024748,University of Calgary,Calgary,AB,Canada,https://snyder.ucalgary.ca/labs/live-cell-imaging/LCIoverview,"Brightfield Microscopy,Cell Culture,Cell Imaging,Confocal Microscopy,Confocal/ Super Resolution Microscope,Consultation,Consultations,Deconvolution,Fluorescence Microscope With Optical Sectioning Capability,Multiphoton Microscopy,Multiphoton/ Harmonic Generation Microscope,Spinning Disk Confocal Imaging,Super-resolution Microscopy","The LCI is community-driven shared technology platform. We leverage imaging and rapid prototyping to drive research and to translate new knowledge for societal benefit.
 
 We provide researchers to advanced imaging technology, as well as the training and support personalized to their imaging goals and experience. The LCI's interdisciplinary science and engineering team can help you achieve your specific imaging, design and prototyping needs. 
 
 Flexible options include:
 
 -Technology access and training informed by best practices in education research
 -Assisted imaging and coaching at..."
Molecular Imaging Center,RRID:SCR_017852,"University of California, Berkeley",Berkeley,CA,United States of America,http://imaging.berkeley.edu,"3D & 4D Image Processing Stations,3D Visualization,Brightfield Microscopy,Cell Imaging,Confocal Microscope With FCS/FLIM Capabilities ,Confocal Microscopy,Confocal/ Super Resolution Microscope,Fluorescence Lifetime,Fluorescence Microscope With Optical Sectioning Capability,Microscopy,Multiphoton Microscopy,Optical Imaging,Photomanipulation,Widefield Microscopy","The CRL Molecular Imaging Center is the largest light microscopy facility at UC Berkeley, serving the campus and surrounding community. The MIC offers training, consultation, and guidance on use of high-end instrumentation, including laser scanning confocal microscopy, lightsheet microscopy, Zeiss Airyscan, spinning disk confocal, fluorescent lifetime imaging, 2-photon and in vivo imaging, slide scanning, and optogenetic exerperiments. We have 17 major microscope systems and are located in 2 buildings on campus, Weill Hall and Barker Hall."
National Energy Research Scientific Computing,RRID:SCR_021318,"University of California, Berkeley",Berkeley,CA,United States of America,www.nersc.gov,"3D Visualization,Computational - Biostatistics,Computational - High Performance Computing,Data Analysis,Data Processing And Interpretation,Discovery Science,Distributed Workflow Support,Genomics,High Performance Computing,HPSS,Modeling And Simulation,X-ray Diffraction and Scattering","The National Energy Research Scientific Computing Center, or NERSC, is a high performance computing (supercomputer) user facility operated by Lawrence Berkeley National Laboratory for the United States Department of Energy Office of Science. As the mission computing center for the Office of Science, NERSC houses high performance computing and data systems used by 7,000 scientists at national laboratories and universities around the country."
QB3 Cell and Tissue Analysis Facility,RRID:SCR_023741,"University of California, Berkeley",Berkeley,CA,United States,https://qb3.berkeley.edu/facility/ctaf-htsf/,"10x Genomics Visium,Assay Development,Automated Liquid Handling,Brightfield Microscopy,Cell Culture,Cell Imaging,Cold Storage,Confocal Microscopy,Cryostat Histology,Flow Cytometry,Flow Cytometry Data Analysis,H&E Staining,Histology,Image Aquisition,Image Data Management,Image Processing And Analysis,Immunofluorescence ,IPS Cell Reprogramming,Live Cell Imaging,Luminex Bead Based Cytokine Assays,Microscopy,Molecular Imaging,Multi-color Flow Cytometry,Multiphoton Microscopy,Multiplex Fluorescence,Multiplexed Immunofluorescence,Paraffin Embedding,Phase Contrast Microscopy,Plate Reader,Processing & Embedding- Histology,Real-time qPCR,Scanning 20X Fluorescent,Scanning 40X Fluorescent,Shared Instrumentation Oversight & Maintenance,Single Particle Extracellular Vesicle Flow Cytometry,Single-molecule Imaging,Spectroscopy,Stereomicroscopy,Tissue Culture,Tissue Embed,Tissue Extraction,Tissue Processing,Training,UV-Vis Spectroscopy,Whole Slide Imaging,Widefield Microscopy","The QB3 Cell and Tissue Analysis Facility provides cell culture equipment and instrumentation needed to grow and assess mammalian cells including flow cytometry, hypoxia chambers, automated epifluorescence, confocal, and multiphoton microscopy, as well as a histology suite with cryosectioning equipment."
QB3 High-Throughput Screening Facility,RRID:SCR_022304,"University of California, Berkeley",Berkeley,CA,United States,https://qb3.berkeley.edu/facility/ctaf-htsf/,"3D Visualization,Assay Development,Automated Liquid Handling,Cell Imaging,Computational - Bioinformatics,Confocal Microscopy,CRISPR,CRISPR/Cas Project Design,High Content Screening,High-throughput Screening,Image Aquisition,Image Data Management,Image Processing And Analysis,Immunofluorescence ,Library Services,Live Cell Imaging,Microscopy,Plate Reader,Prepared Slides","The High-Throughput Screening Facility provides expert staff for training, services, and cell culturing space for HT automated cell seeding, liquid handling equipment, multi-label plate reader and high-content automated confocal imaging for any type of multi-well, multi-conditional mammalian cell experiments."
UCB Cell Culture Facility,RRID:SCR_017924,"University of California, Berkeley",Berkeley,CA,United States of America,https://bds.berkeley.edu/facilities/cell-culture,"BioBanking,Cell Culture,Stem Cell Procurement","The Cell Culture Facility supports research by providing cell cultures (mammalian and insect), media, supplies and expertise on a recharge basis for more than 40 different laboratories on and off the main campus. The Facility provides cell cultures, provides media and materials for checkout, and also allows use of laminar flow hoods, incubators and microscope for researchers who are using cells provided by the Facility, to use on site."
UCB Electron Microscope Lab,RRID:SCR_024544,"University of California, Berkeley",Berkeley,CA,United States,https://em-lab.berkeley.edu/,"Consultation,Correlative Light Electron Microscopy,Cryo Light Microscopy,Cryo-Scanning Electron Microscopy,Electron Microscopy,Focused Ion Beam (FIB),Freeze Substitution,High-Pressure Freezing,Image Aquisition,Microtomy/Electron,Negative Staining For TEM,Sample Preparation,Scanning Electron Microscopy,Serial Block Face SEM Imaging,Training,Transmission Electron Microscopy","The UCB-EML
 
 The Electron Microscope Laboratory (EML) is an imaging core and shared resource facility of the University of California at Berkeley. Our mission is to provide high-quality electron microscopy services, education, and training for the UC Berkeley campus, other academic institutions, and private companies at-large.
 
 The lab is equipped with a high resolution transmission electron microscope (TEM), scanning electron microscope (SEM), and focused ion beam SEM (FIB-SEM), a high pressure freezer and full suite of ancillary sample preparation equipment to fit most EM-related..."
UCB-QB3 Genomics,RRID:SCR_022170,"University of California, Berkeley",Berkeley,CA,United States,https://qb3.berkeley.edu/facility/genomics/,"10x Genomics,Capillary Electrophoresis,Computational - High Performance Computing,Consultation,Digital PCR,Genomics,Long Read Sequencing,Nanopore Sequencing,Real-time qPCR,Sequencing - DNA Sequencing,Sequencing - Next Generation Sequencing (NGS),Single-cell Sequencing,Whole Exome Sequencing,Whole Genome Sequencing","QB3 Genomics is a partnership between the Vincent J. Coates Genomics Sequencing Laboratory (GSL), the Functional Genomics Laboratory (FGL), and the Computational Genomics Resource Laboratory (CGRL). QB3 Genomics supports genomics research at UC Berkeley and the greater research community.
 
 QB3 Genomics offers consultation on experimental design and data analysis, a full suite of technical services related to high throughput sequencing and genomics experiments, and access to high performance computational infrastructure."
Advanced Materials Characterization and Testing Laboratory,RRID:SCR_023444,"University of California, Davis",Davis,CA,United States,https://mse.engineering.ucdavis.edu/amcat,"Crystal Imaging,Electron Microscopy,Microscopy,Microstructure Characterization,Sample Preparation,Scanning Electron Microscopy,Spectroscopy,Transmission Electron Microscopy,X-ray Diffraction and Scattering","The Advanced Materials Characterization and Testing laboratory (AMCaT) is a shared resource facility that is available to all interested users on and off campus. AMCaT supports a wide variety of electron microscopes, including aberration-corrected scanning transmission electron microscopes for the characterization of both hard and soft materials. These capabilities are complemented by state-of-the-art sample preparation equipment, high-resolution x-ray diffractometer, and a variety of different optical microscopes and image analysis software. AMCaT embraces and supports a..."
BAE Shop,RRID:SCR_025265,"University of California, Davis",Davis,CA,United States,https://bae.ucdavis.edu/about/facilities/bae-shop,"Computer Aided Design (CAD),Electronics & Fabrication Shop,Fabrication,Machining,Mechanical Design,Welding","The BAE Shop provides support to UC research through the engineering, design, fabrication, and repair of custom equipment. We can take your ideas, napkin sketches, drawings, and models and turn them into real parts, machines, tools, and systems. Services: prototyping, welding, fabrication, machining, electrical, repairs, misc. technical labor."
Campus Mass Spectrometry Facilities,RRID:SCR_023442,"University of California, Davis",Davis,CA,United States,cmsf.ucdavis.edu,"Data Analysis,Data Analysis And Interpretation,Data Processing,HRAM Mass Spectrometry,Mass Spectrometry,Mass Spectrometry - Proteins And Peptides,Proteomics,Untargeted Mass Spectrometry","Mass spectrometry core offering advanced mass spectrometry services. Serviced include analysis of intact molecules including peptides, proteins, oligonucleotides, polymers and small organic molecules. MALDI, LCMS or direct loop injections. High-resolution accurate mass (HRAM) measurements and tandem MS/MS available. Routine quantitation also available."
DNA Technologies and Expression Analysis Cores,RRID:SCR_017740,"University of California, Davis",Davis,CA,United States of America,genomecenter.ucdavis.edu/dna_technologies,"Genomics,Genotyping,Library Services,Sequencing - DNA Sequencing,Sequencing - Next Generation Sequencing (NGS),Shared Instrumentation Oversight & Maintenance","Genotyping on all the Illumina platforms, sequencing on Illumina GAIIx, HiSeq2000, MiSeq,and PacBio RS, array services for NimbleGen and Illumina, chromatin immunoprecipitation and methylated DNA immunoprecipitation services."
Health Sciences District Advanced Imaging Facility,RRID:SCR_022862,"University of California, Davis",Davis,CA,United States,https://advancedimaging.vetmed.ucdavis.edu/,"Cell Imaging,Confocal Microscope With FCS/FLIM Capabilities ,Confocal Microscopy,Confocal/ Super Resolution Microscope,Consultation,Data Analysis,Data Visualization,Deconvolution,Fluorescence Lifetime,Fluorescence Microscope With Optical Sectioning Capability,Image Aquisition,Image Processing And Analysis,Immunofluorescence ,In-vivo Imaging,Light-sheet Microscopy,Live Cell Imaging,Microscopy,Multiphoton Microscopy,Multiphoton/ Harmonic Generation Microscope,Multiplex Fluorescence,Optical Imaging,STED Nanoscopy,Super-resolution Microscopy,Training","HSDAIF is a fluorescence microscopy facility with two Leica confocal microscopes, one with superresolution capability, the second with multi-photon imaging capability, and a Zeiss Lightsheet microscope. The facility offers consultation, training, and support."
MMRRC - Mutant Mouse Resource and Research Centers,RRID:SCR_016448,"University of California, Davis",Davis,CA,United States,www.mmrrc.org,"Animal Husbandry,Bariatric Surgery (mouse),Behavioral Phenotyping,Biochemical Analysis,Biorepository,Bioshipping,Cell Lines For SARS-CoV-2 Research,Clinical Registry/Repository,Collaborative Cross Mice,Colony Management,Computational - Bioinformatics,Computational - Biostatistics,Consultation,Consultations,Containment,CRISPR,CRISPR Injection Services,CRISPR Rosa26 & CRISPR H11,CRISPR/Cas Project Design,Customized Protocols,Data Analysis,Data Analysis And Interpretation,Data Processing,Data Visualization,Defined-flora Mice,Diet Assessment,Discovery Science,Distributed Workflow Support,DNA Analysis,DNA Isolation,Drug Discovery,ES Cell Electroporation,ES Cell Injection,ES Cell Technology (Mouse),Experimental Design,Fresh/Frozen Sperm IVF,Gene Expression Arrays,Genome Engineering,Genome/Transcriptome Assembly And Annotation,Genomics,Genotyping,Genotyping-by-sequencing,Germfree Mice,Germplasm,Glucose Clamps (mouse),Glucose Tolerance Tests (GTT),Gnotobiotic Mice,HIS Mice Production,Image Aquisition,Image Data Manag","The Mutant Mouse Resource and Research Centers (MMRRC) function as a dynamic network of research hubs, offering comprehensive resources and assistance for scientists employing mice in their research. Established by the National Institutes of Health (NIH), the MMRRC‘s primary mission is to serve as a centralized hub for the production, distribution, and detailed analysis of mutant mouse strains. Across various locations in the United States, the MMRRC presents an array of services that bolster research, including:
 
 Advanced Mouse Colony Management: The MMRRC manages an extensive mouse..."
Mouse Biology Program,RRID:SCR_017851,"University of California, Davis",Davis,CA,United States of America,mousebiology.org,"Animal Husbandry,Assisted Reproductive Technologies (Rodent IVF, ICSI),Bariatric Surgery (mouse),Behavioral Phenotyping,Biorepository,Cell Culture,Cell Lines For SARS-CoV-2 Research,Colony Management,Computational - Bioinformatics,Consultation,Consultations,Copy Number Variation (CNV),CRISPR,CRISPR Injection Services,CRISPR Rosa26 & CRISPR H11,CRISPR/Cas Project Design,Cryostat Histology,Data Analysis,Data Analysis And Interpretation,Data Processing,Data Processing And Interpretation,Defined-flora Mice,Digital PCR,Discovery Science,DNA Analysis,DNA Isolation,Embryo Cryopreservation & Recovery Services,ES Cell Electroporation,ES Cell Injection,ES Cell Technology (Mouse),Experimental Design,Fear Conditioning,Fresh/Frozen Sperm IVF,Gait Analysis,Genome Engineering,Genomics,Genotyping,Germfree Mice,Germplasm,Gnotobiotic Mice,H&E Staining,Histology,In-vivo Imaging,Indirect Calorimetry (mouse),Injection Of DNA Constructs,Karyotyping,Metabolomics,Metagenomics Analysis,Microbiome,Molecular Construct Services,Myco","The Mouse Biology Program (MBP) at the University of California, Davis, is a research center that focuses on using mice as a model organisms to study a wide range of biological processes, including genetics, development, behavior, and disease. The MBP provides a range of resources and facilities to support this research, including:
 
 1. Mouse colony management: The MBP maintains a large colony of mice used for research purposes. This includes breeding, genotyping, and cryopreservation services to support the production and maintenance of mice with specific genetic backgrounds or..."
UC Davis Bioinformatics Core,RRID:SCR_023887,"University of California, Davis",Davis,CA,United States,https://bioinformatics.ucdavis.edu/,"Computational - Bioinformatics,Computational - Biostatistics,Consultations,Data Analysis,Data Analysis And Interpretation,Data Processing,Data Processing And Interpretation,Data Visualization,Experimental Design,Genome/Transcriptome Assembly And Annotation,Genomics,Imputation,Metagenomics Analysis,Metatranscriptomics,Methylation Analysis,Power Analysis,Proteomics Analysis,Single-Cell Analysis,Training","UC Davis Bioinformatics Core helps researchers with their projects, from experimental design, through all analyses and to publication. Facility has over a decade of experience in helping to solve a wide variety of bioinformatics problems, large and small. We have significant expertise in analyzing data from omics technologies, and other projects, to help drive research forward. Facility also offers bioinformatics training workshops regularly."
UC Davis Flow Cytometry Shared Resource Laboratory,RRID:SCR_017826,"University of California, Davis",Davis,CA,United States of America,http://www.ucdmc.ucdavis.edu/cancer/research/sharedresources/flowcytometry.html,"50 Nm Exosome And Microparticle Analysis ,Cell Sorting,Data Analysis,DNA Analysis,Flow Cytometric Analysis,Nanoscale Cytometry,Online Flow Cytometry Training: Semi-Annual Comprehensive Week-Long Cytometry Course,Spectral Flow Cytometry","The UC Davis Flow Cytometry Shared Resource operates cell sorting and analytic cytometry equipment, including nanoscale and spectral flow cytometry support. We have two full-service locations, one on the main academic campus in Davis, CA and another in a separate facility at the UC Davis Medical Center in Sacramento, CA. We offer multiparameter cell sorting and analytic cytometry services, instrumentation training and comprehensive flow cytometry training for UCD, UC, and industry scientists. Comprehensive, week long flow cytometry training is offered online in winter and summer, with..."
UC Davis Genomics Shared Resource,RRID:SCR_023586,"University of California, Davis",Sacramento,CA,USA,https://health.ucdavis.edu/cancer/research/sharedresources/ger.html,"10x Genomics,ATAC-Seq,Blood Processing,CDNA Synthesis,ChIP-Seq,Computational - Bioinformatics,Consultation,Consultations,Custom Library Prep Service,Customized Protocols,Data Analysis,Data Analysis And Interpretation,Data Processing,Data Processing And Interpretation,Data Visualization,Deconvolution,DNA Analysis,DNA Isolation,Genomics,Genotyping-by-sequencing,Microbiome,NanoString GeoMx DSP,Ribosomal Reduction ,RNA analysis,RNA Integrity,RNA Isolation,RNAseq,SARS-CoV-2 Strain Sequencing,Sequencing - Next Generation Sequencing (NGS),Single-cell Sequencing,Spatial Transcriptomics,Whole Genome Sequencing","The Genomics Shared Resource, or GSR, provides expertise and comprehensive services to accomplish virtually every application of next- generation sequencing-based genomics research, including gene expression profiling, mutation/variant analyses, copy number analysis, epigenomics, metagenomics, single-cell sequencing and spatial transcriptomics services. The GSR also specializes in the development of custom protocols and extensive data analysis and integrative bioinformatics support. The shared resource provides a wide range of additional services for translational and clinical genomics..."
UC Davis In Vivo Translational Imaging Shared Resource,RRID:SCR_023589,"University of California, Davis",Davis,CA,USA,https://health.ucdavis.edu/cancer/research/sharedresources/animalimaging.html,"Computed Tomography (CT),In-vivo Imaging,Magnetic Resonance Imaging (MRI),Molecular Imaging,Positron Emission Tomography (PET),Ultrasonic Imaging","The In vivo Translational Imaging Shared Resource, or IVTISR, provides access to a broad range of in vivo imaging technologies including molecular imaging, optical imaging, quantitative physiologic and anatomic imaging, and whole-body PET/CT scanning in humans and animals. It also provides targeted imaging probes and tracers as well as expertise in planning, executing and analyzing in vivo imaging studies. The resource can support imaging studies in small animals, large animals and humans.
 
 This resource is located in three adjacent buildings in the Health Sciences district of the Davis..."
UCD - Center for Molecular and Genomic Imaging,RRID:SCR_023446,"University of California, Davis",Davis,CA,United States,cmgi.ucdavis.edu,"3D & 4D Image Processing Stations,3D Visualization,Clinical Imaging - Small Animal (luminescence/fluorescence),Clinical Imaging - Small Animal (X-ray, Ultrasound, microCAT, MRI),Computed Tomography (CT),Consultation,Data Analysis,Data Analysis And Interpretation,Data Processing,Data Processing And Interpretation,Data Visualization,Image Aquisition,Image Data Management,Image Processing And Analysis,In-vivo Imaging,Magnetic Resonance Imaging (MRI),Micro Computed Tomography,MicroCT,Molecular Imaging,Necropsy,Optical Imaging,Phosphor Imaging,Positron Emission Tomography (PET),Protocol Development,Rodent Study ,Shared Instrumentation Oversight & Maintenance",In Vivo Preclinical Imaging
UCD-Nuclear Magnetic Resonance Facility,RRID:SCR_023445,"University of California, Davis",Davis,CA,United States,nmr.ucdavis.edu,"NMR Medicinal Chemistry Support,NMR Quality Control For Biologic Drugs,NMR Quality Control For Biosimilars,Nuclear Magnetic Resonance (NMR)","Liquid and Solid State Nuclear Magnetic Resonance Spectroscopy at the University of California, Davis"
VM:Comparative Pathology Laboratory,RRID:SCR_027014,"University of California, Davis",Davis,CA,United States,https://cpl.ucdavis.edu/,"Anatomic Pathology ,Clinical Assessment (Hematology, Clinical Chemistries, Etc.),Health Surveillance Testing,Histological Staining,Immunohistochemistry,MFIA, ELISA,Microbiological Culturing,Multiplexed Fluorometric Immunoassay,Necropsy Services (Research Species),Paraffin Or Frozen Block Sectioning,Parasitology Services (Fecal Flotation, Tape Tests),Pathology Consultations,Pathology Evaluation,Pathology Scoring Of Slides,Processing &amp; Embedding- Histology,Real-time QPCR,Serology Testing,Slide Scanning,Staining With Histology Stains Or Special Stains, Including Alcian Blue, Masson Trichrome, Oil-Red-O, PAS, Sirius Red, Toluidine Blue, And Alcian Blue/PAS,Tissue Processing,Veterinary Pathology","The Comparative Pathology Laboratory (CPL) is a veterinary diagnostic laboratory and research pathology core. CPL serves the UC system and external research community by providing laboratory animal diagnostics, clinical and health surveillance screening necessary for the care and use of animals in research, and expert pathology support for basic and translational research. 
 
 Research services include gross necropsy, hematology, serum biochemistry, histology, immunohistochemistry, and histopathology interpretation and scoring by a board-certified comparative pathologist. Consultation and..."
WCMC-West Coast Metabolomics Center,RRID:SCR_023447,"University of California, Davis",Davis,CA,United States,https://metabolomics.ucdavis.edu/core-services,"Imaging Mass Spectrometry,Lipidomics,Metabolomics,Metabolomics Platform","Our metabolomics core facility provides state-of-the-art high throughput services for the analysis of small molecules in biological samples. We specialize in the discovery, identification and quantitation of many metabolites and lipids. Our trained technical staff and 17 mass spectrometers ensure accurate and reliable results for the UC Davis community and beyond. Our goal is to support our clients in their research efforts by providing the most advanced metabolomics analysis services available, and help moving the field forward where it falls short. We also provide professional courses in..."
UCLA Lipidomics Lab,RRID:SCR_019210,"University of California, Los Angeles",Los Angeles,CA,United States of America,https://www.uclalipidomics.net/,"Consultations,Data Analysis,Lipidomics,Mass Spectrometry","The lab offers automated sample preparation and two distinct mass spectrometry platforms which afford a variety of specific services, ranging from shotgun lipidomics to isotope labeling and mathematical modeling of lipid flux parameters. Our full service lab provides data analysis and consultation services which provide users with accurate analysis of lipid metabolic parameters."
UCLA-Broad Stem Cell Research Center Microscopy Core,RRID:SCR_024914,"University of California, Los Angeles",Los Angeles,CA,United States,https://stemcell.ucla.edu/microscopy-core,"3D & 4D Image Processing Stations,3D Visualization,Analysis Workstations,Brightfield Microscopy,Cell Imaging,Computer-assisted Neuron Tracing And Analysis,Confocal Microscopy,Confocal/ Super Resolution Microscope,Data Analysis,Data Processing,Data Visualization,Deconvolution,Differential Interference Contrast Microscopy,Fluorescence Microscope With Optical Sectioning Capability,Fluorescence Spectroscopy,Image Aquisition,Image Processing And Analysis,Immunofluorescence ,Incucyte,Laser Scanning,Live Cell Imaging,Microscopy,Molecular Imaging,Multiphoton Microscopy,Multiplex Fluorescence,Multiplexed Immunofluorescence,Phase Contrast Microscopy,Scanning 20X Brightfield,Scanning 20X Flourescent,Scanning 40X Brightfield,Scanning 40X Fluorescent,Shared Instrumentation Oversight & Maintenance,Spinning Disk Confocal Imaging,Training,UV-Vis Spectroscopy,Widefield Microscopy","The Microscopy Core is a collaboration of the Broad Stem Cell Research Center and the Department of Molecular, Cell and Developmental Biology. The Core's mission is to promote interdisciplinary and collaborative research across UCLA.
 
 The Core provides state-of-the-art, high resolution technologies for imaging and analyzing the molecular and structural organization of cells and tissue as well as bioengineered materials. 
 
 The technologies available in this Core include confocal, wide-field fluorescence and live-cell imaging, as well as software for image analysis."
UCSD - Skaggs School of Pharmacy NMR Facility,RRID:SCR_017919,"University of California, San Diego",La Jolla,CA,United States of America,sopnmr.ucsd.edu,"NMR Medicinal Chemistry Support,Nuclear Magnetic Resonance (NMR)","Our Facility houses a 600 MHz Bruker Avance III NMR spectrometer fitted with a 1.7mm triple resonance cryoprobe, for analysis of mass limited samples, and a 24 position sample changer for automated data acquisition. Users may collect their own data after suitable training, or have Facility staff do it for them."
UCSD-CMM-Electron Microscopy Core,RRID:SCR_022039,"University of California, San Diego",La Jolla,CA,United States of America,https://emcore.ucsd.edu/,"Consultations,Correlative Light Electron Microscopy,Electron Microscopy,Image Aquisition,Immuno Electron Microscopy,Microscopy,Microtomy/Electron,Sample Preparation,Transmission Electron Microscopy",The UCSD Cellular and Molecular Medicine Electron Microscopy core provides services in sample preparation and imaging by Transmission Electron Microscopy and Correlative Light and Electron Microscopy.
DEM Flow Cytometry Core,RRID:SCR_017903,"University of California, San Francisco",San Francisco,CA,United States of America,http://coreimmunology.ucsf.edu/flow-cytometry,Flow Cytometric Analysis,"The DEM Flow Cytometry Core offers instruments and training in flow cytometer operation and techniques. The core offers two BD LSRII analyzers with up to 17-color capacity, as well as a FACS ARIAII for fluorescent cell sorting. Both the analyzers and sorter are within BSL2 (or above) lab space to allow for analysis and sorting of infected human samples."
ES Cell Targeting Core Facility,RRID:SCR_017902,"University of California, San Francisco",San Francisco,CA,United States of America,escore.ucsf.edu,"Cell Culture,DNA Analysis,Genomics,Genotyping,Nucleic Acid Extraction,Tissue Culture,Transgenics","We provide services involved in generating new research models. These range from traditional ES cell targeting and transgenesis, to new genome-editing techniques such as CRISPR and TALEN. A full range of services is available, from training, consultation, and construct design, to targeting, genotyping, and post-targeting QC such as Southern blots to confirm single integrations."
Gladstone Histology & Light Microscopy Core,RRID:SCR_017940,"University of California, San Francisco",San Francisco,CA,United States of America,https://labs.gladstone.org/histology/index.html,"Cell Imaging,Confocal Microscopy,Data Analysis,Histology,Immunohistochemistry,Optical Imaging,Whole Slide Imaging","The Gladstone Histology and Light Microscopy Core is open to Gladstone, UCSF and the greater Bay Area science community. We provide excellent service, collaboration and support for many histological techniques, light microscopy and advanced imaging, image processing and quantitation."
Nikon Imaging Center,RRID:SCR_017862,"University of California, San Francisco",San Francisco,CA,United States of America,http://nic.ucsf.edu,"Cell Imaging,Confocal Microscopy,Microscopy,Optical Imaging","The Nikon Imaging Center at UCSF is equipped with several advanced microscopes. We have two super-resolution microscopes, three confocal microscopes, and three widefield systems. One of our super-resolution systems is a Nikon N-STORM microscope which is capable of PALM, STORM, and other variants of single molecule switching and localization microscopy. It is capable of 3-color imaging with up to 20 nm resolution in XY and 50 nm resolution in Z. This system is also capable of high-speed TIRF microscopy with frame rates > 100fps. The other super-resolution system is a Nikon N-SIM structured..."
UCSF MLK Cores Elemental Analysis Facility,RRID:SCR_017927,"University of California, San Francisco",Oakland,CA,United States of America,https://ucsf.ilab.agilent.com/service_center/show_external/5659,Biochemical Analysis,"The MLK Cores Elemental Analysis Facility provides elemental quantitation and support services (sample preparation, project consultation, and technical writing) in support of a wide range of research projects on a fee-for-use basis at competitive costs. Our flagship instrumentation is an ICP-OES that allows for simultaneous, multi-element measurements over a wide dynamic range with high precision and sensitivity. The instrument is tolerant of high total dissolved solids and complex matrix components, and is compatible with a range of clinical, pre-clinical, basic research, and..."
UCSF Parnassus Flow CoLab,RRID:SCR_018206,"University of California, San Francisco",San Francisco,CA,United States of America,https://flow.ucsf.edu/,"Cell Sorting,Consultations,CyTOF,Exosomes Characterisation,Flow Cytometric Analysis,High Dimensional Flow Cytometry Analysis,Mass Cytometry",The Parnassus Flow CoLab assists investigators whose research requires molecular marker characterization of cells in suspension as well as the isolation of cells based on those markers. Advanced cell sorting and cytometric analyses by Flow or Mass Cytometry are conducted within the Core.
Biomolecular Cryo-Electron Microscopy Facility,RRID:SCR_021755,"University of California, Santa Cruz",Santa Cruz,CA,United States of America,https://cryoem.sites.ucsc.edu/,"Bioimage Informatics,Computational - High Performance Computing,Consultations,Cryo-Electron Microscopy,Data Analysis,Data Processing And Interpretation,Electron Microscopy,High Performance Computing,Immuno Electron Microscopy,Microscopy,Molecular Imaging,Sample Preparation,Staining,Structural Biology,Structure Determination,Transmission Electron Microscopy,Virology","Biomolecular Cryo-Electron Microscopy Facility at University California, Santa Cruz. Equipped with a JEOL 120kV and Glacios 200 kV with K2 Summit direct detector, we provide insights and high throughput data collection and analysis. Single-particle analysis, sample screening, and high-resolution reconstruction are our main businesses."
Institute for the Biology of Stem Cells (IBSC) Cell Culture Facility,RRID:SCR_021353,"University of California, Santa Cruz",Santa Cruz,CA,United States of America,https://ibsc.ucsc.edu/facilities/cell-culture-facility,Cell Culture,"Provides recharge space for all UCSC PI's to use for research projects requiring sterile cell culture resources. Includes Biosafety hoods, centrifuges, microscopes, and facility technical support."
UC Santa Cruz Plasma Analytical Laboratory,RRID:SCR_021925,"University of California, Santa Cruz",SANTA CRUZ,CA,United States of America,https://sites.google.com/ucsc.edu/pal/,"Chemistry Analyzer,Inductively Coupled Plasma Mass-Spectrometry,Inductively Coupled Plasma Optical Emission Spectroscopy,Mass Spectrometry","The Plasma Analytical Lab is an open-access, multi-user, recharge-based core facility operated by the Institute of Marine Sciences, an Organized Research Unit of the University of California, Santa Cruz. The facility is available to the UCSC and University of California research community. We also welcome external researchers and collaborations."
UCSC Chemical Screening Center (CSC),RRID:SCR_021114,"University of California, Santa Cruz",Santa Cruz,CA,United States of America,https://ucsccsc.sites.ucsc.edu/,"Assay Development,Automated Immunoassay Platforms,Automated Liquid Handling,Biological Mechanism,Cell Imaging,Customized Protocols,Data Processing And Interpretation,Drug Discovery,High Content Screening,High-throughput Screening,Image Processing And Analysis,Immunoassay,Immunohistochemistry,Microscopy,Molecular Library Services,Plate Reader,Sample Preparation,Single-Cell Analysis,Small Molecule Compound Screening,Spectroscopy,Tissue Culture","The UCSC Chemical Screening Center (CSC) is a shared research facility using high-throughput and high-content screening techniques to aid in the discovery of therapeutic agents and biomedical research tools. Located amidst the majestic redwoods at the top of the UCSC campus, the CSC is dedicated to improving human health by finding the next generation of therapeutic agents against a wide variety of diseases. The CSC is driving innovation in drug discovery by bringing together experts in drug screening with cell and molecular biologists engaged in disease research. The CSC has also..."
UCSC Life Sciences Microscopy Center,RRID:SCR_021135,"University of California, Santa Cruz",Santa Cruz,CA,United States of America,https://ibsc.ucsc.edu/facilities/microscopy,"3D Visualization,Biological photography/Photomicrography,Cell Imaging,Confocal Microscopy,Microscopy,Molecular Imaging,Multiphoton Microscopy,Optical Imaging,Super-resolution Microscopy,Whole Slide Imaging","The UCSC Life Sciences Microscopy Center is a core facility affiliated with the Institute for the Biology of Stem Cells. The facility provides cutting edge imaging instrumentation to the biology research community including personalized assistance on various aspects of imaging. We offer assistance in experimental design, training on the shared microscopes, image visualization and image analysis."
UCSC-Institute for the Biology of Stem Cells Flow Cytometry Facility,RRID:SCR_021149,"University of California, Santa Cruz",Santa Cruz,CA,United States of America,https://ibsc.ucsc.edu/facilities/cytometry,"FACS Cell Sorting,Multi-color Flow Cytometry",The FACS facility provides user training for self-op use of BD FACS LSRII analyzer 3-laser and Self-op and Assisted sorting on BD FACS Aria IIU 5-lasers
UCSC-Macromolecular Structure Function Core Facility,RRID:SCR_021283,"University of California, Santa Cruz",Santa Cruz,CA,United States of America,https://strucbiol.pbsci.ucsc.edu/,"Gel Chromatography,Isothermal Titration Calorimetry (ITC),Protein Extraction/Purification,Protein Production,Structural Biology,Structure Determination,X-Ray Crystallography,X-ray Diffraction and Scattering","The Macromolecular Structure Function Core Facility (MSFCF) supports Biochemistry and Structural Biology researchers at UC Santa Cruz and the surrounding area. We provide state of the art instrumentation, supplies, and expertise to assist researchers in the structural characterization of biological macromolecules. Resources are available for crystallization and structure determination as wells as biophysical characterization of macromolecular stability and interactions."
Institute of Infectious Disease and Molecular Medicine Microscopy Platform,RRID:SCR_022309,University of Cape Town,Cape Town,,South Africa,https://health.uct.ac.za/idm-imaging,"Fluorescence Microscope With Optical Sectioning Capability,Microscopy,Molecular Imaging,Optical Imaging,Super-resolution Microscopy,Whole Slide Imaging,Widefield Microscopy","Light and fluorescence microscopy core facility with a focus on applications in infectious disease, pathogen and human health research"
Advanced Electron Microscopy,RRID:SCR_019198,University of Chicago,Chicago,IL,United States of America,https://voices.uchicago.edu/advancedem/,"Cryo-Electron Microscopy,Transmission Electron Microscopy","Titan Krios with Gatan K3 detector, Aquilos Cryo-DualBeam system, Apreo Volume Scope Serial Blockface SEM, FEI Talos Cryo-EM"
Biophysics Core Facility,RRID:SCR_017915,University of Chicago,Chicago,IL,United States of America,https://biophy.uchicago.edu/,"Assays and Measurements,Biochemical Analysis","In the era of genomics-driven biology, one must be able to study not only the sequences of genes, but the structures and functions of the molecules they encode, both the proteins and functional RNAs. Characterizing the structure and dynamics of these molecules is crucial to understanding the basis of nearly every cellular function."
Cellular & Tissue Based Processing cGMP Facility,RRID:SCR_019201,University of Chicago,Chicago,IL,United States of America,https://cgmp.uchicago.edu,"Clinical Research,Clinical Trial Support","Cleanroom (ISO7/8) environment for manufacturing and preparing human cells, tissues and tissue-based
 products for treatment of patients for Phase I, II and III clinical trials. CAP Accredited"
Cellular Screening Center,RRID:SCR_017914,University of Chicago,Chicago,IL,United States of America,https://cscenter.uchicago.edu/,"Assays and Measurements,High-throughput Screening,Library Services",The Cellular Screening Center (CSC) provides high throughput cell and non-cell based screening for researchers. Both small molecules and siRNA libraries are offered for such screens.
Cytometry and Antibody Technology,RRID:SCR_017760,University of Chicago,Chicago,IL,United States of America,https://voices.uchicago.edu/ucflow/,"Assays and Measurements,Cell Culture,Cell Imaging,Cell Sorting,Data Analysis,DNA Analysis,F.I.S.H.,Flow Cytometric Analysis,Light Scattering,Monoclonal Antibody,Outreach,Protocol Development/Clinical Trial Coordination,Shared Instrumentation Oversight & Maintenance,Tissue Culture,Training",The Cytometry and Antibody Technology (CAT) Facility’s mission is to support the community of researchers at the University of Chicago with (1) cutting-edge technology operated by expertly trained personnel; and (2) expert technical consultation and training of researchers.
Functional Genomics,RRID:SCR_019196,University of Chicago,Chicago,IL,United States of America,https://fgf.uchicago.edu/,"10x Genomics,Genomics,Microarray,Sequencing - DNA Sequencing,Sequencing - Next Generation Sequencing (NGS),Single-cell Sequencing","Next-Gen (Illumina and Pacific Biosciences Sequencing and Library prep), NovaSEQ-X-Plus, Micro-array (Illumina genotyping and EPIC arrays), Sanger DNA Sequencing, and Bioanalyzer/Fragment-analyzer sample QC services. For Single Cell sequencing project the Facility operates a DROP-SEQ and 10X Genomics instrument"
Human Imaging Research Office,RRID:SCR_018372,University of Chicago,Chicago,IL,United States of America,https://hiro.bsd.uchicago.edu/,"Clinical Research,Clinical Trial Support,Computed Tomography (CT),Data Analysis,DEXA,Image Aquisition,Image Data Management,Image Processing And Analysis,Magnetic Resonance Imaging (MRI)","Our goal is to assist University of Chicago investigators and research staff with medical imaging exams performed on human subjects for research purposes. This includes the acquisition, analysis, collection, de-identification and distribution of image data for both basic science research and clinical trials. Our services ensure research-related imaging fulfills protocol requirements and allow investigators to obtain HIPAA- and IRB-compliant clinical research data. We provide our services for all types of medical imaging, including x-ray, CT, MRI, ultrasound, nuclear medicine, PET, and most..."
Human Immunologic Monitoring Facility,RRID:SCR_017916,University of Chicago,Chicago,IL,United States of America,https://him.uchicago.edu/,"Assays and Measurements,Flow Cytometric Analysis,PCR Arrays,Protein Extraction/Purification,Real-time qPCR,RNA analysis,SDS-PAGE,Western Blot","The Human Immunologic Monitoring (HIM) facility serves as a specialized laboratory performing correlative assays for cancer-based clinical trials. We participate in project development to assist in assay selection and optimization prior to study initiation. We offer a pick-up service for specimens from patients at the U of C Hospital or outpatient clinics, and process the samples as indicated for the assays being performed. For some studies, isolation and freezing of peripheral blood lymphocytes for analysis at a later date is performed, while for others immediate staining of whole blood..."
Human Tissue Resource Center,RRID:SCR_019199,University of Chicago,Chicago,IL,United States of America,https://htrc.uchicago.edu,"BioBanking,Blood Processing,Histology,Human Pathology Services - Diagnostics & Consultation,Immunohistochemistry,In Situ Hybridization,Laser Capture Microdissection,Slide Scanning","A coordinated, centralized, and dedicated program for the procuring, processing, dispersing and assessing all types of biospecimens together with downstream histology services. CAP Accredited"
Integrated Light Microscopy,RRID:SCR_019197,University of Chicago,Chicago,IL,United States of America,https://voices.uchicago.edu/confocal/,"Confocal Microscopy,Confocal/ Super Resolution Microscope,Image Analysis,Image Aquisition,Image Processing And Analysis,Lattice Lightsheet,Light-sheet Microscopy,Live Cell Imaging,Microscopy,Slide Scanning,Spinning Disk Confocal Imaging,Whole Slide Imaging,Widefield Microscopy","High-end microscopy imaging capabilities, including bright field (color, DIC), fluorescence (multi-dimension; TIRFM; bleaching, ablation, FLIM), high-resolution, highspeed, high-sensitivity, confocal, and physiologic techniques; STED, GSD3D, lightsheet selective plane illumination (SPIM), and lattice lightsheet structured illumination super resolution microscopy"
Integrated Small Animal Imaging Research Resource,RRID:SCR_017923,University of Chicago,Chicago,IL,United States of America,https://isairr.bsd.uchicago.edu/,"Clinical Imaging - Small Animal (X-ray, Ultrasound, microCAT, MRI)","Our goal is to provide University of Chicago investigators and external users with state of the art, quantitative multi-modality imaging technologies to advance in-vivo molecular and physiological research of a broad range of disease and cancer models, and to accelerate pre-clinical development of novel therapeutics and diagnostic tools."
iPSC Core Facility,RRID:SCR_017918,University of Chicago,Chicago,IL,United States of America,https://ipsc.bsd.uchicago.edu/,"Cell Culture,Stem Cell Procurement","We train labs to use the latest episomal techniques to reprogram, expand and characterize human and mice iPS cells from skin or blood tissues of healthy subjects and diseased patients. We also develop the capability to differentiate the iPS cells into specific somatic cells, such as neutrons, cardiomyocytes, and hepatocytes."
"Metabolomics Platform, The University of Chicago Comprehensive Cancer Center",RRID:SCR_022932,University of Chicago,Chicago,IL,United States of America,https://voices.uchicago.edu/metabolomics/,"Lipid Profiling (Lipidomics),Polar Metabolite Profiling,Quantitative Targeted Analysis For Selected Metabolites,Stable Isotope Tracing",The platform is equipped with 3 of the high-resolution Thermo Scientific Orbitrap Tribrid mass spectrometers( 2 IQX +1-IDX) coupled to – Vanquish Horizon UHPLC systems and dedicated to (1) full-scan metabolomics for polar metabolite profiling using HILIC chromatography and (2) full-scan non-polar lipid profiling using reverse phase chromatography. The platform has established in-house retention time and MS/MS databases of ~900 reference standards and actively sourcing depending on the sample types. We have experience in quantifying diverse groups of metabolites in a wide variety of...
Proteomics Platform,RRID:SCR_022928,University of Chicago,Chicago,IL,United States,https://voices.uchicago.edu/proteomics/,Proteomics,The mission of the facility is to work in collaboration with groups from UChicago and external organizations or companies to develop and utilize top-notch proteomics techniques to answer both basic and translational scientific questions.
Sanger (DNA) Sequencing Core,RRID:SCR_025314,University of Chicago,Chicago,IL,United States of America,https://voices.uchicago.edu/dnaseq,"Fragment Analysis - Capillary Electrophoresis,Genotyping,Sequencing - Capillary Sequencing,Sequencing - DNA Sequencing",The UChicago Sanger Sequencing Core provides Sanger sequencing and fragment analysis via capillary electrophoresis. Expected turnaround time is within 2 business days of order receipt.
Single Cell Immunophenotyping Core,RRID:SCR_025140,University of Chicago,Chicago,IL,United States,https://pme-ciic.prod.uchicago.edu/core-facilities/single-cell-immunophenotyping,"10x Genomics,Nanopore Sequencing,Sequencing - Next Generation Sequencing (NGS)","The Single Cell Immunophenotyping Core Facility is a full-user self-service facility that provides access to specialized instrumentation for the phenotyping and genotyping of immune cells. These include single-cell next-generation sequencing and quality control technologies. All instruments are located in the laboratories of four different CIIC investigators (KCBD 10220E and 10220C), and are available for use by the larger UChicago community."
Transgenic & ES Cell Technology Core (Mouse),RRID:SCR_019171,University of Chicago,Chicago,IL,United States of America,https://voices.uchicago.edu/transgenics/,"Animal Husbandry,Cell Culture,CRISPR Rosa26 & CRISPR H11,CRISPR/Cas Project Design,ES Cell Technology (Mouse),Molecular Construct Services,Rederivation (Mouse),SgRNA Production,Transgenics","The Facility was established in 1989 and provides transgenic (plasmid and BAC) and CRISPR (also ROSA26 & H11 CRISPR) injections, ES Cell targeting, screening, culture and blastocyst injections, rederivation, breeding and mouse services and consultation on project development. The facility also now offers CRISPR vector design and development, as well as design and development of CRISPR guides."
UChicago - Engineering and Technical Support Group,RRID:SCR_022944,University of Chicago,Chicago,IL,United States,https://voices.uchicago.edu/psdetsg/,"Computer Aided Design (CAD),Finite Element Analysis (FEA),Mechanical Automation And Control,Mechanical Design,Project Management","While primarily geared to support faculty-led research projects in the physical sciences, the ETSG serves the entire University of Chicago community. ETSG staff are available to help plan, design, build, test, and install mechanical and electro-mechanical apparatus."
UChicago Animal Resources Center,RRID:SCR_021806,University of Chicago,Chicago,IL,United States of America,voices.uchicago.edu/animalresources,"Animal Husbandry,Surgical Services,Training",The mission of the Animal Resources Center is to assist investigators in performing their animal research while ensuring appropriate and humane care of all laboratory animals.
Advanced Cell Analysis Service Center,RRID:SCR_025797,University of Cincinnati,Cincinnati,OH,United States,https://med.uc.edu/research/core/Index/36/Facility/,"Analysis Workstations,Brightfield Microscopy,Cell Imaging,Cell Sorting,Confocal Microscopy,Consultations,Data Visualization,FACS Cell Sorting,Flow Cytometry,Fluorescence Microscope With Optical Sectioning Capability,Image Aquisition,Image Processing And Analysis,Incucyte,Live Cell Imaging,Microscopy,Stereomicroscopy,Super-resolution Microscopy,Training,Widefield Microscopy","The Department of Cancer Biology houses the Advanced Cell Analysis Service Center (ACASC) which offers access to a variety of microscopes and flow cytometry equipment for researchers.
 
 Services offered: 
 Upright and inverted widefield microscopy
 Confocal Microscopy (Zeiss LSM 710)
 Super-Resolution Microscopy (Nikon SIMe)
 Live Cell Microscopy (Incucylte)
 Flow Cytometry (BD LSR Fortessa)
 Cell Sorting (BD Aria III)"
Center for Advanced Structural Biology,RRID:SCR_025796,University of Cincinnati,Cincinnati,OH,United States,https://med.uc.edu/research/core/Index/208/Facility/,"Cryo-Electron Microscopy,Electron Microscopy,Exosomes Characterisation,Image Aquisition,MicroED,Microscopy,Structural Biology,Structure Determination,Training,Transmission Electron Microscopy","Established in July 2022, the UC Center for Advanced Structural Biology (CASB) is integrating the latest technology in single-particle cryogenic electron microscopy (cryo-EM). A Thermo Scientific Talos L120C Transmission Electron Microscope (TEM) is available for visualizing nanoparticles, negatively stained proteins or conventional biological samples. It can be operated at 80kV or 120kV. 
  A Thermo Scientific Glacios 200 kV cryogenic TEM is equipped with both a Ceta-16M camera and a TFS Falcon 4 direct electron detector, in addition to a Selectris Energy Filter. This system is able to..."
University of Cincinnati Proteomics Laboratory (UCPL),RRID:SCR_025895,University of Cincinnati,Cincinnati,OH,United States of America,http://med.uc.edu/cancerbiology/research/proteomics,"2D Spectra Acquisition and Interpretation,2D-PAGE,Assays and Measurements,Mass Spectrometry,Proteomics","The UC Proteomics Laboratory (UCPL) is fully equipped with the protein separation and mass spectrometry equipment as well as the trained personnel to perform comparative analyses of complex protein mixtures and to identify the differentially-expressed proteins. Proteomics laboratory personnel also offer guidance to the research community regarding the feasibility of a given approach and/or advice on proteomics experimental design to enhance the probability of success. Please contact the lab director to set up a consultation.
 
 The research expertise in the UC Proteomics Laboratory..."
CU Anschutz Gnotobiotic Core,RRID:SCR_023245,University of Colorado Anschutz Medical Campus,Aurora,CO,United States,https://medschool.cuanschutz.edu/rheumatology/research/research-services/gnotobiotic-core-service-center,"Animal Husbandry,Colony Management,Gnotobiotic Mice",The UCD AMC gnotobiotic core provides investigators germ free (axenic/sterile) and gnotobiotic (flora-defined) mice. We provide a space in which investigators can complete their own studies or hire the core to complete experimental manipulations. Our core facility includes 12 large soft-sided vinyl isolators for breeding and 8 small soft-sided vinyl isolators for experiments. We also have the option between using the Allentown positive pressure racks and static cage for experimental use.
Drug Discovery and Development Shared Resource,RRID:SCR_021986,University of Colorado Anschutz Medical Campus,Aurora,CO,United States of America,https://cu.corefacilities.org/service_center/show_external/5637/drug_discovery_and_development_shared_resource,"3D Bioprinting,Assay Development,Automated Liquid Handling,Bioluminsecence Imaging,Brightfield Microscopy,Cell Culture,Cell Imaging,Chemical Design And Synthesis,Computer Aided Design (CAD),Confocal Microscopy,Confocal/ Super Resolution Microscope,Custom Library Prep Service,Data Analysis,Data Analysis And Interpretation,Data Processing And Interpretation,Drug Discovery,ELISA,Experimental Design,Fluorescence Microscope With Optical Sectioning Capability,Forster Resonance Energy Transfer (FRET),High Content Screening,High-throughput Screening,Histology,Image Aquisition,Image Processing And Analysis,Immunofluorescence ,Immunohistochemistry,Incucyte,Library Services,Live Cell Imaging,Microscopy,Multiplex Fluorescence,Multiplexed Immunofluorescence,Necropsy,Pharmacokinetics,Plate Reader,Processing & Embedding- Histology,Protocol Development,Rodent Study ,Scanning 20X Brightfield,Scanning 20X Flourescent,Scanning 20X Fluorescent,Scanning 40X Brightfield,Scanning 40X Fluorescent,Tissue Culture,Xenograft / Xenot","The mission of the University of Colorado Anschutz Medical Campus (CU AMC) Drug Discovery and Development Shared Resource (D3SR) is to provide expertise and infrastructure to facilitate drug discovery at different stages of the development pipeline, including assay development and validation, high-throughput screening (HTS) and image-based high-content screening (HCS) discovery, hit-to-lead validation and optimization, and in vitro and in vivo pharmacology including pharmacokinetics (PK) and pharmacodynamics (PD) as well as toxicology."
Genetically Engineered Murine Models (GEMM) Core,RRID:SCR_025491,University of Colorado Anschutz Medical Campus,Aurora,CO,United States of America,https://medschool.cuanschutz.edu/immunology-and-microbiology/core-labs/gemm-core,"Animal Husbandry,Cell Culture,Cloning,Cold Storage,Colony Management,Consultations,CRISPR,CRISPR Injection Services,CRISPR/Cas Project Design,Embryo Cryopreservation & Recovery Services,End-to-end Service,ES Cell Injection,ES Cell Technology (Mouse),Experimental Design,Fresh/Frozen Sperm IVF,Genome Engineering,Genotyping,Genotyping-by-sequencing,Injection Of DNA Constructs,Molecular Construct Services,Rederivation (Mouse),Sperm Cryopreservation,Tail Biopsy,Tissue Culture,Training,Transgenics,Vitrification","The Genetically Engineered Murine Models (GEMM) Core provides full-service mouse genetic engineering support to researchers. We will help you select the best model for your research program, design and build any requisite constructs and reagents, and produce live mice. The most popular requests are for CRISPR-based gene edited mice and transgenic mice. To date, we have created engineered alleles for knockouts, conditional knockouts, SNP knockins, tag and marker insertions, deletions of up to 300kb, duplications, and transgenic alleles. These novel mouse models have been made on a wide..."
Small Animal Image-Guided Radiation Therapy,RRID:SCR_021996,University of Colorado Anschutz Medical Campus,Aurora,CO,United States of America,https://medschool.cuanschutz.edu/colorado-cancer-center/research/shared-resources/animal-imaging/irradiation,"Experimental Design,In-vivo Imaging,Irradiation","The Small-Animal IGRT Core specializes in the targeted irradiation of small animals for use in pre-clinical trials of radiation therapy. Through the use of the XRAD-SmART Irradiator, our core can use x-ray fluoroscopy and on-board CBCT to accurately irradiate small lesion areas while protecting normal tissue. Our core also provides experiment design, data analysis, and dosimetry calculations, as well as longitudinal acquisition of CBCT for temporal assessment of tumor growth kinetics."
Structural Biology- NMR Facility,RRID:SCR_021997,University of Colorado Anschutz Medical Campus,Aurora,CO,United States,https://medschool.cuanschutz.edu/corefacilities/nmr/home,"Consultation,Data Analysis,Data Analysis And Interpretation,Data Processing,Data Processing And Interpretation,NMR Quality Control For Biologic Drugs,NMR Quality Control For Biosimilars,Nuclear Magnetic Resonance (NMR),Protein NMR,Small Molecule Compound Screening,Training","The goal of the Biomolecular NMR Core facility is to enable the study of biomolecular structure, dynamics and interactions in solution at the atomic level. The facility provides is equippped with three high field NMR spectrometers from 600 MHz to 900 MHz equipped for biomolecular NMR studies"
BioFrontiers Advanced Light Microscopy Core,RRID:SCR_018302,University of Colorado Boulder,Boulder,CO,United States of America,https://advancedimaging.colorado.edu/,"3D Visualization,Cell Imaging,Computational - Biostatistics,Confocal Microscopy,Data Analysis,High Content Screening,Immunohistochemistry,Microscopy","The BioFrontiers Advanced Light Microscopy Core is a user facility designed to advance biological discovery through quantitative microscopy techniques. The facility is open all researchers from academia, national labs and industry. Current demands in biological research require the capability to observe cellular and sub-cellular events and phenomena both punctually as well as over time. The BioFrontiers Advanced Light Microscopy Core is capable to meet these imaging needs. The low signal levels that result from biologically important processes, as well as the spatio-temporal dynamic nature..."
Chemical and Bio. Engineering instrument and electronics,RRID:SCR_019298,University of Colorado Boulder,boulder,CO,United States of America,https://www.colorado.edu/chbe/instrument-shop,"Computer Aided Design (CAD),Electronic Design,Electronic Medical Device Prototyping,Electronics & Fabrication Shop,Electronics Repair,Machining","Provides mechanical and electrical design and fabrication services at CU Boulder.Provides solutions for instructional and research needs for any department or college. Collectively comprised of machine shop and electronics shop, both of which are located in basement level of Jennie Smoly Caruthers Biotechnology Building."
CUB-BioChemistry Krios Electron Microscope Facility,RRID:SCR_019057,University of Colorado Boulder,Boulder,CO,United States of America,https://www.colorado.edu/sharedinstrumentation/biokem-biochemistry-krios-electron-microscopy-facility,"Cryo-Electron Microscopy,Data Analysis,Data Processing And Interpretation,Transmission Electron Microscopy",The University of Colorado Boulder Biochemistry Department's Krios Electron Microscopy facility (BioKEM) offers single particle cryo-EM and cryo tomography of plunge-frozen samples. Using a Titan Krios G3i (funded by HHMI) for high resolution data collection on a Gatan K3 Direct Detection Camera the BioKEM facility is able to offer high-end data collection at atomic level resolution. The BioKEM facility uses Serial EM for SPA and cryo-ET data acquisition.
Facility for Electron Microscopy of Materials CU FEMM,RRID:SCR_019306,University of Colorado Boulder,Boulder,CO,United States of America,https://www.colorado.edu/lab/cufemm/,Transmission Electron Microscopy,"The CU Facility for Electron Microscopy of Materials (CU FEMM) is an open access user facility that serves the entire CU Boulder campus and is also open to external users nationwide. The facility features state-of-the-art transmission electron microscopes housed in a vibration, static-free, and temperature-controlled environment. Designed to ensure the highest resolution possible, this uniquely constructed and renovated facility enables the study of structure and chemistry at the atomic scale by isolating instruments from thermal, vibration, and electromagnetic interference. CU FEMM’s..."
Intermountain Neuroimaging Consortium,RRID:SCR_025079,University of Colorado Boulder,Boulder,CO,United States,www.colorado.edu/mri,"Image Aquisition,Image Data Management,Image Processing And Analysis,Magnetic Resonance Imaging (MRI)",The Intermountain Neuroimaging Consortium (INC) is a state-of-the-art magnetic resonance imaging research facility located at the University of Colorado Boulder.
University of Colorado Boulder Light Microscopy Core Facility,RRID:SCR_018993,University of Colorado Boulder,,,United States of America,https://www.colorado.edu/lmcf/,"Correlative Light Electron Microscopy,Fluorescence Microscope With Optical Sectioning Capability,Live Cell Imaging,Microscopy,Slide Scanning,Super-resolution Microscopy,TIRF Microscopy,Whole Slide Imaging,Widefield Microscopy","Provides access to instruments and training. Instruments including HP Z8 with Imaris, Dell Precision 7910 Analysis PC, Olympus IX81 with fluorescence and slide scanning, Nikon Ti inverted with fluorescence and RGB, Nikon A1 N-SIM structured illumination super-resolution, 6 laser scanning confocal microscope with TIRF, Nikon Inverted Spinning Disk Confocal Microscope with 405nm FRAP/PA, Yokogawa/Olympus CV1000 spinning disk with full incubation, Zeiss 510 Laser Scanning Confocal Microscope, Zeiss Discovery V.12 fluorescent stereoscope."
Bio-Imaging Center,RRID:SCR_017814,University of Delaware,Newark,DE,United States of America,bioimaging.dbi.udel.edu,"10x Genomics Xenium Spatial Transcriptomics,Atomic Force Spectroscopy,Cell Imaging,Confocal Microscopy,Cryo-Electron Microscopy,Electron Microscopy,F.I.S.H.,Immunohistochemistry,In Situ Hybridization,Laser Capture Microdissection,Microscopy,Multiphoton Microscopy,Super-resolution Microscopy","The University of Delaware Bio-Imaging Center is a multi-user microscopy facility that houses state-of-the-art microscopy equipment. Our staff has technical expertise across the gamut of microscopy platforms and methodologies. With a special emphasis on life sciences and soft materials, we are able to address the broad imaging needs of the university, non-profit and industrial research community. The center is open to all academic researchers and industrial clients on a fee-for-service basis. The center is housed at the Delaware Biotechnology Institute in the Ammon Pinizzotto..."
Bioinformatics Data Science Core Facility,RRID:SCR_017696,University of Delaware,Newark,DE,United States of America,https://bioinformatics.udel.edu/CoreCenter,"ATAC-Seq,ChIP-Seq,Computational - Application Development,Computational - Bioinformatics,Computational - High Performance Computing,Computational - Interactive Compute/storage,Consultation,Consultations,Data Analysis,Data Analysis And Interpretation,Data Processing,Data Processing And Interpretation,Data Visualization,DNA Analysis,Genome/Transcriptome Assembly And Annotation,Genotyping-by-sequencing,High Performance Computing,Metagenomics Analysis,Metatranscriptomics,Microbiome,RNA analysis,RNA Modification Analysis,RNAseq,Web Application Development","The mission of the Bioinformatics Data Science Core Facility is to provide scientific expertise and core infrastructure support in Bioinformatics and Biological Data Science for the Delaware research and education community. Drawing on the combined resources of the Center for Bioinformatics and Computational Biology (CBCB), the Delaware Biotechnology Institute (DBI), the Data Science Institute (DSI), and the Protein Information Resource (PIR), the Core provides both computing infrastructure and knowledgeable personnel with significant hardware, software and professional support for..."
Protein Production Core Facility,RRID:SCR_017746,University of Delaware,Newark,DE,United States of America,http://www.dbi.udel.edu/core/protein/,"Protein Extraction/Purification,SDS-PAGE,Shared Instrumentation Oversight & Maintenance,Western Blot","The Protein Production Core (PPC) Facility is a core laboratory that serves academic investigators in Delaware. The PPC is part of shared core facilities supported by the Center of Biomedical Research Excellence (COBRE) in Membrane Protein Production and Characterization at the University of Delaware. The PPC has modern instrumentation for large scale expression, purification and characterization of prokaryotic and eukaryotic proteins for investigators and researchers. The core supports the production of proteins in quantities suitable for structural studies (X-ray and NMR) and functional..."
Surface Analysis Facility,RRID:SCR_017796,University of Delaware,Newark,DE,United States of America,http://www.udel.edu/chem/beebe/surface.htm,"Assays and Measurements,Atomic Force Spectroscopy,Microscopy,Molecular Imaging,Spectroscopy","Consulting and services in X-ray Photoelectron Spectroscopy (XPS, also called ESCA), Time-of-Flight Secondary Ion Mass Spectrometry (TOF-SIMS), Atomic Force Microscopy (AFM)"
UD Flow Cytometry Core,RRID:SCR_022861,University of Delaware,Newark,DE,United States,https://bioimaging.dbi.udel.edu/flow-cytometry-core-2/,"FACS Cell Sorting,Flow Cytometric Analysis,Flow Cytometry Data Analysis,High Dimensional Flow Cytometry Analysis","The Flow Cytometry Core Facility, located at the University of Delaware Main campus (UD) in Newark, Delaware, provides a wide variety of flow cytometry and hematology services for internal and external investigators. The Core facility is equipped with – 
 • Two 15-color FACSAria Fusion high-speed cell sorter,
 • BD Rhapsody Express Cell Processing Unit,
 • VetScan HM5c veterinary hematology analyzer, 
 • Nexcelom Cellometer Vision cell counter, 
 • Zeiss Axiovert 200 inverted fluorescent microscope, 
 • Thermo Shandon Cytospin 4 & a Beckman Spinchron DLX centrifuge,
 • General Laboratory..."
UD Sequencing & Genotyping Center,RRID:SCR_012230,University of Delaware,Newark,DE,United States of America,http://www.udel.edu/dnasequence,"10x Genomics,Analysis Workstations,ATAC-Seq,Automated Liquid Handling,Bisulfite Conversion,Capillary Electrophoresis,CDNA Synthesis,ChIP-Seq,CITE-seq,Cloning,Consultation,Consultations,Copy Number Variation (CNV),Data Analysis,Digital PCR,DNA Analysis,DNA Isolation,Droplet Digital PCR,Genomics,Genotyping,Genotyping-by-sequencing,Library Services,Long Read Sequencing,Metatranscriptomics,Micro RNA Profiling,Microbiome,Molecular Library Services,Nanopore Sequencing,Nucleic Acid Extraction,ONT Sequencing,Real-time qPCR,RNA analysis,RNA Integrity,RNA Isolation,RNAseq,Sample Preparation,Sequencing - Capillary Sequencing,Sequencing - DNA Sequencing,Sequencing - Next Generation Sequencing (NGS),Shared Instrumentation Oversight & Maintenance,Single-cell Sequencing,Whole Genome Amplification (WGA),Whole Genome Sequencing","The University of Delaware Sequencing and Genotyping Center (SGC) supports genomics research through our established expertise with state-of-the-art genomics technologies. Our core center is located in the Delaware Biotechnology Institute, which is an interdisciplinary research unit at the University of Delaware. The SGC provides assistance with experimental design, user training, sample and data analysis. Instrumentation housed in the SGC supports high-throughput, single-molecule, and Sanger sequencing technologies, as well as qualitative and quantitative analysis of nucleic acids."
EdinOmics,RRID:SCR_021838,University of Edinburgh,Edinburgh,,United Kingdom,https://www.ed.ac.uk/biology/research/facilities/edinomics,"Amino Acid Analysis,Assays and Measurements,Automated Liquid Handling,Bioanalytical LC MS/MS ,Biochemical Analysis,Consultation,Data Analysis,Data Analysis And Interpretation,Data Processing,Data Processing And Interpretation,Data Visualization,Experimental Design,GC,HPLC,Mass Spectrometry,Mass Spectrometry - Proteins And Peptides,Mass Spectrometry - Small Molecules,Metabolomics,Metabolomics Platform,Natural Product Analysis,Project Management,Proteomics,Proteomics Analysis,Protocol Development,Sample Preparation,Small Molecule Compound Screening",We are a small research facility based in the School of Biological Sciences and the Centre for Engineering Biology that provides proteomics and metabolomics services for qualitative and quantitative analysis.
"Mass Spectrometry Core, Edinburgh Clinical Research Facility",RRID:SCR_021833,University of Edinburgh,Edinburgh,,United Kingdom,https://www.ed.ac.uk/clinical-research-facility/core-services/mass-spectrometry,"Drug Discovery,ELISA,HPLC,HRAM Mass Spectrometry,Mass Spectrometry,Metabolomics","The Mass Spectrometry Core is part of Edinburgh Clinical Research Facility, situated in the Centre for Cardiovascular Sciences in the Queen‘s Medical Research Institute at the University of Edinburgh. We teach and host undergraduate students, MSc and PhD and clinical research fellows the theory and practice of mass spectrometry, chromatography and its applications to clinical and biological research questions. 
 We have expertise in sample preparation, bioanalysis for targeted small molecule analysis in clinical and pre-clinical studies. 
 We also provide a service of sample analysis where..."
UOE-Centre for Cytomics,RRID:SCR_027343,University of Exeter,Exeter,,United Kingdom,https://www.exeter.ac.uk/cytomics,"10X Genomics Single Cell,AI,Algae,Artificial Intelligence ,Assay Development,Bioinformatics,Bioinformatics Project Planning,Cancer Cell Profiling,Cell Signalling,Cell Sorting,Cellular Metabolism Assays,Contract Research,CRO,Cytomics,Data Analysis,Data Science,Environmental,FACS Cell Sorting,Flow Cytometry Training ,Functional Cytometry,High Dimensional Flow Cytometry Analysis,Imaging,Imaging Flow Cytometry,Industrial Compliance Research,Life Sciences Technologies,Machine Learning,MACSima Spatial Biology,Marine Biology,Microbiology,Microbiome,Microplastics,Multiplex Immunofluorescence,Multiplexing,Phenotyping,Phospho-Flow,Plankton,Plant Biology,Quantitative Imaging,Single Particle Analysis,Single Particle Flow Virometry,Spatial Profiling,Spatial Proteomics,Spatial Transcriptomics,Spectral Flow Cytometry,Stem Cells,Tissue Cytometry,Transcriptomics,Virometry","The Exeter Centre for Cytomics (EXCC) is an ISO 9001-certified, LEAF Gold-accredited, and ISAC SRL-recognised Centre of Excellence, placing it among the world’s leading facilities for cytometry and single-cell analysis. We combine internationally recognised scientific expertise with state-of-the-art technology to deliver integrated solutions for both academic and industrial partners.
 
 Our capabilities span high-dimensional spectral cytometry, conventional flow cytometry, nano cytometry, imaging cytometry, spatial biology, and multi-omics (proteomics and transcriptomics). We operate Cytek..."
Herbert Wertheim College of Engineering Nanoscale Research Facility,RRID:SCR_025135,University of Florida,Gainesville,FL,United States,https://nrf.aux.eng.ufl.edu,"3D Visualization,Annealing Furnace,Atomic Layer Deposition,Computed Tomography (CT),Contact Angle Measurement,Differential Interference Contrast Microscopy,Dynamic Light Scattering,EDS - Energy Dispersive X-ray Spectrometry,Electron Beam Lithography,Electron Microscopy,Electronic Medical Device Prototyping,Ellipsometry,Etching,Focused Ion Beam (FIB),FT-IR,Light Scattering,Lyophilization,MicroCT,Microscopy,Microstructure Characterization,Raman Spectroscopy,Rheology,Scanning Electron Microscopy,Spectroscopy,Surface Roughness,Transmission Electron Microscopy,UV-Vis Spectroscopy,Wafer Bonding,Wafer Dicing,Wire Bonding,X-ray Diffraction and Scattering,Zeta Potential","Electron microscopy and analysis (SEM, TEM, FIB, EBSD, WDS), microelectronic device fabrication (7000 sq ft cleanroom, Class 100-1000), X-ray computed tomography (CT), particle system characterization (size, zeta potential, surface area, porosity, rheology), X-ray diffraction, surface analysis (AFM, profilometry, XPS, Auger), spectroscopy (UV/Vis with integrating sphere, FTIR/NIR with micro capability and micro-Raman)."
Systems Physiology and Omics Core,RRID:SCR_025083,University of Florida,Gainesville,FL,United States,https://aging.ufl.edu/research/oaic-cores/systems-physiology-and-omics-core/,Phenotyping,"The Systems Physiology and Omics Core within the UF OAIC will provide the specialized resources and expertise to support scientists that want to incorporate systemic measures of mouse activity, metabolism and feeding. The systems are also embedded within light regulated environments to capture circadian, time of day, based outcomes. The core will support scientists wanting to perform circadian type analyses with either pre-clinical or clinical time series data. Lastly, the core will support scientists wanting to incorporate -Omics measures into their studies with experience in genomics,..."
The Herbert Wertheim UF Scripps Institute for Biomedical Innovation & Technology-Bioinformatics and Statistics Core,RRID:SCR_023048,University of Florida,Jupiter,FL,United States,https://scripps.ufl.edu/cores-and-technologies/bioinformatics/,"Amino Acid Analysis,Clinical Trial Support,Computational - Bioinformatics,Computational - Biostatistics,Computational - High Performance Computing,Consultation,Consultations,Data Analysis,Data Analysis And Interpretation,Data Processing,Data Processing And Interpretation,Data Visualization,Experimental Design,Mass Spectrometry,Mass Spectrometry - Proteins And Peptides,Metagenomics Analysis,Methylation Analysis,Power Analysis,Proteomics Analysis,Quantitative Phosphoproteomics,Quantitative Proteomics - TMT,RNA analysis,RNA Modification Analysis,TMT-Quantitation,Training","The Bioinformatics and Statistics Core provides data management and analysis services for the Herbert Wertheim UF Scripps Institute for Biomedical Innovation & Technology community as well as for external collaborators. We offer scientific support to assist in the experimental design, analysis, integration and dissemination of biomedical data and knowledge. Projects will often vary in time and cost depending on the scientific goals of the work, and the desired level of detail. Our goal is to use existing software and tools developed by the group, along with open source software, to support..."
UF ICBR Bioinformatics,RRID:SCR_019120,University of Florida,Gainesville,FL,United States of America,http://www.biotech.ufl.edu/bioinformatics/,"Computational - Bioinformatics,Computational - Biostatistics,Computational - High Performance Computing,Consultations,Data Analysis,Genome/Transcriptome Assembly And Annotation,Genomics,Metagenomics Analysis,Quantitative DNA Sequence Mapping,Single-Cell Analysis","The Bioinformatics core offers bioinformatics consulting and data analysis services to help researchers analyze and understand the large data sets acquired from next generation sequencing and array-based technologies. We coordinate closely with other ICBR cores (Next-Gen Sequencing, Gene Expression, Cytometry, and Proteomics) on shared projects. 
 
 We collaborate with researchers in designing experiments and analyzing complex datasets by applying various data-analytical and theoretical methods, mathematical modeling and computational techniques. We develop and operate comprehensive..."
UF ICBR Cytometry,RRID:SCR_019119,University of Florida,Gainesville,FL,United States of America,http://www.biotech.ufl.edu/cytometry/,"Analysis Workstations,Cell Sorting,Confocal Microscopy,Flow Cytometric Analysis,Histology,Imaging Flow Cytometry,In-vivo Imaging","The Cytometry core employs multiple flow cytometers and sorters, from simple entry-level devices to high-end 5-laser, 142-detector ID7000 spectral analyzer and BD S6 sorter. The lab also offers a variety of microscopes, including Leica Stellaris 8 upgraded with a STED super-resolution module."
UF ICBR Electron Microscopy,RRID:SCR_019146,University of Florida,Gainesville,FL,United States of America,https://biotech.ufl.edu/electron-microscopy/,"Confocal Microscopy,Cryo-Electron Microscopy,Electron Microscopy,High-Pressure Freezing,Immuno Electron Microscopy,Microscopy,Sample Preparation,Scanning Electron Microscopy,Transmission Electron Microscopy","ICBR Electron Microscopy supports researchers in visualizing microscopic structures through imaging projects and user training. We strive to aid scientists in solving problems and to help push their research forward by providing the tools needed for successful publication and grant applications. Major service categories include: room temperature and cryo transmission and scanning electron microscopy, confocal laser scanning microscopy, sample preparation and user training."
UF ICBR Gene Expression & Genotyping,RRID:SCR_019145,University of Florida,Gainesville,FL,United States of America,https://biotech.ufl.edu/gene-expression-genotyping/,"10x Genomics,Antibody Sequencing,Consultations,CRISPR Rosa26 & CRISPR H11,CRISPR/Cas Project Design,Data Analysis,Digital PCR,DNA Analysis,Droplet Digital PCR,ELISA,Gene Expression Arrays,Genome/Transcriptome Assembly And Annotation,Genomics,Genotyping,Library Services,Molecular Library Services,PCR Arrays,Protein Extraction/Purification,Reagents,Real-time qPCR,RNA analysis,RNA Integrity,RNA Isolation,RNAseq,Single-Cell Analysis,Single-cell Sequencing","The Gene Expression & Genotyping core provides state-of-the-art technical services and consultation on Single Cell RNA-Seq, RNA-Seq, 16s metagenomics and Affymetrix gene expression arrays. High-throughput RNA-seq libraries, 16s libraries and sequencing capture libraries can be done by using the Agilent Bravo robot. QuantiGene RNA Assays measure up to 80 gene targets directly with degraded and cross-linked RNA in FFPE tissues and blood, with no RNA purification required. The BioRad QX200 AutoDG Droplet Digital PCR System provides absolute quantification of target DNA or RNA molecules with..."
UF ICBR Monoclonal Antibody,RRID:SCR_019147,University of Florida,Gainesville,FL,United States of America,https://biotech.ufl.edu/monoclonal-antibody/,"Biolayer Interferometry (BLI),Bioshipping,Capillary Electrophoresis,Cell Culture,Cell Fusion,Cell Imaging,Cloning,Consultation,Consultations,Data Analysis,ELISA,Fabrication,Fluorescence Spectroscopy,Immunization,Immunoassay,Immunofluorescence ,Live Cell Imaging,Luminex Bead Based Cytokine Assays,Monoclonal Antibody,Plate Reader,Polyclonal Antibody Production,Project Management,Protein Extraction/Purification,Reagents,SDS-PAGE,Tissue Culture,Western Blot","The Monoclonal Antibody core develops new mouse monoclonal antibodies for investigators to use in basic and applied research. Major service categories include: immunization of mice, cell fusion, cell cloning, screening by ELISA and Western blot, monoclonal antibody production, purification and labeling, monoclonal antibody analyses such as antibody/antigen affinity measurements, epitope binning and identification of matched antibody pairs. Customer training on select self-service instruments is also offered."
UF ICBR NextGen DNA Sequencing,RRID:SCR_019152,University of Florida,Gainesville,FL,United States of America,https://biotech.ufl.edu/next-gen-dna/,"10x Genomics,DNA Analysis,Library Services,Metagenomics Analysis,RNA analysis,RNAseq,Sequencing - DNA Sequencing,Sequencing - Next Generation Sequencing (NGS)","Welcome to the UF ICBR NextGen DNA Sequencing core facility. The ICBR-NGS core provides researchers with quality, massively parallel, high-throughput sequencing data using the most current instrumentation, at a reasonable cost. We currently support the most popular platforms: Illumina NextSeq500 and MiSeq, HiSeq3000 and the Pacific Biosciences SEQUEL system. Together, these instruments cover a broad range of powerful applications. Our free consultation services aim to help researchers navigate through the complex matrix of experimental options represented by the available sequencing..."
UF ICBR Proteomics & Mass Spectrometry,RRID:SCR_019151,University of Florida,Gainesville,FL,United States of America,http://www.biotech.ufl.edu/cores/proteomics/,"2D Spectra Acquisition and Interpretation,Consultations,Luminex Services,Mass Spectrometry,Protein Extraction/Purification,Proteomics,Quantitative DNA Sequence Mapping,Reagents,Sequencing - Protein Sequencing","ICBR Proteomics & Mass Spectrometry Facility has provided unprecedented tools for fast, accurate, high throughput biomolecular separation and characterization, which are indispensable towards understanding the biological and medical systems. Studying at the protein level allows researchers to investigate how proteins, their dynamics, modifications, and interactions affect cellular processes and how cellular processes and environment affect proteins. The mission of our facility is to provide excellent service and training in proteomics and mass spectrometry. Here we present our capabilities..."
Mass Spectrometry and Proteomics,RRID:SCR_023576,University of Florida Health,Jupiter,FL,United States,https://scripps.ufl.edu/cores-and-technologies/mass-spectrometry-and-proteomics/,"Mass Spectrometry,Protein Extraction/Purification,Proteomics,Quantitative Phosphoproteomics,Quantitative Proteomics - TMT","The Mass Spectrometry and Proteomics Core has one mission: to provide a wide range of state-of-the-art mass spectrometry-based proteomics services to assist with protein characterization, identification and quantification, and apply these technologies to solve relevant biological problems."
Cryo-Electron Microscopy Facility (CEF) Freiburg,RRID:SCR_025860,University of Freiburg,Freiburg,,Germany,https://www.cryo-em.uni-freiburg.de/,"Cryo-Electron Microscopy,Cryo-Electron Tomography,Sample Preparation","The CEF offers services related to cryo electron microscopy to all members of the University of Freiburg as well as external universities and research institutions.
 Services include grid preparation, screening and data collection, as well as user training."
LIC - Life Imaging Center,RRID:SCR_020968,University of Freiburg,Freiburg,,Germany,https://miap.eu/lic,"Cell Culture,Cell Imaging,Confocal Microscopy,Light-sheet Microscopy,Live Cell Imaging,Multiphoton Microscopy,Optical Imaging,Super-resolution Microscopy","The Life Imaging Center (LIC) is a central core facility of the Albert-Ludwigs-University Freiburg open to members of all Faculties and the Universitätsklinikum. Currently more than 280 active users from six Faculties (Biology, Medicine, Chemistry and Pharmacy, Environment and Natural Resources, Mathematics and Physics, and Engineering) use the LIC infrastructure. LIC users come from more than 90 workgroups and the combined usage time of the LIC microscopes in 2017 was about 10.350 hours. The LIC has approximately 60 - 80 new users per year and approximately the same number leaving the..."
MRDAC - Magnetic Resonance Development and Application Center,RRID:SCR_021926,University of Freiburg,Freiburg,,Germany,https://www.uniklinik-freiburg.de/mr-en/mrdac.html,"3D & 4D Image Processing Stations,3D Printing,3D Visualization,Analysis Workstations,Clinical Imaging - Small Animal (X-ray, Ultrasound, microCAT, MRI),Computed Tomography (CT),Data Processing,Data Visualization,Functional Brain Imaging,Functional Magnetic Resonance Imaging (fMRI),Image Aquisition,Magnetic Resonance Imaging (MRI),Nuclear Magnetic Resonance (NMR),Spectroscopy","MRDAC is an official core facility of the medical faculty of the University of Freiburg and is registered in the RIsources database of the German Research Foundation (DFG) under the number RI_00444.
 
 The MR Development and Application Center origins in the Medical Physics group, Dept. of Radiology, University Medical Center Freiburg, one of the internationally leading groups in the field of methodological developments in Magnetic Resonance Imaging and Spectroscopy and its application in clinics and research.
 MRDAC was established in 2001 to serve as a platform for collaborations with..."
UF-Lighthouse Core Facility,RRID:SCR_023785,University of Freiburg,Freiburg,,Germany,https://www.uniklinik-freiburg.de/medizin1/forschung/lighthouse-core-facility.html,"3D & 4D Image Processing Stations,3D Visualization,Cell Imaging,Cell Sorting,CODEX,Confocal Microscopy,Confocal/ Super Resolution Microscope,Data Analysis,Deconvolution,Digital PCR,Droplet Digital PCR,FACS Cell Sorting,Flow Cytometry,Flow Cytometry Data Analysis,Fluorescence Microscope With Optical Sectioning Capability,High Content Screening,High Dimensional Flow Cytometry Analysis,Microscopy,Multi-color Flow Cytometry,Multiphoton Microscopy,Real-time qPCR,Slide Scanning,Spectral Flow Cytometry,Training","Lighthouse Core Facility (LCF) is a recognized core facility of the Medical Faculty of the University of Freiburg. It is also registered in the RIsources Database of the German Research Foundation (DFG) under the number RI_00416.
 
 Lighthouse specializes in the areas of flow cytometry and cell sorting; light microscopy (confocal, widefield fluorescence, high content screening, lightsheet, slide scanning, highly multiplexed microscopy); and digital PCR / QPCR. It is located at the Medical Center - University of Freiburg. 
 
 The Lighthouse host institutions include the Dept. of Medicine I,..."
Georgia Genomics and Bioinformatics Core,RRID:SCR_010994,University of Georgia,Athens,GA,United States of America,http://www.dna.uga.edu/,"10x Genomics,Computational - Bioinformatics,DNA Analysis,Droplet Digital PCR,Genomics,Genotyping,Library Services,Nanopore Sequencing,Real-time qPCR,RNA analysis,SARS-CoV-2 Strain Sequencing,Sequencing - DNA Sequencing,Sequencing - Next Generation Sequencing (NGS),Single-Cell Analysis,Single-cell Sequencing,Spatial Transcriptomics,Whole Genome Sequencing","The Georgia Genomics and Bioinformatics Core (GGBC) is the University of Georgia (UGA) core laboratory for nucleic acid sequencing and bioinformatics. Our mission includes research support, education, and training. Our services are available to university and industry researchers.
 
 Our services encompass the range of genomic techniques and applications, sequencing technologies, and bioinformatics analyses. GGBC operates multiple platforms for short-, long-, and single-molecule sequencing reads (i.e., Illumina MiSeq and NextSeq, PacBio Sequel, and Oxford Nanopore MinIon). We also write..."
ABSL_3/BSL_3 Biocontaminant Core,RRID:SCR_022878,University of Hawaiʻi at Mānoa,Honolulu,HI,United States of America,www.hawaii.edu/pceidr,"Biological photography/Photomicrography,Flow Cytometric Analysis,Immunohistochemistry,Microarray,Nucleic Acid Extraction,PCR Arrays,Real-time qPCR,RNA Integrity,Shared Instrumentation Oversight & Maintenance,Tissue Culture,Veterinary Services,Virology,Western Blot","Research on microbial agents, which cause lethal diseases in humans and for which effective drugs or preventive vaccines are not available, must be conducted by well-trained investigators in specially built, well-maintained laboratories. The BSL-3/ABSL-3 Biocontainment Core provides the triad of service, research and development, and education and training to investigators at the university and the wider research community."
Molecular & Cellular Immunology Core Facility,RRID:SCR_021344,University of Hawaiʻi at Mānoa,Honolulu,HI,,http://pceidr.jabsom.hawaii.edu/guest/Guest.vm?method=displayCorePage&id=3,"Analysis Workstations,Assays and Measurements,Assisted Reproductive Technologies (Rodent IVF, ICSI),Automated Liquid Handling,Cell Culture,Cell Imaging,Cell Sorting,Data Analysis,ELISA,Exosomes Characterisation,F.I.S.H.,FACS Cell Sorting,Flow Cytometric Analysis,High Performance Computing,Immune Monitoring,Immunohistochemistry,Live Cell Imaging,Luminex Services,Magnetic Resonance Imaging (MRI),Multi-color Flow Cytometry,Plate Reader,Protocol Development/Clinical Trial Coordination,Sample Preparations And Metabolic Quenching,Single-cell Sequencing,Tissue Culture,Virology","As the sole resource for flow cytometry, cell sorting and state-of-the-art immunological services in the western-most IDeA state, the Molecular and Cellular Immunology Core, through COBRE support, has accelerated research productivity, in terms of publications and extramural funding. Emphasis has also been applied to developing new or customized immunological methods for COBRE Investigators and other Core users. In addition, regularly scheduled training sessions are held to enrich the educational and mentoring experience for COBRE Investigators and other faculty and students across the..."
Mouse Physiology Core,RRID:SCR_017753,University of Hawaiʻi at Mānoa,Honolulu,HI,United States of America,http://www2.jabsom.hawaii.edu/mousecore/,"Animal Husbandry,DNA Analysis,Surgical Services,Ultrasonic Imaging","Services provided include animal husbandry and genotyping, murine echocardiography,reporter gene imaging, hemodynamic monitoring, tail vein plethysmography, surgical procedures including infarction, aortic banding, wire injury, tail vein injection, pump implantation, and training in all of these procedures."
UHCC Genomics and Bioinformatics Shared Resource,RRID:SCR_019085,University of Hawaiʻi at Mānoa,Honolulu,HI,United States of America,https://www.uhcancercenter.org/research/shared-resources/genomics-and-bioinformatics,"10x Genomics,Assays and Measurements,Computational - Bioinformatics,Copy Number Variation (CNV),Data Analysis,DNA Analysis,Genomics,Genotyping,Microarray,Microbiome,Nanostring,Nanostring NCounter,Nucleic Acid Extraction,PCR Arrays,Real-time qPCR,RNA analysis,RNA Integrity,Sequencing - DNA Sequencing,Sequencing - Next Generation Sequencing (NGS),Sequencing - Pyrosequencing","The UHCC GBSR is a Shared Resource at the University of Hawaii Cancer Center. The genomic analysis services offered are: (1) DNA/RNA isolation, plating, and quality analysis, (2) Custom genotyping, (3) Real-Time qPCR-based gene expression, copy number and methylation assays, (4) Pyrosequencing, (5) Affymetrix and Illumina microarray-based assays, (6) Next Generation Sequencing on NextSeq500, iSeq100, (7) NanoString nCounter analysis, and (8) Consultation. We also offer bioinformatic analysis services for various omics data."
"UHCC Microscopy, Imaging, and Flow Cytometry Core",RRID:SCR_021753,University of Hawaiʻi at Mānoa,Honolulu,HI,United States of America,https://www.uhcancercenter.org/research/shared-resources/microscopy-imaging-and-flow-cytometry,"3D Visualization,Analysis Workstations,Assay Development,Cell Imaging,Clinical Imaging - Small Animal (luminescence/fluorescence),Confocal Microscopy,Flow Cytometric Analysis,Flow Cytometry Data Analysis,In-vivo Imaging,Laser Capture Microdissection,Live Cell Imaging,Microscopy,Multi-color Flow Cytometry,Photomanipulation,Super-resolution Microscopy,TIRF Microscopy","The MIFC Core at the University of Hawaii Cancer Center offers a variety of optical analysis instrumentation from specialized light microscopes to bioluminescence preclinical imagers to flow cytometers for multicolor cellular analysis. For a full list of instrumentation, please see our website."
IBEST Computational Resources Core,RRID:SCR_017734,University of Idaho,Moscow,ID,United States of America,http://crc.ibest.uidaho.edu,"Computational - Application Development,Computational - Bioinformatics,Computational - Biostatistics,Computational - High Performance Computing,Data Analysis,DNA Analysis,Genomics",The IBEST Computational Resources Core (CRC) serves as the computational backbone of evolutionary and computational biology research at the University of Idaho. It provides investigators with state of the art high performance computing and large data storage capacity for use in analyzing and managing large volumes of research data. Users of the core run jobs that may use hundreds of processors in parallel or large memory allocations and may run require weeks to complete. The CRC is explicitly designed to manage the complex computational and storage requirements for the IBEST researchers...
IIDS Genomics and Bioinformatics Resource Core,RRID:SCR_026416,University of Idaho,Moscow,ID,United States of America,https://my.ilabsolutions.com/service_center/show_external/3232/,"16S Amplicon Sequencing ,ATAC-Seq,ChIP-Seq,Computational - Bioinformatics,Copy Number Variation (CNV),Data Analysis,Data Analysis And Interpretation,Data Processing,Data Processing And Interpretation,Data Visualization,DNA Analysis,Genome/Transcriptome Assembly And Annotation,Genomics,Genotyping,Long Read Amplicon Sequencing,Long Read Sequencing,Metagenomics Analysis,Metatranscriptomics,Methylation Analysis,Microbiome,Molecular Library Services,Nanopore Sequencing,Non - Human Genotyping,Real-time qPCR,Reduce Representation Methylation Sequencing,Reduced Representation Bisulfite Sequencing,RNA analysis,RNA-Seq Training,RNAseq,Sequencing - DNA Sequencing,Sequencing - Next Generation Sequencing (NGS),Single-Cell Analysis,Single-cell Sequencing,Targeted Amplicon Sequencing,Whole Exome Sequencing,Whole Genome Sequencing","The IIDS Genomics and Bioinformatics Resources Core provides researchers from the University of Idaho access to technology, experience, and expertise in molecular biology methods. The core utilizes advanced technologies from companies such as Illumina, PacBio, Oxford Nanopore, Fluidigm, Sage Biosciences, and Advanced Analytical. Applications of these technologies are commonly used in biomedical research, but the interdisciplinary focus of the University of Idaho results in a wide range of fields that can benefit from the core, including agricultural studies, forest management, and animal..."
University of Idaho UI COBRE Nutrition Analytics Core Facility,RRID:SCR_025661,University of Idaho,Moscow,ID,United States of America,https://www.uidaho.edu/cals/nutrition-womens-health,"Blood Chemistry,Body Composition,Diet Assessment,ELISA","A core facility that provides expertise and instruments/equipment to promote research in nutrition and/or women’s health by leveraging resources from new and existing institutional programs and fostering collaborations across disciplines. The NACL consists of two main components: a hub laboratory suite (wet bench laboratory, body composition assessment and resting metabolic rate laboratories, computer laboratory, metabolic kitchen) located in the Food Research Center on the University of Idaho (UI) campus in Moscow, ID, and a network of partnering laboratories distributed across the UI and..."
Electron Microscopy Service,RRID:SCR_017763,University of Illinois Chicago,Chicago,IL,United States of America,http://rrc.uic.edu/cores/scientific-imaging-nanotechnology/electron-microscopy-service-ems/,"Electron Microscopy,Spectroscopy","The Electron Microscopy Service (EMS) is a central facility offering access to scanning (SEM), transmission (TEM) and scanning transmission (STEM) electron microscopes as well as Surface Analysis (X-Ray Photon Spectroscopy and Raman Spectroscopy) on a pay-per-use basis. Investigators are encouraged to learn how to operate the instrumentation themselves, however, the EMS staff are available to carry out experiments for those investigators who only occasionally require electron microscopy service. The EMS instrumentation is also available to investigators from outside UIC."
Research Informatics Core,RRID:SCR_025309,University of Illinois Chicago,Chicago,IL,United States of America,https://rrc.uic.edu/cores/support-units/research-informatics-core/,"Computational - Bioinformatics,Computational - Biostatistics","The Research Informatics Core at the University of Illinois-Chicago (UIC) provides a broad spectrum of bioinformatics services to the UIC and Chicago-area research communities, including genomics, transcriptomics, epigenomics, metagenomics, metabolomics, and proteomics analysis, as well as applications in statistical analysis, systems biology, and machine learning."
Core Facilities at IGB,RRID:SCR_017938,University of Illinois Urbana-Champaign,Urbana,IL,United States of America,https://www.igb.illinois.edu/corefacilities,"Cell Imaging,Confocal Microscopy,Microscopy,Multiphoton Microscopy,Optical Imaging,Slide Scanning","The Core Facilities at the Carl R. Woese Institute of Genomic Biology is a state-of-the-art resource for biological microscopy and image analysis. The core mission of the facility is to provide IGB faculty, as well as faculty from across campus with the tools and expertise to meet their imaging goals. In addition to providing technical assistance in acquiring and analyzing microscopy images the staff is also able to aid in designing and interpreting experiments."
Illinois-Biomedical Imaging Center,RRID:SCR_025264,University of Illinois Urbana-Champaign,Urbana,IL,United States,https://bic.beckman.illinois.edu,"Bioluminsecence Imaging,Clinical Research,Cold Storage,Computed Tomography (CT),Cryostat Histology,Data Analysis,Data Analysis And Interpretation,Data Processing,Data Processing And Interpretation,Data Visualization,EEG,HPLC,Magnetic Resonance Imaging (MRI),Molecular Imaging,Outreach,Positron Emission Tomography (PET),Protocol Development,Protocol Development/Clinical Trial Coordination",
UIUC-Roy J. Carver Biotechnology Center Functional Genomics,RRID:SCR_025274,University of Illinois Urbana-Champaign,Urbana,IL,United States of America,https://biotech.illinois.edu/functionalgenomics,"16S Amplicon Sequencing ,Capillary Electrophoresis,Consultation,DNA Analysis,Genomics,Genotyping,Long Read Amplicon Sequencing,Methylation Analysis,Microbiome,Multiprimer Microfluidic Amplicon Sequencing,Real-time qPCR,RNA analysis,RNA Integrity","The facility offers amplicon sequencing libraries, 16S sequencing, PacBio Revio long read 16S sequencing, custom long read amplicon librariesStandard Biotools (formerly Fluidigm) multiprimer amplicons, high throughput Gene Expression and SNP genotyping using the Standard Biotools microfluidic system, Illumina beadchip arrays for genotyping and methylation analysis."
"UIUC, Roy J. Carver Biotechnology Center, Cytometry and Microscopy to Omics Facility",RRID:SCR_025272,University of Illinois Urbana-Champaign,Urbana,IL,United States,https://biotech.illinois.edu/cmto,"10x Genomics,10x Genomics Visium,10x Genomics Xenium,2D & 3D Illustration,3D & 4D Image Processing Stations,3D Visualization,Biological Mechanism,Biological photography/Photomicrography,Cell Sorting,Confocal Microscopy,Confocal/ Super Resolution Microscope,Experimental Design,Flow Cytometric Analysis,Flow Cytometry,Flow Cytometry Data Analysis,Fluorescence Microscope With Optical Sectioning Capability,Imaging Flow Cytometry,Immunofluorescence ,Plate Reader,RNA Integrity,RNA Isolation,Sample Preparation,Scanning 20X Brightfield,Scanning 20X Flourescent,Scanning 40X Brightfield,Scanning 40X Fluorescent,Spatial Transcriptomics,Special Stains Histology,Staining,Super-resolution Microscopy,Surface Roughness,Training","The Cytometry and Microscopy to Omics (CMtO) Facility, couples cytometry with microscopy, genomics and proteomics using state-of-the-art instrumentation, end-to-end expertise and services. Maintaining our long-term commitment to core services in cytometry, we utilize advanced super resolution microscopy techniques to gain a significantly more in-depth understanding of cell sorting, analysis and enable cutting-edge spatial and single cell and multi-omics services for the UIUC campus and beyond."
"UIUC, Roy J. Carver Biotechnology Center, DNA Services Laboratory",RRID:SCR_025275,University of Illinois Urbana-Champaign,Urbana,IL,United States,https://biotech.illinois.edu/htdna,"10x Genomics,DNA Analysis,DNA Isolation,RNA analysis,RNA Isolation,Sample Preparation,Sequencing - Capillary Sequencing,Sequencing - DNA Sequencing,Sequencing - Next Generation Sequencing (NGS)","The primary mission of the DNA Services Lab is to provide outstanding service and state-of-the-art instrumentation to support basic, environmental, agricultural, and translational medical research for our campus investigators and external academic and corporate collaborators."
"UIUC, Roy J. Carver Biotechnology Center, High Performance Computing in Biology",RRID:SCR_025277,University of Illinois Urbana-Champaign,Urbana,IL,United States,https://hpcbio.illinois.edu,"10x Genomics,10x Genomics Visium,10x Genomics Xenium,16S Amplicon Sequencing ,Analysis Workstations,ATAC,ATAC-Seq,ChIP-Seq,CITE-seq,Computational - Application Development,Computational - Bioinformatics,Computational - Biostatistics,Computational - High Performance Computing,Computational - Interactive Compute/storage,Consultation,Copy Number Variation (CNV),CUT&RUN,CUT&Tag,Data Analysis,Data Analysis And Interpretation,Data Processing,Data Processing And Interpretation,Data Visualization,DNA Analysis,Experimental Design,Genome/Transcriptome Assembly And Annotation,Genomics,Genotyping,Genotyping-by-sequencing,High Performance Computing,Long Read Amplicon Sequencing,Long Read Sequencing,Metabolomics,Metagenomics Analysis,Metatranscriptomics,Microbiome,Microbiome Training,Multiprimer Microfluidic Amplicon Sequencing,Nanopore Sequencing,Pipeline Development,Proteomics Analysis,R Shiny App Development,Reduced Representation Bisulfite Sequencing,RNA analysis,RNA-Seq Training,RNAseq,SARS-CoV-2 Strain Sequen","As part of the Roy J. Carver Biotechnology Center, HPCBio incorporates the Center’s Bioinformatics Unit. It is strongly anchored in the genomics research agenda of the Carl R. Woese Institute for 
 Genomic Biology (IGB), and coordinates with IGB and the National Center for Supercomputing Applications (NCSA) to provide high-level technical expertise in high-performance computational biology."
"UIUC, Roy J. Carver Biotechnology Center, Metabolomics Facility",RRID:SCR_025273,University of Illinois Urbana-Champaign,Urbana,IL,United States of America,https://biotech.illinois.edu/metabolomics,"Amino Acid Analysis,Assay Development,Biochemical Analysis,Consultation,Data Processing,GC-MS,HPLC,HPLC-UV,HRAM Mass Spectrometry,LC-MS,Lipidomics,Mass Spectrometry,Mass Spectrometry - Small Molecules,Metabolomics,Metabolomics Platform,Small Molecule Compound Screening,Tissue Extraction,Untargeted Mass Spectrometry,UPLC-UV","The Carver Metabolomics Core of the University of Illinois Urbana-Champaign Roy J. Carver Biotechnology Center identifies and quantifies small molecules (metabolites) from a variety of origins such as biological tissue, blood, serum, plasma, cell, cell medium, urine, feces, among others. We provide support for untargeted and targeted metabolite profiling, detecting such compounds as sugars and sugar phosphates, alcohols, amine and polyamines, amino acids, fatty acids, complex lipids, nucleotides, organic acids, phenolics, bile acids, steroids/hormones, neurotransmitters and..."
"UIUC, Roy J. Carver Biotechnology Center, Proteomics Facility",RRID:SCR_025276,University of Illinois Urbana-Champaign,Urbana,IL,United States,https://biotech.illinois.edu/proteomics,"Consultation,Customized Protocols,Data Analysis And Interpretation,Data Processing,Data Processing And Interpretation,Data Visualization,Glycoproteomics,HRAM Mass Spectrometry,Mass Spectrometry,Mass Spectrometry - Proteins And Peptides,Phosphoproteomics,Protein Extraction/Purification,Proteomics,Proteomics Analysis,Protocol Development,Quantitative Proteomics - TMT,Sample Preparation","The Proteomics Core Facility is staffed by scientists with extensive experience characterizing proteins from diverse systems. The core provides a variety of proteomics services including customized sample preparation, protein identification, detection of post-translational modifications, isotopic label based and label-free quantitation, and intact protein characterization. The facility is well equipped with three state-of-the-art high resolution mass spectrometers with nanoflow liquid chromatography systems or chip-based robots. The core uses various software systems such as Mascot,..."
IIHG-Genomics Division,RRID:SCR_023422,University of Iowa,Iowa City,IA,United States,https://medicine.uiowa.edu/humangenetics/genomics-division,"10x Genomics,ChIP-Seq,Digital PCR,DNA Analysis,Droplet Digital PCR,Genomics,Microarray,Mycoplasma Detection,Nanopore Sequencing,Nanostring,Nanostring NCounter,Real-time qPCR,RNA analysis,RNAseq,Seq-Well,Sequencing - Capillary Sequencing,Sequencing - DNA Sequencing,Sequencing - Next Generation Sequencing (NGS),Single-Cell Analysis,Single-cell Sequencing,Whole Genome Sequencing","Genomics Division provides a broad spectrum of resources designed to make the techniques of genomics, functional genomics, and recombinant DNA technology readily available to the University of Iowa research and clinical communities and outside users. These resources include Next Generation sequencing, single cell analysis, spatial transcriptomics, Sanger Sequencing, qPCR, digital PCR, Nanostring, and microarray analysis."
Hoglund Brain Imaging Center,RRID:SCR_017920,University of Kansas Medical Center,Kansas City,KS,United States of America,http://www.kumc.edu/school-of-medicine/hoglund-brain-imaging-center.html,"Clinical Imaging - Small Animal (X-ray, Ultrasound, microCAT, MRI),Functional Brain Imaging,Magnetic Resonance Imaging (MRI)","The Hoglund Brain Imaging Center (HBIC) occupies a free-standing 11,500 sq. ft. research-based imaging facility on the University of Kansas Medical Center (KUMC) campus. HBIC provides outstanding imaging capabilities, including magnetic resonance imaging, magnetoencephalolgraphy, electroencephalography, magnetocardiography, and ultrasound, to complement the existing biomedical research community at KUMC and nearby universities. HBIC brings scientists from diverse disciplines such as neurology, neurosurgery, radiology, nephrology, cardiology, psychiatry, psychology, preventive medicine,..."
Mass Spectrmetry/Proteomics Core Laboratory,RRID:SCR_025893,University of Kansas Medical Center,Kansas City,KS,United States of America,www.kumc.edu/mspc,"Mass Spectrometry,Proteomics",Mass spectrometry based proteomics
Center for Molecular Medicine Genetic Technologies Core,RRID:SCR_021285,University of Kentucky,Lexington,KY,United States of America,https://cobre.med.uky.edu/COBRE-genetic-technologies-core,"Cell Culture,DNA Analysis,Molecular Construct Services,Molecular Library Services,Monoclonal Antibody,Nucleic Acid Extraction,Real-time qPCR,RNA analysis,Tissue Culture,Viral Vectors,Western Blot","The Genetic Technologies Core provides a range of services related to the manipulation and delivery of nucleic acids to biological systems. Services include, but are not limited to:
 
 Production and titering of recombinant viral vectors, including- Lentiviruses, Adenoviruses, and Adeno-associated viruses
 
 Subcloning
 
 Tagging of open reading frames
 
 Development of plasmids and/or RNAs for CRISPR/Cas manipulation
 
 piggyBac transposon delivery systems
 
 Real-time PCR analysis
 
 Recombineering
 
 In vitro transcription 
 
 The Core maintains an extensive stock of plasmids that..."
Center for Molecular Medicine Nanobody and Protein Production Facility UK,RRID:SCR_019172,University of Kentucky,Lexington,KY,United States of America,https://cobre.med.uky.edu/COBRE-protein-core,"Assays and Measurements,Cell Culture,Nanobody Production,Protein Production,SDS-PAGE",The Nanobody and Protein Production Facility facilitates nanobody and recombinant protein production. The facility specializes in the production of nanobodies by immunizing alpacas and then isolating the nanobodies they produce. Projects are undertaken on a fee-for-service basis. A full time staff member maintains the core.
UK COCVD Energy Balance Core,RRID:SCR_018825,University of Kentucky,Lexington,KY,United States of America,https://medicine.uky.edu/centers/cocvd/energy-core,"Body Composition,Indirect Calorimetry",The primary focus of the COCVD is to identify mechanisms linking obesity to cardiovascular disease. The Obesity Core provides EchoMRI and indirect calorimetry equipment and technical expertise for measurement of lean/fat mass and whole body metabolism in mice.
UK COCVD Pathology Core,RRID:SCR_018824,University of Kentucky,Lexington,KY,United States of America,https://medicine.uky.edu/centers/cocvd/pathology-core,"Histology,Microscopy,Paraffin Embedding,Tissue Embed","The Pathology Research Core facilitates COCVD projects by providing equipment and technical expertise to paraffin-embed and section tissue specimens and perform chemical staining of tissue sections to be examined, photographed and analyzed chromogenically by light microscopy."
Advance Imaging Facility,RRID:SCR_020967,University of Leicester,Leicester,,United Kingdom,https://le.ac.uk/cbs/facilities/aif,"3D Visualization,Analysis Workstations,Cell Imaging,Confocal Microscopy,Confocal/ Super Resolution Microscope,Data Analysis,Data Processing And Interpretation,High Content Screening,Image Processing And Analysis,Immunofluorescence ,Immunohistochemistry,In-vivo Imaging,Live Cell Imaging,Microscopy,Optical Imaging,Slide Scanning,Training,Whole Slide Imaging,Widefield Microscopy",The Advanced Imaging Facility (AIF) is the open access light microscopy facility of the College of Life Sciences and offers a wide range of confocal and conventional fluorescence microscopes and image analysis resources. The AIF is part of the Centre for Core Biotechnology Services (CBS).
Canadian Center for Hydrodynamics (CCH),RRID:SCR_023791,University of Lethbridge,Lethbridge,AB,Canada,https://www.cch.uleth.ca,"Biochemical Analysis,Light Scattering,Surface Plasmon Resonance (SPR)","The CCH provides comprehensive solution characterization of macromolecules or macromolecular interactions and assemblies. This includes a description of the stoichiometry, size composition, cargo loading (e.g., LNPs or AAV). An unusal strength of our facility is that access to all complementary, biophysical technologies are available in a single facility."
Sequencing Technology Center,RRID:SCR_027013,University of Louisville,Louisville,KY,United States,https://www.uoflsequencing.com/services-2-1,"10X Genomics Single Cell,10x Genomics Visium,Illumina NextSeq Sequencing,Illumina RNA/DNA NGS Library Construction,PacBio Revio Sequencing","The STC is your one-stop destination for cutting-edge genomic sequencing services. As a full-service facility, we specialize in next-generation sequencing (NGS), single-cell analysis, and spatial transcriptomics—delivering deep insights that drive discovery.
 
 Whether you‘re part of our local research community or collaborating from afar, we welcome projects from scientists and innovators worldwide. With advanced short-read and long-read sequencing technologies—including our status as a PacBio Certified Service Provider—we deliver high-quality data tailored to your research needs.
 
..."
LCSB Genomics Platform,RRID:SCR_021931,University of Luxembourg,Esch-sur-Alzette,,Luxembourg,https://genomics-platform.lcsb.uni.lu/,"10x Genomics,ATAC-Seq,Capillary Electrophoresis,CDNA Synthesis,ChIP-Seq,CITE-seq,Copy Number Variation (CNV),Custom Library Prep Service,Digital PCR,Genome/Transcriptome Assembly And Annotation,Genomics,Genotyping-by-sequencing,Long Read Sequencing,Metagenomics Analysis,Metatranscriptomics,Methylation Analysis,Nanopore Sequencing,RNAseq,Sequencing - DNA Sequencing,Sequencing - Next Generation Sequencing (NGS),Single-Cell Analysis,Single-cell Sequencing,Whole Exome Sequencing,Whole Genome Amplification (WGA),Whole Genome Sequencing","The genomics platform at the LCSB started at the end of 2016, and offers next-generation sequencing, single cell sequencing services. The platform has currently two sequencers, a NextSeq2000 and a MiSeq from Illumina and a MinION nanopore sequencer from Oxford Nanopore Technologies. The Illumina sequencers allow sequencing tunable read lengths up to 300 bases of single- as well as paired-end runs while the MinION sequencer complements by ultra-long read lengths (up to several hundreds of kilobases). Together this offers high flexibility for the different sequencing needs. The platform..."
LCSB Metabolomics and Lipidomics Platform,RRID:SCR_024769,University of Luxembourg,Belvaux,,Luxembourg,https://www.uni.lu/lcsb-en/facilities/metabolomics/,"Bioanalytical LC MS/MS ,Consultations,Data Analysis,Data Analysis And Interpretation,Data Processing,Data Processing And Interpretation,GC-MS,IC-MS,LC-MS,Lipidomics,Mass Spectrometry,Mass Spectrometry - Small Molecules,Metabolomics,Sample Preparation,Sample Preparations And Metabolic Quenching,Small Molecule Compound Screening,Training","The Metabolomics and Lipidomics Platform facilitates metabolism-related research, serving researchers from academia to industry in Luxembourg and beyond. We specialize in the analysis of small molecules within complex biological matrices. Our state-of-the-art analytical infrastructure and broad method portfolio accelerate scientific discoveries in the areas of biology and biomedicine."
LCSB Rodent Platform Core Facility,RRID:SCR_025267,University of Luxembourg,Esch-sur-Alzette,,Luxembourg,https://www.uni.lu/lcsb-en/facilities/rodent-facility/,"Animal Husbandry,Animal Training ,Behavioral Assessment,Behavioral Phenotyping,Bioluminsecence Imaging,Clinical Imaging - Small Animal (luminescence/fluorescence),Cognitive Assessment,Colony Management,Defined-flora Mice,Genotyping,Germfree Mice,Gnotobiotic Mice,Home Cage Behavioral Analysis,In-vivo Imaging,Microbiome,Multiphoton Microscopy,Provide Germfree Mice,Rederivation (Mouse),Rodent Study ,Rotarod,Stereotaxic Injection,Surgical Services,Tail Biopsy,Ultrasonic Imaging,Veterinary Services,Xenograft / Xenotransplantation","Assist researchers in the development 
 and analysis of various in vivo neurodegenerative and cancer models including humanized 
 and germ-free animals. The facility has the capacity to house different transgenic and 
 germ-free mouse strains in more than 2500 IVC cages within a SOPF breeding barrier 
 for researchers from academia as well as for industrial partner"
DNA Sequencing Facility,RRID:SCR_017803,University of Maine,Orono,ME,United States of America,www.umainedna.com,"Genotyping,Sequencing - Capillary Sequencing,Sequencing - DNA Sequencing","The University of Maine DNA Sequencing Facility was established in 1994 through a NSF EPSCoR grant to support Marine Molecular Biology at the University of Maine. Though we are relatively small, we feel one of our greatest assets is our excellent customer service and our ability to work one on one with our clients to give them the best sequencing experience possible. We have clients all over the United States as well as many other countries throughout the world.
 
 The facility currently has two full time employees, Ms. Patty Singer, manager of the facility and Mr. David Cox, technician...."
UoM-BioMS,RRID:SCR_020987,University of Manchester,Manchester,,United Kingdom,https://sites.manchester.ac.uk/bioms/,"ELISA,Mass Spectrometry,Metabolomics,Phosphoproteomics,Proteomics","The Biological Mass Spectrometry Facility (BioMS) offers mass spectrometry services and associated technologies (inc ELISA) to the University of Manchester and beyond. Our focus is on biological molecules such as proteins and metabolites, covering areas such as proteomics and metabolomics. We provide comprehensive support for everything from experimental design to advanced sample preparation and data processing and interpretation. We've helped many different groups advance their research using these technologies and we look forward to helping you too."
UoM-FBMH_EM_Core_Facility,RRID:SCR_021147,University of Manchester,Manchester,,United Kingdom,https://www.bmh.manchester.ac.uk/research/facilities/electron-microscopy/,"Array Tomography Of Resin Sections,Correlative Light Electron Microscopy,Cryo-Electron Microscopy,Electron Microscopy,High-Pressure Freezing,Immuno Electron Microscopy,Scanning Electron Microscopy,Serial Block Face SEM Imaging,Structural Biology,Transmission Electron Microscopy","The facility has expertise and equipment tailored for biological samples mostly. The facility houses four electron microscopes, a comprehensive preparation laboratory which includes a range of specialised room temperature and cryo sample preparation equipment, ultramicrotomes and a suite of computer workstations for image processing."
UoM-FSE-Section of The National X-ray Computed Tomography Facility,RRID:SCR_024800,University of Manchester,Manchester,,United Kingdom,https://nxct.ac.uk/,Computed Tomography (CT),"""Funded by the Engineering and Physical Sciences Research Council (EPSRC), our mission is to provide access and expert support for both academia and industry, embracing both first-time users and more experienced researchers to run cutting-edge 3D and 3D time-lapse imaging experiments.
 
 Launched in November 2020, NXCT is investing in new CT scanning capability to build on existing facilities and expertise – from the Universities of Manchester, Southampton, Warwick, University College London (UCL), and Diamond Light Source – to deliver unparalleled 3D imaging capability for the UK."""
Nano and Cell Imaging Facility - NCIF,RRID:SCR_025133,University of Manitoba,Winnipeg,MB,Canada,www.NCIF.CA,"3D & 4D Image Processing Stations,3D Bio,3D Visualization,Analysis Workstations,Biological photography/Photomicrography,Brightfield Microscopy,Cell Culture,Cell Imaging,Clinical Genomics,Confocal Microscopy,Confocal/ Super Resolution Microscope,Consultation,Consultations,Cytogenetics,Data Analysis,Data Analysis And Interpretation,Data Processing,Data Processing And Interpretation,Data Visualization,Deconvolution,Differential Interference Contrast Microscopy,F.I.S.H.,Fluorescence Microscope With Optical Sectioning Capability,Image Aquisition,Image Processing And Analysis,Immunofluorescence ,Immunohistochemistry,In Situ Hybridization,Laser Capture Microdissection,Live Cell Imaging,Microscopy,Molecular Imaging,Multiplex Fluorescence,Multiplexed Immunofluorescence,Optical Imaging,Phase Contrast Microscopy,Scanning 20X Brightfield,Scanning 20X Flourescent,Scanning 20X Fluorescent,Scanning 40X Brightfield,Scanning 40X Fluorescent,Single-Cell Analysis,Super-resolution Microscopy,Telomere Length Analysis,Training","Advanced Imaging Centre for 
 Multi Channel Fluorescence Imaging
 3-D Imaging
 Super Resolution Imaging
 Slide Scanning
 Image Analysis
 Cancer Research"
UMSOM-Translational Genomics Laboratory (TGL),RRID:SCR_024749,University of Maryland Medical Center Midtown Campus,Baltimore,MD,United States,https://www.medschool.umaryland.edu/cibr/core/tgl/,"Assay Development,Cell Line Authentication,Clinical Genomics,Clinical Research,Copy Number Variation (CNV),DNA Analysis,DNA Isolation,FFPE Na Isolation,Gene Expression Arrays,Genotyping,Micro RNA Profiling,Microarray,Nucleic Acid Extraction,Pharmacogenomic ,RNA analysis,RNA Integrity,RNA Isolation,Sequencing - Capillary Sequencing,Sequencing - DNA Sequencing,Sequencing - Next Generation Sequencing (NGS),TaqMan Arrays,Whole Genome Arrays","The TGL provides a wide range of genomics technologies to support basic, translational, and clinical research. TGL is a CLIA-licensed, CAP-accredited laboratory enabling support of clinical care as well as research support."
Genomics Resource Laboratory,RRID:SCR_017907,University of Massachusetts Amherst,Amherst,MA,United States of America,www.umass.edu/ials/genomics,Genomics,"Genomics Resource Laboratory provides high-throughput next-generation DNA sequencing services to academic and to off-campus researchers at affordable rates.
 NGS instrumentation includes Illumina MiSeq, Illumina NextSeq 500, and Fluidigm C1 Single-Cell Analysis System.
 GRL also has additional instrumentation required for sample processing and DNA/RNA library preparation for NGS. Instrumentation includes - Diagenode Bioruptor Pico Sonicator, Agilent 2100 Bioanalyzer, Qubit 3.0 Fluorometer, BluePippin (Sage Science) DNA size selection system, FastPrep-24 5G Sample Homogenizer (MP..."
UMass Amherst Biophysical Characterization Core Facility,RRID:SCR_022357,University of Massachusetts Amherst,Amherst,MA,United States,https://www.umass.edu/ials/biophysical-characterization,"Analytical Ultracentrifugation,Dynamic Light Scattering,Isothermal Titration Calorimetry,Isothermal Titration Calorimetry (ITC),Plate Reader,Size Exclusion Chromatography With Multi-Angle Light Scattering,Surface Plasmon Resonance,Surface Plasmon Resonance (SPR),X-Ray Crystallography,Zeta Potential","The facility provides expertise and access to the latest, well-maintained instrumentation that is crucial to the research community of the University of Massachusetts system, the Five College system, other academic institutions, and industrial partners. We are able to offer our capabilities to researchers and invite them to use this equipment either on their own or with the help of faculty who have expertise in each method."
UMass Amherst Mass Spectrometry Core Facility,RRID:SCR_019063,University of Massachusetts Amherst,Amherst,MA,United States of America,http://www.umass.edu/ials/mass-spectrometry,"HRAM Mass Spectrometry,Inductively Coupled Plasma Mass-Spectrometry,Mass Spectrometry,Metabolomics,Proteomics","We offer instrument training and service analysis using a range of mass spectrometry techniques, including ICP-MS for elemental analysis, GC-MS, LC-MS, proteomics, metabolomics, MALDI-TOF and MALDI imaging, HDX-MS"
UMass-Amherst Light Microscopy Facility,RRID:SCR_021148,University of Massachusetts Amherst,Amherst,MA,United States of America,https://www.umass.edu/ials/light-microscopy,"3D Visualization,Biological photography/Photomicrography,Cell Imaging,Confocal Microscopy,Data Analysis,Data Processing And Interpretation,Electrophysiology Services,High Content Screening,Image Processing And Analysis,Laser Capture Microdissection,Live Cell Imaging,Microscopy,Multiphoton Microscopy,Optical Imaging,Slide Scanning,Super-resolution Microscopy","Located on the 5th floor in the Life Science Laboratories on the UMass Amherst campus, the Light Microscopy Facility provides powerful resources for imaging model organisms, tissue, cells, biomaterials, and artificial structures and houses state-of-the-art equipment including almost every light microscopy imaging modality presently available. Cell culture facilities are also available nearby as well as other routine items necessary for biological imaging and material imaging. This facility has been designated a Nikon Centers of Excellence, thus providing a unique opportunity for training,..."
CPCT Genomics Research Core Facility,RRID:SCR_017858,University of Massachusetts Boston,Boston,MA,United States of America,www.umb.edu/genomicscore,"10x Genomics,Assays and Measurements,Consultations,DNA Analysis,Genomics,Genotyping,Library Services,Nanostring,Nanostring NCounter,Real-time qPCR,RNA analysis,RNA Integrity,Sequencing - Next Generation Sequencing (NGS),Single-cell Sequencing","The CPCT Genomics Core enables UMass Boston investigators and academic and industry collaborators to carry out basic and translational genomics research. The Core leverages cutting-edge technologies and next-generation sequencing capabilities for research and clinical applications. We help investigators and clinicians analyze samples, identify genetic variants contributing to disease risk, and reveal complex mechanisms involved in human disease.
 
 The Core offers cost-effective massively parallel sequencing with the Illumina HiSeq 2500 (v4, 1TB enabled) and Illumina MiSeq platforms; 10X..."
Morphology,RRID:SCR_017726,University of Massachusetts Chan Medical School,Worcester,MA,United States of America,http://www.umassmed.edu/morphology/,"F.I.S.H.,Immunohistochemistry,In Situ Hybridization,Microscopy","Established in 1981, the Morphology Core Facility is a DERC (Diabetes and Endocrinology Research Center) Research Core Laboratory. Major funding for the Morphology Core is provided by a Diabetes and Endocrinology Research Center grant from the National Institutes of Health. Dr. Bruce Woda, MD , Professor of Pathology Department is the core director. 
 The Morphology Core Facility is a state-of-the-art, fully equipped histology lab that provides histology services in support of investigators at UMass Medical School, including 
 â€¢ routine histological preparations. 
 â€¢ special stains, 
..."
National Mouse Metabolic Phenotyping Center,RRID:SCR_018672,University of Massachusetts Chan Medical School,Worcester,MA,United States of America,http://www.umassmed.edu/umpc,"Behavioral Phenotyping,Biological Mechanism,Body Composition,Indirect Calorimetry","The National Mouse Metabolic Phenotyping Center (MMPC) at UMass is a National Institutes of Health-sponsored resource (NIH Grant 5U2C-DK093000) that provides an array of sophisticated research tools to the global scientific community for the purpose of investigating mouse models of human diseases with particular focus on diabetes, obesity, and diabetic complications. The mission of the UMass MMPC is to advance medical and biological research by offering comprehensive, standardized, and high-quality experimental testing services to the academic and industry scientists. The UMass MMPC is..."
Quantitative Methods Core,RRID:SCR_017786,University of Massachusetts Chan Medical School,Worcester,MA,United States of America,http://www.umassmed.edu/QHS/QMC.aspx?linkidentifier=id&itemid=90142,"Data Analysis,Protocol Development/Clinical Trial Coordination","Services Available: 
 
 Study Design, including 
 General medical studies 
 Clinical trials (Phase I - IV) 
 Preclinical 
 Quasi-experimental designs 
 Retrospective/prospective studies 
 Group - randomized designs 
 Write statistical methods sections for funding applications 
 Provide sample size and power calculations 
 Plan and deploy interventions that require health informatics or mobile technologies 
 Collect and manage your data 
 Advice on resources available for conducting Health Services and Health Outcomes Research, such as 
 Claims data (Medicaid, Medicare) 
 Large survey..."
Small Animal Imaging Core,RRID:SCR_017728,University of Massachusetts Chan Medical School,Worcester,MA,United States of America,http://umassmed.edu/saicf/index.aspx,"Functional Brain Imaging,Molecular Imaging,Optical Imaging","With the installation of both cameras, the Bioscan NanoSPECT/CT and the Philip Mosaic PET small animal cameras, UMMS and extramural investigators now have the opportunity of using radioactive agents labeled with SPECT radionuclides such as 99mTc, 111In ,123I 125I and PET radionuclides such as 18F, 64Cu, 68Ga, to follow the pharmacokinetics and biodistributions in mice, rats, rabbits, cats and marmoset monkeys and other small animals of proteins, peptides, oligomers, nanoparticles, and other biomarkers of interest. The CT component of the NanoSPECT camera will provide registration for both..."
Transgenic Animal Modeling Core,RRID:SCR_017729,University of Massachusetts Chan Medical School,Worcester,MA,United States of America,http://www.umassmed.edu/tkomouse/,"Cell Culture,Nucleic Acid Extraction,Tissue Culture,Transgenics","The mission of the Transgenic Animal Modeling Core (TAMC) is to produce genetically modified mice, rats, and stem cells for the UMMS Scientific Community in a timely and cost-efficient manner. Over the past 15 years, the TAMC has engineered more than 500 different mouse or rat models, has generated dozens of genetically altered ES cell or induced pluripotent stem cell lines, and has cryopreserved re-derived more than 450 rodent lines for UMASS researchers and other members of the scientific community. The TAMC is composed of two facilities: the Animal Modeling Facility and the Gene..."
UMass Chan - SCOPE,RRID:SCR_022721,University of Massachusetts Chan Medical School,Worcester,MA,United States,https://www.umassmed.edu/scope/,"Cell Imaging,Confocal Microscopy,Confocal/ Super Resolution Microscope,Consultation,Consultations,Data Analysis,Data Analysis And Interpretation,Data Processing And Interpretation,Deconvolution,Experimental Design,Fluorescence Lifetime,Image Aquisition,Image Data Management,In-vivo Imaging,Microscopy,Multiphoton Microscopy,Multiphoton/ Harmonic Generation Microscope,Nanostring,NanoString GeoMx DSP,Optical Imaging,Scanning 20X Brightfield,Scanning 20X Fluorescent,Scanning 40X Brightfield,Scanning 40X Fluorescent,Slide Scanning,STED Nanoscopy,Vizgen MERSCOPE","Sanderson Center for Optical Experimentation (SCOPE) at UMass Chan Medical School offers the tools and expertise required to perform a wide variety of quantitative microscopy techniques including super resolution imaging, multi-photon intravital and live tissue imaging, confocal microscopy, and high-speed time-lapse imaging. The SCOPE offers a combination of commercial and custom-built microscopes, allowing users to address an extensive array of biological questions. In addition to user training and access to light microscopes, the SCOPE offers a wide range of imaging services including..."
UMass Chan Deep Sequencing Core,RRID:SCR_017702,University of Massachusetts Chan Medical School,Shrewsbury,MA,United States of America,http://www.umassmed.edu/nemo/,"Assays and Measurements,ATAC-Seq,ChIP-Seq,Computational - Bioinformatics,DNA Analysis,Genomics,Genotyping,Library Services,Long Read Sequencing,Molecular Construct Services,Nucleic Acid Extraction,RNA analysis,RNAseq,Sequencing - DNA Sequencing,Sequencing - Next Generation Sequencing (NGS),Single-cell Sequencing,Whole Exome Sequencing,Whole Genome Sequencing","The Deep Sequencing Core provides a next-generation sequencing (NGS) platform for investigators using Massively Parallel Sequencing by Synthesis, or ""Deep Sequencing"". The Core analyzes genomic DNA, DNA fractions (e.g. ChIP), cDNA, RNA, and many other library types, including 10X Chromium and NanoString, using an Illumina NovaSeq 6000 or MiSeq/MiSeq Dx. The Core provides assistance with sample preparation (also a service offering) and bioinformatics analysis. The Core also offers sequencing on a Pacific Biosciences Sequel II through the PacBio Core Enterprise."
UMass Medical School Media Prep Core,RRID:SCR_019167,University of Massachusetts Chan Medical School,Worcester,MA,United States of America,https://umassmed.edu/research/cores/mediaprep/,Media Preparation,"Providing custom made microbiological media for bacteria, yeast, C. elegans, & Chlamydamonas research in liquid and agar forms. Common lab buffers & solutions are also available."
UMassChan-Program in Molecular Medicine Microscopy,RRID:SCR_021201,University of Massachusetts Chan Medical School,Worcester,MA,United States of America,http://big.umassmed.edu,"Analysis Workstations,Bioimage Informatics,Brightfield Microscopy,Confocal Microscopy,Data Analysis,Data Processing And Interpretation,Data Visualization,Image Aquisition,Image Data Management,Image Processing And Analysis,Light-sheet Microscopy,Live Cell Imaging,Molecular Imaging,Optical Imaging,Super-resolution Microscopy,Widefield Microscopy","The Biomedical Imaging Group is an interdisciplinary team of engineers and scientists, representing the fields of cell biology, physics, mathematics, and computer science, that combine their expertise in areas such as microscopy, data management, lasers, optoelectronics, applied mathematics, image and signal processing, computer graphics, computer vision, statistics, software engineering, and biophysics, to develop imaging approaches for cell biology. 
 
 Since its establishment in the early 1980s, it has been a pioneer in high-resolution 3-D imaging using wide-field fluorescence..."
UMMS - Molecular Biology Core Lab (MBCL),RRID:SCR_018263,University of Massachusetts Chan Medical School,Shrewsbury,MA,United States of America,http://www.umassmed.edu/mbcl/,"Capillary Electrophoresis,DNA Analysis,Genomics,Genotyping,Library Services,oligo synthesis,RNA analysis,Sequencing - Capillary Sequencing,Sequencing - DNA Sequencing","The MOLECULAR BIOLOGY CORE LABS provide DNA fragment analysis, Genotyping, and SPR services on an ABI capillary sequencer, and DNA/RNA fragment analysis on the Agilent (Advanced Analytical) Fragment Analyzer. Sequencing library prep services are offered in coordination with the Deep Sequencing and PacBio Cores. The MBCL is also home to the UMass Oligonucleotide program which provides discounted oligos to researchers."
Viral Vector Core Facility,RRID:SCR_023497,University of Massachusetts Chan Medical School,Worcester,MA,United States of America,https://www.umassmed.edu/gtc/viral-vectors/viral-vector-core/,Viral Vectors,The Viral Vector Core (VVC) of the Gene Therapy Center uses cutting-edge technologies to create and produce a variety of high quality viral vectors. The goal of the VVC is to provide investigators with the most suitable and efficient gene transfer vectors for their research applications.
UML - Microscopy Core Lab,RRID:SCR_024677,University of Massachusetts Lowell,Lowell,MA,United States,https://www.uml.edu/research/crf/ourlabs/microscopy-core-lab.aspx,"Consultation,Electron Microscopy,End-to-end Service,Focused Ion Beam (FIB),Microscopy,Training,Transmission Electron Microscopy","The Microscopy Core Laboratory (MCL) offers a variety of micro-imaging and micro-analysis solutions by providing access to several photon-, scanned probe-, ion beam-, and electron beam-based imaging and analytical instruments, services, and technical expertise for the characterization of materials including nano-engineered materials, microelectronics, photonics, biomaterials, and others with applications in life sciences, drug discovery, environmental and energy research. Consultative services are also available."
UML - Nanofabrication Lab,RRID:SCR_024734,University of Massachusetts Lowell,Lowell,MA,United States of America,https://www.uml.edu/research/crf/ourlabs/nanofab-lab.aspx,"Atomic Layer Deposition,Consultation,Data Analysis,Fabrication,Nanofabrication,Photolithography","The Nanofabrication Lab features a state-of-the-art, 4,200 ft2 Class 100 clean room equipped with over 40 pieces of process and analytical instrumentation for complex research projects that require micro and nano scale fabrication."
UML - Next Generation Sequencing & Genomics,RRID:SCR_024981,University of Massachusetts Lowell,Lowell,MA,United States,https://www.uml.edu/research/crf/ourlabs/next-gen-sequencing-lab.aspx,"DNA Analysis,DNA Isolation,Gene Expression Arrays,Library Services,RNA analysis,RNA Flow Cytometry,RNA Isolation,Sequencing - DNA Sequencing,Sequencing - Next Generation Sequencing (NGS)","One of UMass Lowell’s Core Research Facilities, the Next Generation Sequencing & Genomics Lab provides Next-Generation DNA & RNA sequencing services and technical expertise including NGS library prep, DNA and RNA quality assessment, Fluorometric quantification of DNA/RNA/Protein, DNA & RNA isolation, PCR/qPCR, Qubit fluorometry, gene expression and drug development studies. Consultative services are also available."
UML - Nuclear Magnetic Resonance & Spectroscopy,RRID:SCR_024979,University of Massachusetts Lowell,Lowell,MA,United States,https://www.uml.edu/research/crf/ourlabs/nuc-mag-res-lab.aspx,Nuclear Magnetic Resonance (NMR),"The Nuclear Magnetic Resonance Spectroscopy Lab features a state-of-the-art JEOL 400 MHz NMR equipped with auto sampling and automatic tuning & matching. The instrument can perform temperature and kinetic studies as well as x-nuclei and 2D experiments. A part of the Core Research Facilities, self-use and service work are available."
UML - Thermal & Mechanical Properties Lab,RRID:SCR_024980,University of Massachusetts Lowell,Lowell,MA,United States,https://www.uml.edu/research/crf/ourlabs/therm-mech-prop-lab.aspx,"Data Analysis And Interpretation,Differential Scanning Calorimetry,Dynamic Mechanical Analysis,Thermal Analysis,Thermogravimetric Analysis","The Thermal & Mechanical Properties Lab houses a complete thermal analysis suite and is part of the Core Research Facilities. In this lab, researchers are able to investigate the behavior of a material under stress and temperature change. Service level work and technical expertise are also provided."
Biorepository,RRID:SCR_017816,University of Miami,Miami,FL,United States of America,http://hihg.med.miami.edu/cgt/biorepository,BioBanking,"The CGT biorepository offers a wide-range of services and currently houses more than a million samples collected over the last 30 years. Biorepository scientists process, archive, and retrieve biological samples as a valued resource for genomic research. Extensive experience in the use of the Nautilus LIMS and barcode printing through with Brady LabelSoft8 software allows for personalized and secure solutions for sample storage and retrieval. With a wide variety of sample processing options including automated DNA extraction with the Qiagen Autopure LS, plasma isolation, creation of blood..."
Drug Discovery Core,RRID:SCR_022542,University of Miami,Miami,FL,United States,https://www.themiamiproject.org/research-resources/core-facilities/drug-discovery-core/,"Assay Development,Assays and Measurements,Cell Imaging,Computer-assisted Neuron Tracing And Analysis,Confocal Microscopy,Confocal/ Super Resolution Microscope,Consultation,Consultations,Data Analysis,Data Analysis And Interpretation,Drug Discovery,Fluorescence Microscope With Optical Sectioning Capability,High Content Screening,Microscopy,Optical Imaging,Pooled Screens,Scanning 20X Brightfield,Scanning 20X Flourescent,Scanning 20X Fluorescent,Scanning 40X Brightfield,Scanning 40X Fluorescent,Small Molecule Compound Screening","The Drug Discovery Core (DDC) at the Miami Project to Cure Paralysis leverages the PerkinElmer Opera Phenix Plus high content screening system to provide researchers with state-of-the-art assay development and phenotypic screening capabilities. The core facility is also equipped with a PerkinElmer Janus G3 liquid handler, featuring modular and variable dispense heads, to automate screening workflows and enhance throughput. 
 
 The core supports a wide range of phenotypic and target-based assays. Phenotypic assays range from 2D to 3D, widefield to confocal, and antibody to dye based. It..."
Genotyping Core (HIHG),RRID:SCR_017820,University of Miami,Miami,FL,United States of America,http://hihg.med.miami.edu/cgt/genotyping,"Microarray,PCR Arrays","The CGT genotyping core features platforms spanning low to high throughput capacities that can be tailored to meet your studyâ€™s individual goals. We have extensive knowledge and experience on all Illumina, Affymetrix, Life Technologies Taqman and Open Array genotyping platforms. CGT processing is fully automated utilizing Tecan EVO and BioMek liquid handlers and autoloaders with efficient and reliable data tracking via the Genologics LIMS system. These strategic resources enable us to generate high-quality, low-cost data with rapid turnaround times."
Mass Spectroscopy Laboratory,RRID:SCR_017819,University of Miami,Coral Gables,FL,United States of America,http://www.as.miami.edu/chemistry/research/mass-spec.html,Mass Spectrometry,"We have three mass spectrometers at the UM Department of Chemistry, a VG-Trio2000 dedicated for FAB analysis, a Bruker BiflexIV MALDI-TOF, and an Agilent Technologies 5975C GC/MS with autosampler.
 
 Researchers from inside the UM community and commercial interests outside the University are welcome to submit samples for mass spectroscopy in our facility. A standard fee schedule is set up competitively with that from other universities; please follow the link below for the schedule."
Microarray and Gene Expression Core (HIHG),RRID:SCR_017825,University of Miami,Miami,FL,United States of America,http://hihg.med.miami.edu/cgt/gene-expression,Microarray,"The CGT gene expression core utilizes Affymetrix GeneChip Arrays and Illumina BeadChips to enable researchers to identify gene expression variation in single genes, targeted set of genes, or entire genomes. Our expertise across a variety of platforms allows us to execute experiments with consistency and accuracy."
Sylvester Behavioral and Community-Based Research Shared Resource,RRID:SCR_022893,University of Miami,Miami,FL,United States,www.sylvester.org/bcsr,"Behavioral Assessment,Clinical Research,Clinical Trial Support,Data Analysis And Interpretation,Training","The Sylvester Behavioral and Community-Based Research Shared Resource (BCSR) provides services and expertise that facilitate behavioral, psychosocial, community, translational, and population-based oncology research. Services include (1) coordinating the recruitment and retention of diverse study participants representative of Sylvester’s South Florida catchment area (one of the most multicultural and multilingual regions in the US); (2) supporting the development of culturally and linguistically tailored study materials; (3) facilitating data collection and management, including for..."
Sylvester Biospecimen Shared Resource,RRID:SCR_022889,University of Miami,Miami,FL,United States,www.sylvester.org/BSSR,"BioBanking,Biorepository,Clinical Trial Support,Tissue MicroArray","The Sylvester Biospecimen Shared Resource (BSSR) provides biorepository resources, services and expertise in support of oncology research. The BSSR facilitates translational cancer research with standard operating procedures for patient consenting; protection of patient personal and clinical data; specimen procurement and processing; quality control of specimens; secured specimen storage, retrieval, and distribution; and provision of relevant de-identified clinical data. BSSR services include: (1) biospecimen collection, annotation, processing, storage and distribution (including tissue,..."
Sylvester Biostatistics and Bioinformatics Shared Resource,RRID:SCR_022890,University of Miami,"Miami,",FL,United States,www.sylvester.org/BBSR,"Computational - Bioinformatics,Computational - Biostatistics,Data Analysis And Interpretation","The Sylvester Biostatistics and Bioinformatics Shared Resource (BBSR) provides expertise and analysis support for basic and translational research, clinical trials, and both interventional and non-interventional population-based studies. The BBSR offers support for data-intensive and large-scale data analysis projects. BSSR services include support for data analysis and interpretation; software access; algorithm and database development; support of scientific review, monitoring, and oversight of clinical and population science research protocols; consultation, training, educational..."
Sylvester Cancer Modeling Shared Resource,RRID:SCR_022891,University of Miami,Miami,FL,United States,www.sylvester.org/CMSR,"Animal Husbandry,Chemistry Analyzer,Clinical Imaging - Small Animal (luminescence/fluorescence),Clinical Imaging - Small Animal (X-ray, Ultrasound, microCAT, MRI),Colony Management,Cryostat Histology,H&E Staining,Histology,In-vivo Imaging,Irradiation,MicroCT,Pharmacokinetics,Positron Emission Tomography (PET),Processing & Embedding- Histology,Veterinary Pathology,Whole Slide Imaging,Xenograft / Xenotransplantation","The Sylvester Cancer Modeling Shared Resource (CMSR) provides state-of-the-art preclinical cancer modeling services to foster cancer research and to accelerate the discovery of tailored anti-tumor therapies, including preclinical data for drug development, proof of principle for novel therapies, preclinical imaging, and disease biomarker studies. The CMSR’s integrated services include facilitating the in vivo modeling of human disease using murine models; supporting preclinical in vivo efficacy and toxicity studies; devising treatment protocols; using noninvasive imaging for diagnosis and..."
Sylvester Cytometry and Imaging Shared Resource,RRID:SCR_022501,University of Miami,Miami,FL,United States,www.sylvester.org/fcsr,"Cell Sorting,Confocal Microscopy,CyTOF,Data Analysis,Data Analysis And Interpretation,FACS Cell Sorting,Flow Cytometric Analysis,Flow Cytometry Data Analysis,Imaging Mass Cytomety,Mass Cytometry,Reagents,Spectral Cell Sorting,Spectral Flow Cytometry","The Cytometry and Imaging Shared Resource at Sylvester is an ISAC-recognized Shared Resource Laboratory for excellence, and provides researchers with sophisticated methods for the analysis and preparative sorting of both normal and tumor cells. The facility helps researchers to measure parameters including apoptosis, gene expression, drug metabolism, immune responses and pathways of cellular activation, both normal and tumor-related. The facility also provides access to high parameter cytometry instrumentation including spectral cytometry, mass cytometry (CyTOF) and imaging mass cytometry...."
Sylvester Molecular Therapeutics Shared Resource,RRID:SCR_022892,University of Miami,Miami,FL,United States,www.sylvester.org/MTSR,"Assay Development,Automated Liquid Handling,Discovery Science,Drug Discovery,High-throughput Screening,Metabolomics Platform,Molecular Library Services,Plate Reader","The Sylvester Molecular Therapeutics Shared Resource (MTSR) provides preclinical drug discovery and development services to facilitate the discovery of small molecules that have the potential to become cancer therapeutics. The MTSR offers expertise in drug discovery and facilitates the process of uncovering novel treatments for cancer. MTSR services include target evaluation and assay development; small molecule library preparation, screening, and curation; high throughput screening (HTS) enablement; plate imaging and transfers; assay identification, development and implementation;..."
The Laboratory of the Division of Comparative Pathology,RRID:SCR_017822,University of Miami,Miami,FL,United States of America,"www,cpl.med.miami.edu","Clinical Assessment (Hematology, Clinical Chemistries, etc.)","Excellence in research requires high quality analyses of biological specimens to determine if the intervention will make a difference and to characterize your animal model. Testing indicated will vary based on each studies objectives. These analyses may include hematological, clinical chemistry, and specialized immunoassays. On review of this website, you will find the most commonly requested tests; however, many specialized analyses, panels, and procedures are available on request. Custom panels can be designed and pricing can be significantly modified with batch analysis of samples. We..."
Transmission Electron Microscopy (TEM) Core Facility,RRID:SCR_023492,University of Miami,Miami,FL,United States of America,https://www.themiamiproject.org/research-resources/core-facilities/,"Consultation,Electron Microscopy,Immuno Electron Microscopy,Microtomy/Electron,Microtomy/Light,Sample Preparation,Tissue Embed,Tissue Processing,Transmission Electron Microscopy","The Transmission Electron Microscopy (TEM) Core facility is to provide the University of Miami, Miller School of Medicine academic and research community access to the conventional transmission electron microscope and associated sample processing services.
 
 The TEM Core has two JEOL JEM-1400 microscopes each equipped with an AMT digital camera available on a fee for service and first come first served basis to all student, faculty, researcher, or corporate entity that may need this specialized technique."
U of Miami Biomarkers and Immunoassay Laboratory,RRID:SCR_023705,University of Miami,Miami,FL,United States of America,https://med.miami.edu/research/cores/biomarker-and-immunoassay-laboratory,"Assays and Measurements,Automated Immunoassay Platforms,Biochemical Analysis,Blood Processing,Chemistry Analyzer,Clinical Assessment (Hematology, Clinical Chemistries, etc.),ELISA,Immunoassay,Radioimmunoassay,Serum Chemistry","The Laboratory at the University of Miami Miller School of Medicine's Diabetes Research Institue has been in operation since 1986 providing biomarker testing for human clinilcal research studies across multiple disciplines. An experienced clincial supervisor oversees the activities of the laboratory staff.and all l have extensive experience with chemistry, special chemistry, radioimmunoassay, nephelometric and ELISA and multiplexing assay methods utilizing automated and manual procedures. The laboratory has Clinical Laboratory Improvement Act (CLIA) certification. The laboratory follows..."
UM Sylvester Onco-Genomics Shared Resource,RRID:SCR_022502,University of Miami,Miami,FL,United States,www.sylvester.org/OGSR,"10x Genomics,Genomics,Nanostring,Nanostring NCounter,Nucleic Acid Extraction,Sequencing - Next Generation Sequencing (NGS),Single-cell Sequencing,Spatial Transcriptomics","The Onco-Genomics Shared Resource (OGSR) provides access to a wide range of technologies and services for the study of the genomics and epigenomics of cancer, in addition to providing technical expertise for project design, trouble-shooting and pre- and post-award support. Principle service areas encompass: 1) next generation sequencing (NGS), 2) single cell genomics 3) Spatial Genomics 4) gene expression assays and molecular quantitation, 5) services for sample extraction and QC."
University of Miami Center for Advanced Microscopy (UMCAM),RRID:SCR_019173,University of Miami,Coral Gables,FL,United States of America,https://www.as.miami.edu/faculty-and-staff/center-for-advanced-microscopy--umcam/,"Electron Microscopy,Microscopy",The University of Miami Center for Advanced Microscopy (UMCAM) provides SEM (scanning electron microscopy) services. This includes biological (tissues and cells) and particulate characterization. The hourly fee for academic usage is $100/hr and the commercial fee is $200/hr. This applies to all instruments.
University of Miami Hussman Institute for Human Genomics Sequencing Core Facility,RRID:SCR_017828,University of Miami,Miami,FL,United States of America,http://hihg.med.miami.edu/cgt/sequencing,Sequencing - DNA Sequencing,"The HIHG sequencing core offers a wide range of services utilizing the Illumina X Plus, the Pacific Biosciences Revio, the Oxford Nanopore PromethION, and the 10x Genomics single cell sequencing platform. We have extensive knowledge of all library preparation and capture protocols for both DNA and RNA. To meet the sequencing needs of your project, sample preparation is fully automated on Perkin Elmer robotic workstations and tracked via the Clarity LIMS, enabling low-cost, high-quality data with competitive turnaround times and one-on-one customer service."
Viral Vector Core (VVC) Facility (Miami Project to Cure Paralysis),RRID:SCR_018303,University of Miami,Miami,FL,United States of America,https://www.themiamiproject.org/research-resources/core-facilities/viral-vector-core/,"Nucleic Acid Extraction,Viral Vectors,Virology","The VVC produces high-titer lentiviral and AAV viral particles at lower prices compared to commercial sources. Furthermore, using the VVC will likely provide a significant cost savings versus an individual lab trying to produce the viral particles on its own (consider the costs of reagent, labor, time, and troubleshooting).
 
 The VVC has stock viruses (e.g., GFP-, mCherry-, and LacZ-expressing lentiviral and AAV particles) that can be purchased inexpensively by the vial. For generating custom viral particles, the investigator provides the VVC with a high-quality maxiprep of the transfer..."
Bioinformatics Core,RRID:SCR_019168,University of Michigan,Ann Arbor,MI,United States of America,https://brcf.medicine.umich.edu/cores/bioinformatics-core/,"Computational - Application Development,Computational - Bioinformatics,Computational - Biostatistics,Computational - High Performance Computing,Data Analysis","The University of Michigan Bioinformatics Core helps researchers identify and interpret patterns in RNA and DNA by placing sequencing data into a biologically meaningful context. This encompasses assisting with experimental design, developing reproducible workflows, analyzing next-generation sequencing data, and supporting manuscript development/publication."
Center for Structural Biology,RRID:SCR_021065,University of Michigan,Ann Arbor,MI,United States of America,https://www.lsi.umich.edu/science/centers-technologies/center-structural-biology,"Cloning,Consultations,Drug Discovery,Nuclear Magnetic Resonance (NMR),Protein Production,Structure Determination,Thermal Analysis,X-Ray Crystallography,X-ray Diffraction and Scattering","The University of Michigan Center for Structural Biology (CSB), is a comprehensive structural biology resource for researchers at the University of Michigan and surrounding areas.
 
 The CSB includes a high-throughput protein laboratory for protein engineering, protein purification facilities for small- and large-scale protein production, macromolecular crystallization and crystallography laboratories for solving crystal structures of biological molecules, and an X-ray facility with access to high energy synchrotron radiation. Our dedicated staff scientists have years of academic and..."
Natural Products Discovery Core,RRID:SCR_023105,University of Michigan,Ann Arbor,MI,United States of America,https://www.lsi.umich.edu/science/centers-technologies/natural-products-discovery-core,"Consultation,Deconvolution,Drug Discovery,Genomics,Mass Spectrometry,Metabolomics,Natural Product Analysis","Library of >50,000 NPEs with technology and expertise to develop candidates identified through HTS into unique, bioactive, patentable small molecules."
Statistics Online Computational Resource (SOCR),RRID:SCR_022917,University of Michigan,Ann Arbor,MI,United States,https://www.socr.umich.edu/,"3D & 4D Image Processing Stations,Bioimage Informatics,Computer-assisted Neuron Tracing And Analysis,Data Analysis,Data Analysis And Interpretation,Data Processing,Data Processing And Interpretation,Data Visualization,Functional Brain Imaging,Functional Magnetic Resonance Imaging (fMRI),Image Data Management,Image Processing And Analysis,Magnetic Resonance Imaging (MRI),Optical Imaging","The Statistics Online Computational Resource (SOCR) designs, validates and freely disseminates knowledge. Specifically, SOCR develops AI/ML tools, mathematical models, and end-to-end data analytic protocols for biomedical and health studies. It also provides portable online aids for probability, statistics and health science education, promotes technology-enhanced instruction, supports efficient statistical computing, and advances predictive big data analytics. The SOCR platform includes a repository of interactive apps, computational tools, visualization approaches, instructional..."
ULAM Pathology Core,RRID:SCR_018823,University of Michigan,Ann Arbor,MI,United States of America,https://animalcare.umich.edu/business-services/ulam-pathology-core,"Blood Cell Count,Clinical Assessment (Hematology, Clinical Chemistries, etc.),Histology,Image Processing And Analysis,Immunohistochemistry,Necropsy,Paraffin Embedding,Serum Chemistry,Special Stains Histology,Staining,Tissue Embed,Tissue Processing,Veterinary Pathology","Our services consist of research pathology support for non-GLP preclinical or basic science animal studies. Services include histology and immunohistochemistry, animal hematology and clinical chemistry, digital slide scanning/image analysis, and pathology interpretation by board-certified veterinary pathologists. We specialize in support of academic or early -phase (discovery) preclinical research. Our laboratory maintains internal SOPs and accountability/chain-of-custody records for all submissions. Additionally, we participate in an external quality control program (Veterinary Laboratory..."
UM - Cryo-EM Facility,RRID:SCR_021343,University of Michigan,Ann Arbor,MI,United States of America,https://www.lsi.umich.edu/science/centers-technologies/cryo-electron-microscopy,"Electron Microscopy,Structural Biology","Advances in microscope technology and computing have paved the way for cryo-electron microscopy to move structural biology into a new era — allowing scientists to study the form and function of biological ""machines"" that are too large to study using X-ray crystallography.
 
 The U-M Life Sciences Institute is home to a world-class cryo-EM laboratory, with state-of-the-art instruments and faculty specializing in this emerging field."
University of Michigan Bioinnovation in Brain Cancer High-Plex Immunocytochemistry Core Facility,RRID:SCR_026843,University of Michigan,Ann Arbor,MI,United States,https://bibraincancer.umich.edu/core/high-plex-immunocytochemistry-core/,"Custom Conjugation Of Antibodies For PhenoCycler-Fusion Workflow,High-Plex Immunofluorescence Staining & Imaging",Our core utilizes the Akoya PhenoCycler-Fusion platform to enable high-plex spatial phenotyping of whole tissue slides at single-cell resolution.
University of Michigan Medical School BRCF Proteomics Resource Core Facility,RRID:SCR_026723,University of Michigan,Ann Arbor,MI,,https://cores.research.umich.edu/core/proteomics-resource-facility/,"Crosslinking Mass Spectrometry,Data Independent Acquisition (DIA),Global PTM Mapping,Protein Interactions (IP/MS, AP/MS, Proximity Labeling, DNA-protein Interactions, Chemoproteomics),Protein Post-translational Modification (PTM) Identification,Relative Quantitation (TMT Or Other),Shotgun Proteomics,Targeted Proteomics (PRM)",Core is dedicated to protein analysis and applying mass spectrometry-based proteomic approaches to varied biological questions.
UMN Genomics Center (UMGC),RRID:SCR_012413,University of Minnesota,Minneapolis,MN,United States,https://genomics.umn.edu/,"10x Genomics,ATAC-Seq,ChIP-Seq,CITE-seq,Custom Library Prep Service,Data Analysis,DNA Isolation,Droplet Digital PCR,Experimental Design,Gene Expression Arrays,Genotyping,Genotyping-by-sequencing,Long Read Sequencing,Metagenomics Analysis,Methylation Analysis,Microarray,Microbiome,Nanopore Sequencing,Nanostring NCounter,Real-time qPCR,Reduced Representation Bisulfite Sequencing,RNA Isolation,RNAseq,Sequencing - Next Generation Sequencing (NGS),Single-cell Sequencing,Spatial Transcriptomics,Whole Exome Sequencing,Whole Genome Sequencing","The University of Minnesota Genomics Center (UMGC) provides genomic technologies and services to researchers and clinicians at the University of Minnesota, and to external academic and industry scientists throughout the United States and internationally. We exist to advance the use of genomics, and achieve this mission by acquiring state-of-the-art instrumentation and offering an array of complete services, including sequencing, next-generation sequencing, long-read sequencing, expression analysis, genotyping, epigenomics, single-cell and spatial genomics, metagenomics, as well as related..."
University Imaging Centers,RRID:SCR_020997,University of Minnesota,Minneapolis,MN,United States of America,www.uic.umn.edu,"10x Genomics,3D & 4D Image Processing Stations,3D Printing,3D Visualization,Analysis Workstations,Audiovisual Support,Bioimage Informatics,Biological photography/Photomicrography,Cell Fusion,Cell Imaging,Computational - Bioinformatics,Computational - High Performance Computing,Confocal Microscopy,Confocal/ Super Resolution Microscope,Consultation,Correlative Light Electron Microscopy,Cryo-Electron Microscopy,Cryostat Histology,Data Analysis,Data Processing,Data Visualization,Deconvolution,Electron Microscopy,F.I.S.H.,Fluorescence Lifetime,Fluorescence Microscope With Optical Sectioning Capability,Freeze Substitution,Graphic Services,Histology,Image Aquisition,Image Data Management,Image Processing And Analysis,Imaging Mass Cytomety,Immuno Electron Microscopy,Immunofluorescence ,Immunohistochemistry,In-vivo Imaging,Laser Capture Microdissection,Light-sheet Microscopy,Live Cell Imaging,MicroCT,Microscopy,Molecular Imaging,Multiphoton Microscopy,Multiphoton/ Harmonic Generation Microscope,Nanostring,Optical","The University Imaging Centers (UIC) compose a network of core imaging facility locations for in vov imaging, advanced optical imaging, tissue clearing, basic electron microscopy located within the Medical School (1-151 Jackson Hall, Minneapolis & 1-220 Cancer and Cardiovascular Research Building) and College of Biological Sciences (23 Snyder Hall, St. Paul) on the University of Minnesota Twin Cities Campus.
 
 The UIC cores serve internal and external research clients in the design of imaging experiments, choice of and training on suitable imaging systems, and subsequent image processing,..."
MU Bioinformatics and Analytics,RRID:SCR_023951,University of Missouri,Columbia,MO,United States,https://bioinformatics.missouri.edu,"10x Genomics,Analysis Workstations,ATAC-Seq,Computational - Bioinformatics,Computational - Biostatistics,Computational - High Performance Computing,Consultation,Consultations,Data Analysis,Data Analysis And Interpretation,Data Processing,Data Processing And Interpretation,Data Visualization,Deconvolution,DNA Analysis,Genome/Transcriptome Assembly And Annotation,Genomics,High Performance Computing,Metagenomics Analysis,Metatranscriptomics,Pathway Interpretation,Pipeline Development,Power Analysis,Project Management,Proteomics Analysis,R Shiny App Development,RNA analysis,Single-Cell Analysis,Spatial Transcriptomics,Training","We serve as a centralized resource for providing expert bioinformatics, analytical, and data science consulting and analysis solutions for the MU System as well as public and private industry partners. We provide support for the management and analysis of large-scale biological datasets produced in a variety of different ways."
UNO-Movement Analysis Core,RRID:SCR_023311,University of Nebraska at Omaha,Omaha,NE,United States,https://www.unomaha.edu/college-of-education-health-and-human-sciences/cobre/research-cores/movement-analysis.php,"3D Motion Caputre,Analysis Workstations,Clinical Registry/Repository,Clinical Research,Consultation,Consultations,Customized Protocols,Data Analysis,Data Analysis And Interpretation,Data Processing,Data Processing And Interpretation,Data Visualization,Dynamic Mechanical Analysis,EEG,EMG,FNIRS,Gait Analysis,Indirect Calorimetry,Pressure Measurement,Project Management,Protocol Development,Small-scale Pilot Testing,Virtual And Augmented Reality","MOVAN provides access to state-of-the-art measurements of behavioral function and movement analysis for human movement variability research to treat and prevent motor related disorders. MOVAN is a unique resource that provides essential expertise to develop unique tools and methods to enhance the effectiveness of research. 
 Core services include access to human behavioral function measurements (3-D kinematics, kinetics, electromyography, and imaging), neuromuscular control of movements using virtual reality environments, EEG and fNIRS capabilities, dual-task measurements, blood flow and..."
Center for Collaboration on Research Design and Analysis,RRID:SCR_022860,University of Nebraska Medical Center,Omaha,NE,United States of America,http://www.unmc.edu/publichealth/ccorda.htm,"Computational - Biostatistics,Data Analysis","The vision of the CCORDA is to advance clinical, translational and public health research at UNMC and in the community and region.
 
 The mission of the CCORDA is to provide expertise in the quantitative sciences, including biostatistics, epidemiology, and health services research, and to coordinate the collaborative design, planning, conduct, analysis and interpretation of laboratory, clinical, and public health research studies. In addition, the center will provide educational training opportunities for quantitative sciences graduate students and educational opportunities for public..."
Electron Microscopy Core Facility,RRID:SCR_017864,University of Nebraska Medical Center,Omaha,NE,United States of America,http://www.unmc.edu/vcr/cores/vcr-cores/electron-microscopy/index.html,"Assays and Measurements,Cell Imaging,Electron Microscopy,Microscopy,Optical Imaging","The University of Nebraska Medical Centerâ€™s Electron Microscopy Core Facility (EMCF) provides instrumentation and technical assistance to research programs utilizing Transmission Electron Microscopy (TEM) and Scanning Electron Microscopy (SEM). The EMCF is available to all University of Nebraska personnel, as well as outside institutions and industrial users. The Director and two full-time Electron Microscopy Specialists are available for consultation and service. The facility is supported, in part, by user fees to cover supplies, instrument time and the EM Specialists' time to carry out..."
Epigenomics Core Facility,RRID:SCR_017800,University of Nebraska Medical Center,Omaha,NE,United States of America,http://www.unmc.edu/ecf/,"Data Analysis,DNA Analysis,Genomics,Real-time qPCR,RNA analysis,Sequencing - DNA Sequencing,Sequencing - Next Generation Sequencing (NGS),Sequencing - Pyrosequencing","The University of Nebraska Epigenomics Core Facility was established to assist researchers at all university and private institutions with epigenetic analysis including DNA Methylation using Pyrosequencing and Bisulfite Sequencing, Chromatin Immunoprecipitation, High Throughput Sequencing (ChIP-Seq), Real-Time Quantitative PCR gene expression analysis, Pyrosequencing Single Nucleotide Polymorphism (SNP), and Mycoplasma Testing. The Epigenomics Core Facility is located at the Durham Research Center I on the University of Nebraska Medical Center campus and is associated with the Department..."
Flow Cytometry Research Facility,RRID:SCR_017736,University of Nebraska Medical Center,Omaha,NE,United States of America,http://www.unmc.edu/vcr/cores/vcr-cores/flow-cytometry/index.html,"Assays and Measurements,Biochemical Analysis,Cell Sorting,Data Analysis,DNA Analysis,Flow Cytometric Analysis,Protocol Development/Clinical Trial Coordination,Shared Instrumentation Oversight & Maintenance",The UNMC Flow Cytometry Facility provides flow cytometry services to investigators on and off the UNMC campus on a fee for service basis.
Mass Spectrometry and Proteomics Core Facility,RRID:SCR_012539,University of Nebraska Medical Center,Omaha,NE,United States of America,https://www.unmc.edu/vcr/cores/vcr-cores/mspcf/index.html,"Mass Spectrometry,Proteomics,Shared Instrumentation Oversight & Maintenance","The mission of Mass Spectrometry and Proteomics Core Facility (MSPCF) at the University of Nebraska Medical Center is to enhance the capacity for research. Our main goals are:
 
 1. to establish an integrated proteomics program to support researchers at the UNMC in their efforts to seek extramural funding, 
 2. to provide high quality services, 
 to facilitate collaborative scientific effort with other institutions of higher education within State of Nebraska, and 
 3. to provide state-of-the-art environment for education of researchers in techniques of mass spectrometry and proteomics."
Mouse Genome Engineering,RRID:SCR_017755,University of Nebraska Medical Center,Omaha,NE,United States of America,http://www.unmc.edu/genetics/mgecore,"Assisted Reproductive Technologies (Rodent IVF, ICSI),Cell Culture,Embryo Cryopreservation & Recovery Services,Genotyping,Molecular Construct Services,Transgenics","Mouse Genome Engineering (MGE) Core Facility at the University of Nebraska Medical Center (UNMC) is one of the leading transgenic core facilities in the world because, it not only offers model generation services but, it also develops newer transgenic methods and streamlines them into services that can be easily adapted, and performed by technical staff, at any transgenic core facility for routine use. 
 
 The research staff and the director of MGE core facility, in collaboration with a similar team at the Tokai University, Japan, have developed several breakthrough genome editing methods...."
Nanoimaging Core Facility,RRID:SCR_018828,University of Nebraska Medical Center,Omaha,NE,United States of America,http://www.unmc.edu/pharmacy/nanoimaging.htm,"Atomic Force Spectroscopy,Data Analysis,Microscopy,Spectroscopy","The facility provides service and expert advice to researches in their projects related to nanoimaging studies of molecular systems at single molecule and single cell levels utilizing Atomic Force Microscope, combination of Atomic Force Microscope with Fluorescence Optical Microscope, combination of Atomic Force Microscope with Raman Spectroscopy."
UNMC Advanced Microscopy Core Facility (AMCF),RRID:SCR_022467,University of Nebraska Medical Center,Omaha,NE,United States,https://www.unmc.edu/vcr/cores/vcr-cores/confocal-microscopy/index.html,"3D & 4D Image Processing Stations,3D Visualization,Analysis Workstations,Cell Imaging,Confocal Microscopy,Confocal/ Super Resolution Microscope,Consultation,Data Analysis,Data Analysis And Interpretation,Deconvolution,F.I.S.H.,Fluorescence Microscope With Optical Sectioning Capability,Fluorescence Spectroscopy,High-throughput Screening,Image Aquisition,Image Processing And Analysis,Immunofluorescence ,Light-sheet Microscopy,Live Cell Imaging,Microscopy,Scanning 20X Brightfield,Scanning 20X Fluorescent,Scanning 40X Brightfield,Scanning 40X Fluorescent,Single-molecule Imaging,Slide Scanning,Spatial Transcriptomics,Super-resolution Microscopy,TIRF Microscopy,Training,Whole Slide Imaging","The Advanced Microscopy Core Facility (AMCF) at UNMC houses state-of-the-art imaging technologies ranging from super-resolution (~ 0.120 um to 0.020 um) to microscopic (~ 0.300 um) to mesoscopic (~ 1 um) biomedical imaging. Imaging specialists provide training and/or actively assist researchers collecting images across the diverse array of imaging instrumentation available in the AMCF with competitively priced usage fees for internal and external facility users.
 
 The Zeiss ELYRA PS.1 is an inverted microscope for super-resolution (SR) structured illumination microscopy (SIM) and..."
UNMC Animal Behavior Core,RRID:SCR_018830,University of Nebraska Medical Center,Omaha,NE,United States of America,https://www.unmc.edu/vcr/cores/vcr-cores/animal-behavior/index.html,"Analysis Workstations,Animal Husbandry,Animal Training ,Assay Development,Assays and Measurements,Audiovisual Support,Auditory & Vestibular Testing,Behavioral Assessment,Behavioral Phenotyping,Bioethics Consultation Support,Body Composition,Cognitive Assessment,Consultation,Consultations,Data Analysis,Data Analysis And Interpretation,Data Processing,Data Processing And Interpretation,Data Visualization,Electrophysiology Services,Experimental Design,Outreach,Pre-Pulse Inhibition,Rotarod,Startle Response,Training,Umwelt Characterization","The Animal Behavior Core at UNMC aims to provide investigators with the expertise, equipment, and space that is required to conduct innovative acoustic, behavioral, and cognitive research with a focus on rigor, reproducibility, and maintaining the highest standards of animal welfare.
 
 We provide dedicated procedural space and equipment for the assessment of mouse and rat behavior, cognition, and neurological function. We support investigators through consultation, training, project development, data analysis and interpretation, and data collection."
UNMC Core for Advanced Magnetic Resonance Imaging,RRID:SCR_022468,University of Nebraska Medical Center,Omaha,NE,United States,https://www.unmc.edu/vcr/cores/vcr-cores/camri/index.html,"Functional Brain Imaging,Functional Magnetic Resonance Imaging (fMRI),Image Processing And Analysis,Magnetic Resonance Imaging (MRI)","UNMC‘s Core for Advanced Magnetic Resonance Imaging (CAMRI) provides state-of-the-art research MRI capabilities for investigators at UNMC and across the greater Omaha area. Housed in UNMC’s Hixson-Lied Center, CAMRI operates a Siemens 3T Prisma MRI instrument that can collect high quality data of any MR modality using advanced gradients and research-grade pulse sequences. A variety of head coils (20-, 32-, and 64-channel) are available to optimize data collection for the needs of specific studies. Studies incorporating functional MRI can take advantage of CAMRI’s suite of MRI-compatible..."
UNMC Multiphoton Intravital & Tissue Imaging (MITI) Facility,RRID:SCR_022478,University of Nebraska Medical Center,Omaha,NE,United States,https://www.unmc.edu/vcr/cores/vcr-cores/small-animal-imaging/miti/index.html,"3D Visualization,Cell Imaging,Confocal Microscopy,Consultation,Consultations,Data Analysis,Data Analysis And Interpretation,Data Visualization,Fluorescence Microscope With Optical Sectioning Capability,Image Aquisition,Image Processing And Analysis,Immunofluorescence ,In-vivo Imaging,Live Cell Imaging,Microscopy,Multiphoton Microscopy,Multiphoton/ Harmonic Generation Microscope,Scanning 20X Fluorescent,Training","The Multiphoton Intravital & Tissue Imaging (MITI) Core Facility, is part of the Translational Imaging and Behavioral Assessment (TIBA) Core within the Cognitive Neuroscience of Development & Aging (CoNDA) Center and larger Fred & Pamela Buffett Cancer Center Preclinical Imaging Center. The MITI Core is equipped with experienced research professionals and state-of-the-art intravital imaging equipment to acquire advanced descriptive and quantitative data for various in-vivo/preclinical imaging studies.
 
 The MITI Core is equipped with an Olympus FVMPE-RS advanced multiphoton microscope, a..."
UNMC- Spatial Profiling Hub Core Facility,RRID:SCR_026860,University of Nebraska Medical Center,Omaha,NE,United States,https://www.unmc.edu/research-resources/resources/cores/spatial-profiling-hub/index.html,"G4X Spatial Profiling,NanoString GeoMx DSP,RNA/DNA Quality Control,Visium HD Spatial Transcriptomics","The UNMC Spatial Profiling Hub Core Facility (SPH) offers spatial omics processing on many different tissue types. The SPH currently offers Bruker‘s GeoMx DSP and 10x Visium by Oct 2025. The SPH staff offers expert collaboration from project design to data handoff. The core has established workflows with additional shared resources on the UNMC campus to allow for expertise throughout your entire project. Whether you need support in
 experimental planning, sample selection, spatial
 data generation, or consultation, we are here to
 help you succeed."
UNMC-Bioimaging Core Facility,RRID:SCR_022481,University of Nebraska Medical Center,Omaha,NE,United States,unmc.edu/radiology/research/bioimaging-core-facility,Magnetic Resonance Imaging (MRI),Small animal MRI 7T
UNMC-Small Animal Ultrasound Core,RRID:SCR_022683,University of Nebraska Medical Center,Omaha,NE,United States,https://www.unmc.edu/physiology/research/cores/echo-facility.html,"3D & 4D Image Processing Stations,Acoustic Angiography,Analysis Workstations,Consultation,Data Analysis,Data Analysis And Interpretation,Doppler Imaging,Shear Wave Elastography,Ultrasonic Imaging","Preclinical ultrasound imaging. Vevo 3100, Vevo 3100 LAZR-X, Perkin Elmer Vega"
UNMC-Nebraska Biobank,RRID:SCR_021024,University of Nebraska System,Omaha,NE,United States of America,https://www.unmc.edu/cctr/resources/biobank/index.html,"BioBanking,Clinical Registry/Repository,DNA Isolation","The Nebraska Biobank is a Nebraska Research Initiative (NRI) developed joint effort of the University of Nebraska Medical Center (UNMC) and Nebraska Medicine to facilitate research in health care. The Nebraska Biobank is made up of residual blood samples from patients who want to take part.
 
 Patients at the Nebraska Medicine clinics and hospitals are being asked at check-in to participate by donating any blood left from their scheduled laboratory tests to the Nebraska Biobank. Serum, Plasma, and DNA are recovered from the consented samples and stored for future research studies...."
CryoEM Core Facility,RRID:SCR_025012,University of Nebraska–Lincoln,Lincoln,NE,United States,https://biotech.unl.edu/cryoem,"Cryo-Electron Microscopy,Cryo-Electron Tomography,Data Analysis,Data Processing,MicroED","The CryoEM core facility is dedicated to the structural characterization of biological samples and microcrystals using cryo-electron microscopy (CryoEM). The core can run the main three CryoEM workflows, including, single-particle CryoEM, Cryo-electron tomography (CryoET), and Micro crystal electron diffraction (MicroED). We have state-of-the-art instrumentation that includes a TFS 200kV Glacios CryoTEM, equipped with a zero-loss Selectris Energy Filter, a Flacon 4i Direct Electron Detector, and a Ceta-D camera. In addition, the facility counts with a Pelco Easy Glow Discharger and two..."
Flow Cytometry Core Facility,RRID:SCR_024711,University of Nebraska–Lincoln,Lincoln,NE,United States,https://biotech.unl.edu/flow-cytometry-0,"Cell Sorting,Consultations,Exosomes Characterisation,Experimental Design,FACS Cell Sorting,Flow Cytometric Analysis,Flow Cytometry,Flow Cytometry Data Analysis,Multi-color Flow Cytometry,Sample Preparation,Single Particle Extracellular Vesicle Flow Cytometry,Staining","The Flow Cytometry Core Facility provides University of Nebraska faculty, staff, students, and external academic and industry with high quality flow cytometry services. 
 
 The facility currently has a Beckman Coulter CytoFLEX SRT sorter and CytoFLEX LX, as well as a NanoAnalyzer from NanoFCM.
 
 Facility staff are able to assist with everything from experimental design, instrument training, sample collection, and data analysis."
Morrison Microscopy Core Research Facility,RRID:SCR_017798,University of Nebraska–Lincoln,Lincoln,NE,United States of America,biotech.unl.edu/microscopy,"Cell Imaging,Confocal Microscopy,Electron Microscopy,Immunohistochemistry,Laser Capture Microdissection,Microscopy","Morrison Microscopy Core Research Facility
 Located on the first floor of the George W. Beadle building, the Morrison Microscopy Core Research Facility has state of the art imaging systems including digital microscopes, confocal laser scanning microscope and three electron microscopes. The microscopy core facility will provide strong technical support for multi-disciplinary research in the state of Nebraska. We will also provide services, teaching and training for university research communities."
University of Nebraska Lincoln Spectroscopy and Biophysics Core Facility,RRID:SCR_011011,University of Nebraska–Lincoln,Lincoln,NE,United States,https://redoxbiologycenter.unl.edu/spectroscopy,"Biolayer Interferometry (BLI),Circular Dichroism (CD),Differential Scanning Calorimetry,Fluorescence Spectroscopy,Inductively Coupled Plasma Mass-Spectrometry,Intact Protein Mass Spectrometry,Isothermal Titration Calorimetry (ITC),Mass Spectrometry - Small Molecules,MicroScale Thermophoresis (MST),Targeted Metabolomics","Core provides instrumentation, training and support for any type of experimental work involving biophysical and spectroscopic measurements. The services that our core provides can be extended to partially purified proteins, whole cell assays and analysis of tissues."
UNL Proteomics and Metabolomics Facility,RRID:SCR_021314,University of Nebraska–Lincoln,Lincoln,NE,United States of America,https://biotech.unl.edu/proteomics-and-metabolomics#tab1,"Amino Acid Analysis,Assay Development,Customized Protocols,Data Analysis,GC,HPLC,HRAM Mass Spectrometry,Mass Spectrometry,Metabolomics,Phosphoproteomics,Protein Extraction/Purification,Proteomics,Sample Preparation,SDS-PAGE,Untargeted Mass Spectrometry","The Proteomics and Metabolomics Facility (PMF) at the Center for Biotechnology was established in 2015 under the leadership of the Director, Dr. Sophie Alvarez and the Assistant Director, Dr. Mike Naldrett to meet ever increasing needs for a range of technical services using mass spectrometry, including identification and relative quantification of proteins and several advanced methods for profiling and quantitation of small molecules.
 
 The primary aim of the PMF is to provide high quality service and collaborative work in the fields of Proteomics and Metabolomics to support scientists..."
UNL-Bioinformatics Core Research Facility,RRID:SCR_025011,University of Nebraska–Lincoln,Lincoln,NE,United States,https://biotech.unl.edu/bioinformatics,"Computational - Application Development,Computational - Bioinformatics,Computational - Biostatistics,Computational - High Performance Computing,Computational - Interactive Compute/storage,Consultation,Consultations,Data Analysis,Data Analysis And Interpretation,Data Processing,Data Processing And Interpretation,Data Visualization,Genome/Transcriptome Assembly And Annotation,Genomics,High Performance Computing,Metagenomics Analysis,Metatranscriptomics,Methylation Analysis,Microbiome,Pipeline Development,Power Analysis,Proteomics Analysis,Quantitative DNA Sequence Mapping,RNA analysis,Single-Cell Analysis,Spatial / Single Cell Data Analysis,Spatial Transcriptomics","The UNL Bioinformatics Core Research Facility (BCRF_ helps researchers, both in academic institutions and for-profits, with the analysis of 'omics data and the integration thereof. We offer, inter alia, gene expression analysis, single-cell/nuclei RNA-seq analysis, transcriptome and genome assembly with gene prediction and annotation, and statistical analysis."
Genomics Core Facility,RRID:SCR_018272,"University of Nevada, Las Vegas",Las Vegas,NV,United States of America,https://www.unlv.edu/genomics,"Capillary Electrophoresis,Consultations,Data Analysis,DNA Analysis,Flow Cytometric Analysis,Genomics,Microarray,Nucleic Acid Extraction,RNA analysis,RNA Integrity,Sample Preparation,Sequencing - Capillary Sequencing,Sequencing - DNA Sequencing","The UNLV Genomics Core Facility was established to aid in the development and support of genomics-based research, serving investigators in Nevada and beyond. Staff at the facility can be contracted for select services including ABI 3500 Dx Sanger DNA sequencing, BD FACSCalibur flow cytometry, Affymetrix microarray processing, Agilent 2100 Bioanalyzer analysis and Qubit analysis. The facility also provides equipment and training for real-time PCR, Western blot/gel/microarray scanning, and analysis of DNA, RNA and protein samples."
Nevada Bioinformatics Center,RRID:SCR_017802,"University of Nevada, Reno",Reno,NV,United States of America,http://www.unr.edu/bioinformatics,"10x Genomics,Computational - Application Development,Computational - Bioinformatics,Computational - Biostatistics,Computational - High Performance Computing,Consultation,Consultations,Copy Number Variation (CNV),Data Analysis,Data Processing And Interpretation,Discovery Science,Genomics,Imputation,Metagenomics Analysis,Microarray,Microbiome,Outreach,Pathway Interpretation,Proteomics,RNA analysis,Single-Cell Analysis","The Nevada Bioinformatics Center is a core facility at the University of Nevada, Reno supporting Nevadan life-science researchers and beyond. We have a team of diverse scientists offering bioinformatics, statistical, and data science support to a wide range of projects from genomics to proteomics, and from novel assemblies to complex network modeling. Reach out and we are happy to discuss your project with you."
Nevada Proteomics Center,RRID:SCR_017761,"University of Nevada, Reno",Reno,NV,United States of America,http://www.unr.edu/proteomics,"2D-PAGE,Mass Spectrometry,Protein Extraction/Purification,Proteomics,SDS-PAGE","The Mick Hitchcock, Ph. D. Nevada Proteomics Center has enhanced the center through the generous support of the National Institutes of Health Shared Instrumentation (NIH-SIG) program and the Coronavirus Relief Fund program (CARES).
 
 In June 2021, the Center received funding through the NIH-SIG and with additional support from the Office of Research and Innovation, the Center purchased the Bruker timsTOF Pro2 mass spectrometer and Evosep One LC system to provide protein based clinical diagnostics.
 
 In December 2020, through the generous support of the CARES program, the Center received..."
In Vitro Analytical Core,RRID:SCR_026905,University of New England,Biddeford,ME,United States,https://www.une.edu/research/center-cell-signaling-research/in-vitro-analytical-core,"Hands-on Services,Shared Instrumentation Oversight & Maintenance,Training","The in Vitro Analytical Core (IVAC) facilitates the mission of the UNE Center for Cell Signaling Research (CCSR) by identifying molecular mechanisms and cellular processes in aging, stress, bioenergetics, and cellular metabolism by providing the critical expertise and instrumentation to study cell-cell interactions and to delineate intracellular pathways in targeted cell types.
 The IVAC provides training, instrumentation, and technical services for the development, analysis, and storage of in vitro cell models (such as stably transfected cell lines using genetically encoded biosensors)..."
Microscopy Core Facility,RRID:SCR_017891,University of New England,Biddeford,ME,United States of America,https://sites.google.com/a/une.edu/confocal-microscopy-facility/,Confocal Microscopy,"We support an Asylum Research Cypher ES Atomic Force Microscope (2016) with gas, fluid, elasticity, force pulling, and a variety of conductivity/magnetism probe capabilities. We also support a Leica SP5 Scanning Laser Confocal Microscope (2012) with two standard PMTs and one photon counting detector and UV through red excitation sources.
 
 We support and encourage the use of these microscopes in student activities and research both internally and externally. Confocal user fees are found on our website, please contact us with any further information regarding their use."
UNE Histology and Imaging Core,RRID:SCR_017885,University of New England,Biddeford,ME,United States of America,https://www.une.edu/research/cobre/histology,"Cell Imaging,Confocal Microscopy,Consultations,Histology,Immunohistochemistry,Microscopy,Multiphoton Microscopy,Optical Imaging,Whole Slide Imaging","The Histology and Imaging Core at UNE (part of the Center of Biomedical Research Excellence for the Study of Pain and Sensory Function) is a comprehensive histology and light microscopy facility offering technical expertise and consultation services to UNE researchers and the broader academic & commercial research community. We offer a full range of histology services including cryo, paraffin, and plastic embedding & sectioning, routine/special stains and IHC optimization. Our imaging services span basic brightfield and epifluorescence to laser scanning confocal and 2-photon excitation..."
UNE-Rodent Behavior Core,RRID:SCR_017883,University of New England,Biddeford,ME,United States of America,une.edu/research/cobre/behavioral,"Animal Husbandry,Animal Training ,Behavioral Assessment,Behavioral Phenotyping,Clinical Imaging - Small Animal (X-ray, Ultrasound, microCAT, MRI),Cytogenetics,Data Analysis,Data Analysis And Interpretation,DEXA,In-vivo Imaging,Pharmacokinetics,Phenotyping,Stereotaxic Injection,Surgical Services,Thermal Analysis,Training","The Behavior Core provides a comprehensive approach to the research needs of the Center for Pain Research investigators, UNE researchers, and the external research community using the highest level of expertise, training, and instrumentation. The core provides in-house validation of cutting-edge models of pain and relevant co-morbidities to advance the pain field and early-stage drug discovery.
 
  Services provided include (but are not limited to) the following:
 - General Behavioral Phenotyping: Observational Screens, Motor Function
 - Pain/Sensory Testing: Thermal, Mechanical, Chemical
..."
UNH University Instrumentation Center,RRID:SCR_021101,University of New Hampshire,Durham,NH,United States of America,https://www.unh.edu/research/welcome-university-instrumentation-center,"3D Visualization,Analysis Workstations,Cell Sorting,Confocal Microscopy,Electron Microscopy,Flow Cytometric Analysis,Mass Spectrometry,Microscopy,Nuclear Magnetic Resonance (NMR),Outreach,Spectroscopy,X-ray Diffraction and Scattering","Services Offered:
 NMR - Bruker 700 cryoprobe and solids probe and Varian/Bruker 500 
 SEM including FIB, EBS, EBSD, Tensile Stage - Tescan Lyra 3GMU with EDAX EBSD and EDS
 Fluorescence Confocal Microscopy - Nikon AR1HD
 Reflective Confocal Microscopy - Olympus OLS5000SAW
 X-Ray Photoelectron Spectroscopy - Kratos Supra
 X-Ray Microscope aka Micro CT - Zeiss Versa 610
 Mass Spectrometry - Thermo Orbitrap Ascend, Thermo Orbitrap Exploris"
Bioinformatics and Analytics Research Collaborative (BARC),RRID:SCR_027350,University of North Carolina at Chapel Hill,Chapel Hill,NC,United States,http://bioinformatics.unc.edu,"ATAC-Seq,Bioinformatics Analysis,ChIP-Seq,DNase-seq,FAIRE-seq,High Throughput Data Analysis,Metagenomics Analysis,Microscopy Imaging Analysis,Next Generation Sequencing (NGS) Analysis,Pipeline Development,RNA-Seq,Single Cell ATAC-Seq,Single Cell RNA-Seq ,Small/miRNA-Seq","The Bioinformatics and Analytics Research Collaborative (BARC) at the University of North Carolina at Chapel Hill is a multi disciplinary center that aims to provide bioinformatics expertise and analysis to researchers across the university and beyond for high throughput data. We analyze, visualize, interpret, and manage big data while also offering custom solutions to fit our researchers’ needs. Additionally, the center strives to educate researchers on current tools and techniques, foster a collaborative environment by hosting workshops, working groups, and seminars, and improve existing..."
Department of Chemistry Mass Spectrometry Core Laboratory,RRID:SCR_021937,University of North Carolina at Chapel Hill,Chapel Hill,NC,United States of America,mscore.web.unc.edu,"HPLC,HRAM Mass Spectrometry,Lipidomics,Mass Spectrometry,Mass Spectrometry - Small Molecules,Metabolomics,Metabolomics Platform","The UNC Department of Chemistry Mass Spectrometry Core Laboratory specializes in small molecule analysis. Our services include, but are not limited to, quantitative mass spectrometry, liquid chromatography separations, fragmentation and structural elucidation (MS/MS, MSn) mass spectrometry, complex mixture analysis, & molecular formula confirmation (high resolution and accurate mass) analysis. The mass spectrometry laboratory provides individualized user training for undergraduate, graduate, and post-doctoral scholars of the Department of Chemistry. In addition, the laboratory aims to..."
Histology Research Core Facility,RRID:SCR_017893,University of North Carolina at Chapel Hill,Chapel Hill,NC,United States of America,https://www.med.unc.edu/cellbiophysio/research-facilities/histology-facility,"Histology,Immunohistochemistry","The mission of the Histology Research Core Facility is to provide high-quality, cost-effective and timely histological results to researchers in the UNC system and abroad. This includes performance of existing, and development of new methodology for histological processing, sectioning and staining of both plant and animal specimens and all immunohistochemistry procedures."
Human Pluripotent Cell Core,RRID:SCR_023246,University of North Carolina at Chapel Hill,Chapel Hill,NC,United States,https://www.med.unc.edu/humancellcore/,"Assay Development,BioBanking,Cell Culture,Cell Line Authentication,Consultation,CRISPR,Directed Cell Differentiation,Reprogramming Somatic Cells","The purpose of the Human Pluripotent Cell Core Facility is to provide UNC scientists as well as outside collaborators with the services to successfully conduct basic as well as translational research using human induced pluripotent cells. The core offers Reprogramming, Genome editing and directed cell differentiation."
Mammalian Genotyping Core,RRID:SCR_022716,University of North Carolina at Chapel Hill,Chapel Hill,NC,United States,https://uncch.ilab.agilent.com/sc/5341/mammalian-genotyping-core/?tab=about,"Bisulfite Conversion,FFPE Restore,Genomics,Genotyping","The Mammalian Genotyping Core (MGC) is a component of the Integrated Genomics Core/High Throughput Sequencing Facility (HTSF) at the University of North Carolina at Chapel Hill. The Mammalian Genotyping Core (MGC) mission is to support population, basic, clinical and translational research by providing centralized cost-efficient, high quality genotyping and methylation services. The MGC provides services using Illumina BeadArray and Infinium microarray assay technologies for Single Nucleotide Polymorphism (SNP) Genotyping, Copy Number Variant (CNV), Loss of Heterozygosity (LOH),..."
Microscopy Services Laboratory,RRID:SCR_017913,University of North Carolina at Chapel Hill,Chapel Hill,NC,United States of America,http://www.med.unc.edu/microscopy,"Cell Imaging,Confocal Microscopy,Data Analysis,Electron Microscopy,Microscopy","We provide training, assistance and services in light microscopy, electron microscopy and image analysis.
 
 Light-microscopy: We will consult with you about your project, advise on experimental design and sample preparation, and train you to take images. We have experience with laser scanning and spinning disk confocal, light-sheet, widefield fluorescence, darkfield, and polarization microscopy. Tiling, multi-day live-cell experiments, FRAP, FRET and other experimental designs are available.
 
 Electron microscopy: We will consult with you about your project, can prepare your samples,..."
Nanomedicines Characterization Core Facility,RRID:SCR_017951,University of North Carolina at Chapel Hill,Chapel Hill,NC,United States of America,http://ncore.web.unc.edu/,"Capillary Electrophoresis,Consultations,Data Analysis And Interpretation,Exosomes Characterisation,HPLC,Inductively Coupled Plasma Mass-Spectrometry,Light Scattering,Nanosight Nanoparticle Analysis,Spectroscopy,Western Blot,Zeta Potential","The Nanomedicines Characterization Core Facility implements the mission of accelerating translation of new nanomedicines into clinic by providing comprehensive physicochemical characterization of nanoscale entities. NCore is an open resource and functions on a fee for service basis. We welcome users from academia as well as from industry, government labs and other institutions to utilize our experience and our technological infrastructure."
NMR Spectroscopy,RRID:SCR_017841,University of North Carolina at Chapel Hill,Chapel Hill,NC,United States of America,http://www.med.unc.edu/csb/nmr,"Amino Acid Analysis,Atomic Force Spectroscopy,Cell Imaging,Nuclear Magnetic Resonance (NMR),Protein Extraction/Purification",The UNC Biomolecular NMR Laboratory was created to support research into the structure and dynamics of biological molecules. The spectrometers are used to conduct studies of protein and nucleic acids in solution
Protein Expression and Purification,RRID:SCR_017843,University of North Carolina at Chapel Hill,Chapel Hill,NC,United States of America,http://www.med.unc.edu/csb/pep,"Biochemical Analysis,Cell Culture,Cell Imaging,Cell Sorting,Microarray,Microscopy,Protein Extraction/Purification","The Protein Expression and Purification (PEP) core specializes in the production of pure, functional proteins for structural, biophysical, and biochemical studies."
Structural Bioinformatics,RRID:SCR_017836,University of North Carolina at Chapel Hill,Chapel Hill,NC,United States of America,http://www.med.unc.edu/csb/sbi,"Biochemical Analysis,Data Analysis,Molecular Imaging","provide consultations and collaborations on research studies requiring computational structural biology methods. The analyses available through the core are not limited to the study of static structures, but also include molecular dynamics studies for analyzing the contribution of dynamic and collective motions to macromolecular functionality."
UNC Biospecimen Processing Facility,RRID:SCR_021290,University of North Carolina at Chapel Hill,Chapel Hill,NC,United States of America,https://bsp.web.unc.edu/,"Automated Liquid Handling,BioBanking,Biorepository,Bioshipping,Bisulfite Conversion,Blood Processing,Consultations,DNA Isolation,Nucleic Acid Extraction,PCR Arrays,Plate Reader,Real-time qPCR,Repository,RNA Isolation,Sample Accessioning,Small-scale Pilot Testing,Urinary Specific Gravity,Whole Genome Amplification (WGA)","We are CAP Accredited!
 
 The UNC BSP is a centralized, quality-controlled facility and biorepository for the processing, storage and disbursement of human specimens. The facility is geared for high throughput processing of human biospecimens, with specific emphasis on DNA and RNA isolation and purification. 
 
 The Facility provides laboratory support for investigator-initiated large-scale clinical, epidemiologic, and other studies. We also function as a human specimen biorepository resource for clinicians who wish to store and study samples from unusual or potentially important patients...."
UNC Neuroscience Microscopy Core,RRID:SCR_019060,University of North Carolina at Chapel Hill,Chapel Hill,NC,United States of America,https://www.med.unc.edu/neuroscience/neuro-microscopy/,"3D Visualization,Cell Imaging,Computational - High Performance Computing,Confocal Microscopy,Consultations,Data Analysis,Data Processing And Interpretation,High Content Screening,High-throughput Screening,Histology,Image Processing And Analysis,Immunohistochemistry,Microscopy,Molecular Imaging,Multiphoton Microscopy,Optical Imaging,Outreach,Slide Scanning,Whole Plant Imaging,Whole Slide Imaging","The UNC Neuroscience Microscopy Core is a center for high-resolution imaging and aims to make this technology accessible to neuroscientists and other scientific researchers.
 
 Goals of the UNC Neuroscience Microscopy Core:
 
 To provide a full spectrum of advanced systems for cellular and molecular imaging of in vitro and in vivo samples.
 To implement new imaging technologies, particularly related to real time and tissue clearing based imaging of neurodevelopment and neural functions.
 To offer training, consultation, data analysis, image processing, and centralized technical expertise..."
UNC Peptide Synthesis Facility,RRID:SCR_017837,University of North Carolina at Chapel Hill,Chapel Hill,NC,United States of America,http://www.med.unc.edu/csb/unc-peptides,"Peptide Purification And Analysis,Peptide Synthesis","The facility provides researchers with high quality services for peptide synthesis, 
 
 purification, and characterization of synthetic peptides and preparation of custom designed peptide arrays. We specialize in synthesis of multiply modified peptides containing PTMs, unnatural amino acids, and fluorescent tags."
UNC- Systems Genetics Core Facility,RRID:SCR_022703,University of North Carolina at Chapel Hill,Chapel Hill,NC,United States,http://csbio.unc.edu/CCstatus/index.py?run,"Animal Husbandry,Collaborative Cross Mice","The SGCF at UNC provides access to the Collaborative Cross (CC) resource to the research community. The CC is a multi-parental genetic reference mouse population derived from eight founder inbred strains, encompassing an extraordinary level of genetic diversity. The CC is an ideal population for studying complex traits and for identifying novel models of disease in the context of natural genetic variation. All 63 strains have been sequenced and have much genomic data. All of the CC strains are kept as live mouse strains. The UNC Systems Genetics Core Facility can provide breeding stock..."
UNC-Functional Genomics Core,RRID:SCR_022702,University of North Carolina at Chapel Hill,Chapel Hill,NC,United States,https://www.med.unc.edu/functionalgenomics/,"Copy Number Variation (CNV),Gene Expression Arrays,Genomics,Genotyping,Microarray","The Functional Genomics Core performs expression profiling, SNP genotyping and copy number microarray (Thermo Fisher) services."
X-Ray Crystallography,RRID:SCR_017839,University of North Carolina at Chapel Hill,Chapel Hill,NC,United States of America,https://www.med.unc.edu/csb/mx/,"Cell Culture,Cell Imaging,Flow Cytometric Analysis,Gel Chromatography",X-ray crystallography is the principal technique used to determine three-dimensional structures of biological macromolecules.
JHMI-ICTR Research Laboratory Core,RRID:SCR_023212,University of Notre Dame,Baltimore,MD,United States,https://johnshopkins.corefacilities.org/service_center/show_external/3781,"Assay Development,Assays and Measurements,Immunoassay,Multiplex Fluorescence,Radioimmunoassay","The Research Laboratory Core is a regional Service Center that performs high throughput assays for the determination of proteins, peptides, hormones and other biochemical markers in support of preclinical and clinical research studies. The laboratory has the equipment and capacity to perform standard immunoassays as well as multiplexed ELISAs. The Research Laboratory Core provides standardized sample handling that upholds high quality control by, for example, minimizing freeze/thaw cycles. The high volume of assays processed in the lab supports reduced investigator cost through batch..."
ND Biophysics Instrumentation Core Facility,RRID:SCR_023867,University of Notre Dame,Notre Dame,IN,United States,https://bic.nd.edu/,"Analytical Ultracentrifugation,Antibody Characterization,Automated Liquid Handling,Biological Mechanism,Bioluminsecence Imaging,Circular Dichroism (CD),Consultation,Crystal Optimization,Data Analysis And Interpretation,Differential Scanning Fluorimetry (DSF),DNA Analysis,Drug Discovery,Experimental Design,Fragment-based Drug Discovery,Fragment-based Screening,High-throughput Screening,Image Aquisition,Image Processing And Analysis,Isothermal Titration Calorimetry (ITC),Molecular Imaging,Monoclonal Antibody,Phosphor Imaging,Protein Crystallization,Protein Extraction/Purification,Protein Production,Protocol Development,Real-time qPCR,RNA analysis,Sample Preparation,Shared Instrumentation Oversight & Maintenance,Small Molecule Compound Screening,Spectroscopy,Structural Biology,Surface Plasmon Resonance (SPR),Thermal Analysis,Training,X-Ray Crystallography","The Biophysics Instrumentation Core (BIC) Facility offers sophisticated instrumentation dedicated to characterizing biomolecular conformations and interactions, as well as equipment for the isolation and purification of macromolecules for subsequent detailed biophysical analysis."
NDIIF- Notre Dame Integrated Imaging Facility,RRID:SCR_022743,University of Notre Dame,Notre Dame,IN,United States,https://imaging.nd.edu/,"2D & 3D Illustration,3D & 4D Image Processing Stations,3D Visualization,Analysis Workstations,Animal Training ,Biochemical Analysis,Biological Mechanism,Biological photography/Photomicrography,Body Composition,Cell Imaging,Clinical Imaging - Small Animal (luminescence/fluorescence),Clinical Imaging - Small Animal (X-ray, Ultrasound, microCAT, MRI),Computed Tomography (CT),Computer-assisted Neuron Tracing And Analysis,Confocal Microscope With FCS/FLIM Capabilities ,Confocal Microscopy,Confocal/ Super Resolution Microscope,Consultation,Consultations,Correlative Light Electron Microscopy,Cryostat Histology,Customized Protocols,Data Analysis,Data Analysis And Interpretation,Data Processing,Data Processing And Interpretation,Data Visualization,Deconvolution,Drug Discovery,Electron Microscopy,Fluorescence Lifetime,Fluorescence Microscope With Optical Sectioning Capability,Focused Ion Beam (FIB),Functional Brain Imaging,H&E Staining,High Content Screening,Histology,Image Aquisition,Image Data Management,","The NDIIF provides an integrated suite of sophisticated microscopes and imaging stations that enable expert users to address the most complex modern research problems and, equally important, expert staff, including technicians and research specialists, to guide the non-expert users. The facility offers imaging expertise in Electron Microscopy, Optical Microscopy, In Vivo Imaging, and Histology."
Notre Dame Genomics & Bioinformatics Core Facility,RRID:SCR_025555,University of Notre Dame,Notre Dame,IN,United States,https://genomics.nd.edu,"10X Genomics Single Cell,10x Genomics Xenium Spatial Transcriptomics,ABI3730XL Sanger Sequencing And Fragment Analysis,Bioinformatics Analysis,BluePippin Automated Size Selection,Custom And Specialty NGS Workflows,High-intensity Acoustic Shearing,Illumina MiSeq Sequencing,Illumina NextSeq Sequencing,Illumina RNA/DNA NGS Library Construction,RNA/DNA Quality Control,Visium HD Spatial Transcriptomics","The Genomics & Bioinformatics Core Facility (GBCF) at Notre Dame serves a diverse research community that spans basic biomedical research in human disease, vector disease research, population genomics, and environmental genomics. Utilizing Illumina sequencing, single-cell analysis, and spatial transcriptome analysis, we offer comprehensive solutions designed to acquire data for a broad range of applications including metagenomics, cancer genomics, microbial genomics, transcriptomics, and epigenomics for both model and non-model systems. Applying robust bioinformatics tools and biocomputing..."
NASC-Nottingham Arabidopsis Stock Centre,RRID:SCR_019284,University of Nottingham,Loughborough,,United Kingdom,http://arabidopsis.info,"BioBanking,Germplasm,Microarray,Seed Distribution,Transgenics","National and international arabidopsis germplasm resource founded in 1990. From 200 seed stocks held during 1991, we now store over a million genotypes in >800,000 physical stocks servicing a vigorous worldwide Arabidopsis community in more than 50 countries. 
 NASC sent >50,000 individual stocks per year since 2007, and >100,000 individual stocks per year from 2013-2018 with a maximum (so far) of >180,000 total seed tubes sent in one single year. Stocks are provided under identical cost recovery conditions to academic and commercial researchers. Non-transgenic stocks are sent gratis to..."
Samuel Roberts Nobel Microscopy Laboratory,RRID:SCR_022929,University of Oklahoma,Norman,OK,United States,https://www.ou.edu/microscopy,"Cell Imaging,Confocal Microscope With FCS/FLIM Capabilities ,Confocal Microscopy,Data Analysis,Data Analysis And Interpretation,Data Processing,Data Processing And Interpretation,Data Visualization,Deconvolution,Electron Microscopy,Image Aquisition,Image Processing And Analysis,Immunofluorescence ,In-vivo Imaging,Multiphoton Microscopy,Multiphoton/ Harmonic Generation Microscope,Multiplex Fluorescence,Sample Preparation,Scanning Electron Microscopy,Tissue Embed","The Samuel Roberts Noble Microscopy Laboratory, the core imaging facility of the University of Oklahoma, is a central shared use facility offering access to instrumentation, training, and service using advanced light microscopy, scanning electron microscopy (SEM), and transmission electron microscopy (TEM).
 
 Our mission is to provide effective and efficient access to core imaging and analytical characterization technologies. We welcome all OU-Norman, OUHSC, and OMRF student, faculty, and staff researchers at our centralized location the OU-Norman main campus. Clients from other..."
Laboratory for Molecular Biology and Cytometry Research,RRID:SCR_021345,University of Oklahoma Health Sciences Center,Oklahoma City,OK,United States of America,https://research.ouhsc.edu/Core-Facilities/Laboratory,"Cell Imaging,Cell Sorting,Computational - Bioinformatics,DNA Analysis,Flow Cytometric Analysis,Genomics,Mass Spectrometry,Microarray,Microscopy,Nanostring,Nanostring NCounter,Nucleic Acid Extraction,Phosphoproteomics,Proteomics,Real-time qPCR,RNA analysis,RNA Integrity,Sequencing - Capillary Sequencing,Sequencing - DNA Sequencing,Sequencing - Next Generation Sequencing (NGS),Sequencing - Protein Sequencing,Surface Plasmon Resonance (SPR)","The OUHSC Laboratory for Molecular Biology and Cytometry Research (LMBCR) is an academic core facility offering a wide range of services involving DNA, protein, and whole cell analysis. Services include sequencing (custom PCR, plasmid and DNA, RNA, 16s, miRNA, ChIP ) and microsatellite detection via the Illumina MiSeq or SeqStudio capillary sequencer. Expression analysis can also be performed using the Nanostring nCounter SPRINT platform. Our services also include Mass Spectrometry and Proteomics using the Waters Synapt with 2D UPLC. We provide both qualitative and quantitative analysis of..."
OK INBRE Data Science Core,RRID:SCR_026422,University of Oklahoma Health Sciences Center,Oklahoma City,OK,United States of America,https://okinbre.ouhsc.edu/Core-Facilities#Bioinformatics,"10x Genomics,Assay Development,Automated Liquid Handling,Bisulfite Conversion,Capillary Electrophoresis,CDNA Synthesis,Computational - Bioinformatics,Computational - Biostatistics,Computational - High Performance Computing,Confocal Microscopy","Mission statement. The INBRE Data Science Core will provide state-of-the-art research data science analysis support for the Oklahoma scientific community, foster educational efforts to train Oklahoma scientists in the use of data science tools for research purposes, and promote data science education for undergraduate and high school students in the state of Oklahoma.
 
 Summary. In pursuit of this mission, the INBRE Bioinformatics Core Facility provides support to biomedical research and educational institutions in the state of Oklahoma, other regional IDeA-participating states, and..."
Cell Biology and Image Aquisition (CBIA) Core,RRID:SCR_021845,University of Ottawa,Ottawa,ON,Canada,https://med.uottawa.ca/core-facilities/facilities/cbia,"Analysis Workstations,Assay Development,Biological photography/Photomicrography,Cell Imaging,Confocal Microscopy,Confocal/ Super Resolution Microscope,Consultation,Data Analysis And Interpretation,Data Processing And Interpretation,Fluorescence Microscope With Optical Sectioning Capability,Image Aquisition,Image Data Management,Image Processing And Analysis,Live Cell Imaging,Optical Spectroscopy,Scanning 20X Brightfield,Slide Scanning,Super-resolution Microscopy,Training,Widefield Microscopy","The Cell Biology and Image Acquisition (CBIA) Core Facility provides state-of-the-art advanced microscopes, image analysis tools, and technical support to facilitate your microscopy research. We offer consultations to determine the most appropriate microscope for your specific needs and the proper design of your experimental set-up. In addition, we provide comprehensive training and follow-up sessions for all first-time users, ensuring optimal use of the imaging systems. The CBIA Core Facility is located within Roger Guindon Hall at the University of Ottawa. Facility resources are..."
Flow Cytometry & Virometry,RRID:SCR_023306,University of Ottawa,Ottawa,ON,Canada,https://www.uottawa.ca/research-innovation/flow-cytometry-virometry,"FACS Cell Sorting,Flow Cytometric Analysis,Flow Cytometry Data Analysis,Single Particle Extracellular Vesicle Flow Cytometry,Single Particle Flow Virometry",We are a flow cytometry core facility located at the Faculty of Medicine providing cutting edge instrumentation and expertise to researchers in Ottawa and around the world. We specialize in single-particle analysis of viruses and extracellular vesicles.
Louise Pelletier Histology Core Facility,RRID:SCR_021737,University of Ottawa,Ottawa,ON,Canada,https://med.uottawa.ca/core-facilities/facilities/histology,"H&E Staining,Histology,Immunofluorescence ,Immunohistochemistry,Processing & Embedding- Histology,Scanning 20X Brightfield,Scanning 20X Flourescent,Scanning 40X Brightfield,Scanning 40X Fluorescent,Staining,Tissue Embed,Tissue MicroArray","We are a full-service histology laboratory available to faculty, researchers, clinicians and students. The primary mission of the HCF is to provide efficient, high quality and cost-effective histological services for both animal and human tissue. HCF services include paraffin processing and embedding, paraffin and frozen sectioning as well as routine and special histological staining.
 
 The LPHCF laboratory is equipped with:
 A Leica Bond III Immunostainer to provide automated immunohistochemistry, in-situ hybridization and immunofluorescence staining
 Automated tissue processors for..."
Pre-clinical Imaging Core,RRID:SCR_021832,University of Ottawa,Ottawa,ON,Canada,https://med.uottawa.ca/core-facilities/facilities/pre-clinical-imaging,"Clinical Imaging - Small Animal (luminescence/fluorescence),Clinical Imaging - Small Animal (X-ray, Ultrasound, microCAT, MRI),Consultation,Customized Protocols,End-to-end Service,Image Processing And Analysis,In-vivo Imaging,Irradiation,Magnetic Resonance Imaging (MRI),Optical Imaging,Protocol Development,Training,Ultrasonic Imaging","The Preclinical Imaging Core (PCIC) Facility offers internal and external clients end-to-end experimental solutions to carry out animal studies requiring in vivo imaging, including consultations, research plan design, protocol development, data collection, analysis, and reporting. PCIC offers modalities like MRI and ultrasound enabling translational research."
UO-Genome Editing and Molecular Biology facility,RRID:SCR_022954,University of Ottawa,Ottawa,ON,United States of America,https://www2.uottawa.ca/faculty-medicine/core-facilities/gem,"Cloning,Consultation,CRISPR,CRISPR/Cas Project Design,DNA Analysis","A facility assisting researchers in mammalian genome editing and molecular biology, including CRISPR genetic libraries and screens as well as custom viral vector/particle production. Projects are customized to the researchers needs, from full-service cell line creation to design and cloning."
uOttawa - Bioinformatics Core Facility,RRID:SCR_022466,University of Ottawa,Ottawa,ON,Canada,http://www.ohri.ca/bioinformatics,"Computational - Bioinformatics,Computational - Biostatistics","We are a Core Facility of the University of Ottawa and the Ottawa Hospital Research Institute. We provide advice on bioinformatics research design, conduct bioinformatics analysis, and provide support for grant proposals that involve bioinformatics (including conducting pilot studies, support/collaboration letters and methodological text)
 
 Our areas of expertise include:
 
 Analysis of high-throughput sequencing data; single cell (Chromium 10x), RNA-seq (including small RNA), ChIP-seq, ATAC-seq, Hi-C.
 Large scale analysis integrating multiple data types
 We have experience with many..."
Center for Host-Microbial Interactions,RRID:SCR_022310,University of Pennsylvania,Philadelphia,PA,United States,https://hostmicrobe.org/,"10x Genomics,ATAC-Seq,ChIP-Seq,CITE-seq,Consultations,Data Processing,DNA Analysis,DNA Isolation,Genomics,Long Read Sequencing,Metagenomics Analysis,Microbiome,Nucleic Acid Extraction,Pyrosequencing,Real-time qPCR,RNA Integrity,RNA Isolation,RNAseq,Sequencing - DNA Sequencing,Sequencing - Next Generation Sequencing (NGS),Sequencing - Pyrosequencing,Single-Cell Analysis,Single-cell Sequencing,Training,Whole Genome Sequencing","We study the biological basis of diseases caused by microbes – whether it be a parasitic worm, a pathogenic bacterium, or a complex microbial community in the gut. Our group makes up the Center for Host-Microbial Interactions, at PennVet, and our research leverages a diverse skill set that cuts across the disciplines of genomics, microbiology and immunology. We engage in collaborative projects that benefit from close interactions with veterinarians and human clinicians alike. Our research embodies the idea of One-Health - that humans, animals and the environment are interconnected, and..."
Penn Cytomics and Cell Sorting Shared Resource Laboratory at the University of Pennsylvania,RRID:SCR_022376,University of Pennsylvania,Philadelphia,PA,United States of America,https://www.med.upenn.edu/cytomics/,"Cell Sorting,Consultation,Experimental Design,FACS Cell Sorting,Flow Cytometric Analysis,Flow Cytometry,Flow Cytometry Data Analysis,High Dimensional Flow Cytometry Analysis,Sample Preparation,Single-Cell Analysis,Spectral Flow Cytometry,Training","Penn Cytomics is the sole flow cytometry shared resource laboratory (SRL) at the University of Pennsylvania. Our facility has 35+ instruments, which include analyzers and cell sorters, several of which have spectral and imaging capabilities. We also have a dual-fluorescence cell counter/viability instrument and a tissue dissociator for cell preparation. We provide both on-site and off-site support to our instrument users, including analyzer and cell sorter training. We also have a research and development team that collaborates/consults with principal investigators in developing..."
Penn Electronic Design Shop,RRID:SCR_021107,University of Pennsylvania,Philadelphia,PA,United States of America,https://web.sas.upenn.edu/electronicshop/,"Electronic Medical Device Prototyping,Electronics & Fabrication Shop,Product Life-Cycle Management, Medical Device Development","Provide electronic expertise to researchers in the area of basic research and/or Medical device development: 
 Embedded systems (Firmware, Hardware, and Software solutions) applied to concrete challenges in the research community.
 - Electronic prototype design services.
 PLM (Product Life-cycle Management) for electronic design. 
 - We can also support Product Management from concept to final customer deployment. We have the expertise to make an electronic device a complete consumer product that can be deployed for mass production.
 - Sustaining and maintenance engineering for electronic..."
Penn Vet Imaging Core,RRID:SCR_022764,University of Pennsylvania,Philadelphia,PA,United States,https://www.vet.upenn.edu/research/core-resources-facilities/imaging-core,"Confocal Microscopy,Confocal/ Super Resolution Microscope,Deconvolution,Fluorescence Lifetime,High Content Screening,Immunofluorescence ,In-vivo Imaging,Live Cell Imaging,Microscopy,Multiphoton Microscopy,Multiphoton/ Harmonic Generation Microscope,Spinning Disk Confocal Imaging,Super-resolution Microscopy,TIRF Microscopy,Training,Widefield Microscopy","The Penn Vet Imaging Core provides access to variety of light microscope systems to perform widefield, confocal, 2-photon/multiphoton, second harmonic generation, total internal reflection (TIRF), and high content imaging."
University of Pennsylvania - Center for Advanced Magnetic Resonance Imaging and Spectroscopy,RRID:SCR_022398,University of Pennsylvania,Philadelphia,PA,United States,https://www.med.upenn.edu/camris/,"Functional Magnetic Resonance Imaging (fMRI),Magnetic Resonance Imaging (MRI),MR Spectroscopy",Center for Advanced Magnetic Resonance Imaging and Spectroscopy (CAMRIS) is a Radiology research core at the University of Pennsylvania’s Perelman School of Medicine providing oversight in the responsible use and application of Magnetic Resonance (MR) in research at Penn. CAMRIS oversees eight state-of-the-art whole-body MR scanners and provides scanning services by experienced technologists to a diverse community of investigators conducting innovative human and animal research.
University of Pennsylvania Penn Vet Comparative Pathology Core Facility,RRID:SCR_022438,University of Pennsylvania,Philadelphia,PA,United States of America,https://www.vet.upenn.edu/research/core-resources-facilities/comparative-pathology-core,"Consultation,Cryostat Histology,Fluorescence Microscope With Optical Sectioning Capability,Processing &amp; Embedding- Histology,Scanning 20X Brightfield,Scanning 20X Fluorescent,Scanning 40X Brightfield,Veterinary Pathology","Provides support to investigators utilizing animal models to study disease. Comparative Pathology Core, Abramson Cancer Center shared resource, provides expert pathological characterization and validation of mouse and other animal models used in biomedical research by offering expertise of board certified veterinary pathologists and access to histology, immunohistochemistry, and digital pathology services."
University of Pennsylvania Perelman School of Medicine IBI Clinical Research Informatics Core Facility,RRID:SCR_022409,University of Pennsylvania,Philadelphia,PA,United States of America,https://ibicic.med.upenn.edu/,"Computational - Bioinformatics,Computational - Biostatistics,Data Analysis,Data Analysis And Interpretation,Data Processing,Data Processing And Interpretation,Data Visualization,Phenotyping","The Institute for Biomedical Informatics (IBI) Clinical Research Informatics Core (CIC) provides data brokering and analytics services of clinical data for clinical and translational research in which the goal is to learn actionable healthcare knowledge and develop impactful solutions for improving patient care. We specialize in data extraction, integration, standardization, and analytics of clinical data from the electronic health record (EHR) as well as research databases including PennG&P, Penn COVID-19 i2b2 database, and the IQVIA Medical Record Database using artificial intelligence,..."
University of Pennsylvania Perelman School of Medicine Rodent Cardiovascular Phenotyping Core Facility,RRID:SCR_022419,University of Pennsylvania,Philadelphia,PA,United States of America,https://www.med.upenn.edu/cvi/mouse-cardiovascular-phenotyping-core.html,"Phenotyping,Surgical Services","The RCPC provides an array of services to: 1) assess cardiovascular function in rodents, including genetically modified lines; and 2) to provide validated surgical models of human heart and vascular disease in order to probe disease mechanisms and to assess therapeutic interventions. We will work with investigators to design and implement the study along with any associated grant applications, animal protocol submissions and manuscript preparation. While the central focus of the facility is cardiovascular research, the imaging and surgical techniques employed are often useful to..."
University of Pennsylvania Perelman School of Medicine Small Animal Imaging Core Facility,RRID:SCR_022385,University of Pennsylvania,,,United States of America,https://www.pennmedicine.org/departments-and-centers/department-of-radiology/radiology-research/core-facilities/saif-small-animal-imaging-facility,"Bioluminsecence Imaging,Computed Tomography (CT),Magnetic Resonance Imaging (MRI),Positron Emission Tomography (PET),SPECT Imaging","Core provides comprehensive suite of imaging modalities including magnetic resonance imaging (MRI), spectroscopy (MRS), optical imaging (including bioluminescence, fluorescence, and near-infrared imaging), computed tomography (CT), positron emission tomography (PET), single photon emission computed tomography (SPECT), and ultrasound (US). In addition, dedicated housing is available for mice and rats undergoing longitudinal imaging studies. Ancillary facilities and resources of SAIF are devoted to radiochemistry and image analysis."
University of Pennsylvania Perelman School of Medicine Stem Cell and Xenograft Core Facility,RRID:SCR_010035,University of Pennsylvania,Philadelphia,PA,United States of America,https://www.med.upenn.edu/scxc/,"Animal Husbandry,Bioethics Consultation Support,Colony Management,Consultation,Experimental Design,FACS Cell Sorting,Flow Cytometry,HIS Mice Production,Project Management,Rodent Study ,Surgical Services,Training,Xenograft / Xenotransplantation","Offers in vivo services specializing in immunodeficient and xenograft models (PDX, humanized immune system). Facility has dedicated BSL2 barrier space equipped with optical imaging, for applications ranging from immunotherapy, cancer biology, infectious diseases and regenerative medicine. 
 
 Offers services centered around repository of live and fully annotated cells from adult patients with hematologic malignancies (AML, ALL, MPN, MDS), and hematopoietic stem/progenitor cells from healthy donors (BM, CB, and FL)."
UPenn-Bollinger Digital Fabrication Laboratory,RRID:SCR_024735,University of Pennsylvania,Philadelphia,PA,United States,https://www.library.upenn.edu/holman/bollinger-digital-fabrication,"3D Printing,3D Visualization,Laser Cutting/Engraving,Laser Scanning","The Judith and William Bollinger Digital Fabrication Laboratory is proud to provide fabrication services and consultations contributing to innovation in teaching, learning, research, and clinical care at the University of Pennsylvania."
Cell Imaging Core,RRID:SCR_025132,University of Pittsburgh,Pittsburgh,PA,United States,https://www.pediatrics.pitt.edu/research/cores-and-research-support/cell-imaging-core-laboratory,"Image Aquisition,Image Data Management,Immunofluorescence ,Immunohistochemistry","Cell and Tissue imaging on confocal microscopes.
 1. Zeiss LSM 710 confocal
 2. Leical Sp8 confocl.
 3. Leica Stellaris 5 confocal"
Center for Research Computing,RRID:SCR_022735,University of Pittsburgh,Pittsburgh,PA,United States,crc.pitt.edu,High Performance Computing,The Center for Research Computing supports leading-edge research with free access to advanced computing hardware and software.
Health Sciences Sequencing Core at UPMC Children's Hospital of Pittsburgh,RRID:SCR_023116,University of Pittsburgh,Pittsburgh,PA,United States,www.nextgen.pitt.edu,"ATAC-Seq,ChIP-Seq,Custom Library Prep Service,Digital PCR,Molecular Library Services,Nucleic Acid Extraction,RNA Isolation,RNAseq,Sequencing - Next Generation Sequencing (NGS)","The Health Sciences Sequencing Core at UPMC Children’s Hospital of Pittsburgh offers Illumina next generation sequencing services to the University of Pittsburgh research community. 
 
 Our personnel are experts in next generation sequencing technologies and are committed to remaining abreast of advances that will impact the research effort of investigators. We encourage you to contact our Assistant Director to arrange for a consultation. Our staff is available to share their experience and expertise to assist with development of projects of all sizes, standard or custom assay design, and..."
Luminex Core Laboratory,RRID:SCR_025134,University of Pittsburgh,Pittsburgh,PA,United States,https://hillmanresearch.upmc.edu/research/facilities/cancer-proteomics/luminex-core-laboratory/,"Assays and Measurements,Cytokine Assays,Data Analysis,Immunoassay,Luminex Bead Based Cytokine Assays,Luminex Services,Proteomics,Proteomics Analysis,Sample Preparation","Our facility utilizes the LabMAP™ system developed by Luminex Corporation. Luminex technology is a flexible, easy-to-use protein analysis system that permits the simultaneous quantitative analysis of up to 100 different proteins, peptides, or RNA molecules in a single microtiter well. We use all commercially available assays. Millipore, R&D Systems, Bio-Rad, and Thermofisher offer a robust network of assays for many different species and sample types. The useful nature of being able to multiplex and customize markers enables advanced detection of useful biomarkers."
Microscopy and Imaging Suite,RRID:SCR_022084,University of Pittsburgh,Pittsburgh,PA,United States of America,http://researchservices.pitt.edu/facilities/microscopy-and-imaging-suite,"3D & 4D Image Processing Stations,Analysis Workstations,Confocal Microscopy,Confocal/ Super Resolution Microscope,Flow Cytometric Analysis,Flow Cytometry Data Analysis,Fluorescence Microscope With Optical Sectioning Capability,Training","The Microscopy and Imaging Suite is located at 101 Langley Hall. It is a shared facility equipped with state-of-the-art instruments for optical and electron microscopy, and Flow Cytometry. We are open to all members at the University of Pittsburgh and outside users. We are happy to assist students and researchers with their projects in all aspects. Please contact Chaowei Shang for experimental design, equipment training, staff-operated image acquisition, and image analysis. All users must be trained by Facility staff to access the equipment"
University of Pittsburgh Dietrich School Electronics Shop Core Facility,RRID:SCR_025113,University of Pittsburgh,Pittsburgh,PA,United States,https://researchservices.pitt.edu/facilities/electronics-shop,"Electronic Design,Electronics & Fabrication Shop,Electronics Repair","Core specializes in electronics design, fabrication, and repair of research equipment and instrumentation."
University of Pittsburgh Dietrich School Glass Shop Core Facility,RRID:SCR_023719,University of Pittsburgh,Pittsburgh,PA,United States,http://researchservices.pitt.edu/facilities/glass-shop,Glassblowing,"The Glass Shop in the Dietrich School of Arts & Sciences at the University of Pittsburgh is responsible for fabricating and repairing intricate pieces of glassware and apparatus, as well as constructing complete high vacuum systems."
University of Pittsburgh Dietrich School Mass Spectrometry Facility,RRID:SCR_025123,University of Pittsburgh,Pittsburgh,PA,United States,https://researchservices.pitt.edu/facilities/mass-spectrometry-lab,"Mass Spectrometry,Mass Spectrometry - Proteins And Peptides,Mass Spectrometry - Small Molecules",This facility has walk up and sample submission for small molecule through some proteomics capabilites
University of Pittsburgh Dietrich School Materials Characterization Laboratory,RRID:SCR_025127,University of Pittsburgh,Pittsburgh,PA,United States,https://researchservices.pitt.edu/facilities/materials-characterization-lab,"Atomic Force Spectroscopy,FT-IR,HPLC,HPLC-UV,Lyophilization,Magnetic Force Microscopy (MFM),Optical Spectroscopy,Photoelectron Spectroscopy,Shared Instrumentation Oversight & Maintenance,Spectroscopy","This facility maintains a large array of instrumentation for the production and analysis of complex materials, including nanoparticles, thin films, polymers, ceramics, and molecular electronics. In addition, the MCL oversees the operations of the Department's Biological Instrumentation Cluster which provides access to specialized equipment used in molecular biology and biological chemistry."
University of Pittsburgh Dietrich School NMR Facility,RRID:SCR_025126,University of Pittsburgh,Pittsburgh,PA,United States,https://researchservices.pitt.edu/facilities/nmr-spectroscopy-lab,"Consultation,Consultations,Data Analysis,Data Analysis And Interpretation,Data Processing,Data Processing And Interpretation,NMR Medicinal Chemistry Support,NMR Quality Control For Biologic Drugs,NMR Quality Control For Biosimilars,Nuclear Magnetic Resonance (NMR)",This facility specializes in training users in both solution phase and solid state NMR across all active nuclei and multiple NMR experients
University of Pittsburgh Dietrich School X-ray Crystallography Facility,RRID:SCR_025125,University of Pittsburgh,Pittsburgh,PA,United States,https://researchservices.pitt.edu/facilities/x-ray-crystallography-lab,"X-Ray Crystallography,X-ray Diffraction and Scattering","This facility provides sample submission services for small molecule crytalography,"
University of Pittsburgh Nanoscale Fabrication and Characterization Core Facility,RRID:SCR_025124,University of Pittsburgh,Pittsburgh,PA,United States,www.nano.pitt.edu,"Atomic Force Spectroscopy,Atomic Layer Deposition,Conductive AFM,EDX,Electron Beam Lithography,Electron Microscopy,Focused Ion Beam (FIB),Microscopy,Nanofabrication,Photoelectron Spectroscopy,Photolithography,Physical Vapor Deposition,Raman Spectroscopy,X-ray Diffraction and Scattering","cleanroom, nano and micro fabrication, electron imaging and surface analysis"
University of Pittsburgh Single Cell Core,RRID:SCR_025110,University of Pittsburgh,Pittsburgh,PA,United States,https://singlecell.pitt.edu/,"10x Genomics,Genomics,Single Nucleus Dissociation & Sequencing (FFPE Or Frozen),Single-Cell Analysis,Single-cell Sequencing","The Single Cell Core offers single cell sequencing to the University of Pittsburgh and surrounding communities. Our services include single cell gene expression, immune profiling, ATAC, and multiome analysis."
UPitt- Organoid Research Core,RRID:SCR_025698,University of Pittsburgh,Pittsburgh,PA,United States of America,https://www.organoids.pitt.edu/,"Assay Development,Assays and Measurements,BioBanking,Cell Culture,Consultation,Customized Protocols,Data Analysis And Interpretation,Immunofluorescence ,Organoids,Protocol Development","The ORC has a large collection of unique patient-derived organoids (PDOs) from breast cancer tissue. Our experienced staff provides high-quality training in organoid development and culture, consultation services to assist with experimental design, execution, and data analysis."
UPitt-Advanced Imaging Center,RRID:SCR_025139,University of Pittsburgh,Pittsburgh,PA,United States,http://aic.pitt.edu,Magnetic Resonance Imaging (MRI),The AIC has instrumentation and expertise for high-field Preclinical Magnetic Resonance Imaging and Magnetic Resonance Microscopy. The facility has two instruments: a Bruker 9.4 Tesla/30 cm AVANCE 3 HD scanner and a Bruker 11.7 Tesla 89 mm AVANCE 3 HD micro imaging system.
RI-INBRE Molecular Informatics Core,RRID:SCR_017685,University of Rhode Island,Kingston,RI,United States of America,https://web.uri.edu/riinbre/mic/,"10x Genomics,3D Printing,3D Visualization,All Of Us,Computational - Bioinformatics,Consultations,Data Analysis,Data Analysis And Interpretation,Data Visualization,DNA Analysis,Genome/Transcriptome Assembly And Annotation,Genomics,Metabolomics,Metagenomics Analysis,Microbiome,Outreach,Proteomics Analysis,RNA analysis,Sequencing - DNA Sequencing,Sequencing - Next Generation Sequencing (NGS),Single-Cell Analysis,Terra,Training,Variant Analysis,Virtual And Augmented Reality,Whole Genome Sequencing","The RI-INBRE Molecular Informatics Core provides services in sequencing (Illumina MiSeq, Sanger), bioinformatics analysis, access to molecular modeling software, and development of virtual reality applications. We are an NIH Data Sciences Core for Biomedical Research serving the Rhode Island community and are able to provide services to both biomedical and environmental researchers."
Rochester Human Immunology Center Core Laboratory,RRID:SCR_018670,University of Rochester,Rochester,NY,United States of America,https://www.urmc.rochester.edu/rochester-human-immunology-center.aspx,"Assays and Measurements,Blood Processing,Cell Culture,Cell Imaging,Cell Sorting,Computational - Application Development,Flow Cytometric Analysis,Imaging Flow Cytomtry,Mass Cytometry,Outreach,Protocol Development/Clinical Trial Coordination,Spectral Flow Cytometry,Tissue Culture","Modern immunological techniques are sophisticated and powerful, and can be applied effectively to many basic and clinical projects. However, it is difficult for any one investigator to become expert in all of these complex techniques and expertise in immunology is typically spread across different Departments. The Human Immunology Center (HIC) within the David H. Smith Center for Vaccine Biology and Immunology has been established to acquire, refine and develop expertise in cutting-edge techniques and to support applications in Human Immunology research. The HIC is designed with..."
UR Genomics Research Center (URGRC),RRID:SCR_012359,University of Rochester,Rochester,NY,United States of America,https://www.urmc.rochester.edu/research/rochester-genomics-center.aspx,"10x Genomics,CDNA Synthesis,Data Analysis,DNA Analysis,Genomics,Genotyping,Microarray,Nucleic Acid Extraction,Real-time qPCR,RNA analysis,RNA Integrity,RNA Isolation,RNAseq,Sequencing - Capillary Sequencing,Sequencing - DNA Sequencing,Sequencing - Next Generation Sequencing (NGS),Sequencing - Pyrosequencing,Single-Cell Analysis,Single-cell Sequencing,TaqMan Arrays,Tissue Extraction,Whole Exome Sequencing,Whole Genome Amplification (WGA),Whole Genome Sequencing","The UR Genomics Research Center (GRC), located at the James P. Wilmot Cancer Institute, provides core laboratory support, technical consultation, assistance with experimental design and data analysis for investigators using high-throughput genomic sequencing, genotyping and gene expression in their research programs.
 
 The URGRC currently provides support for RNA-Seq, ATAC-seq, ChIP-Seq, Single Cell RNA-seq, Spatial Transcriptomics, Exome/Genome sequencing, Whole Genome and Reduced Representation Bisulfite Sequencing (WGBS, RRBS), 16S rRNA Sequencing, Small RNA-Seq, Metatranscriptomics,..."
URMC Light Microscopy Resource,RRID:SCR_023177,University of Rochester,Rochester,NY,United States of America,http://www.urmc.rochester.edu/confocal-conventional-microscopy/index.cfm,"Cell Imaging,Confocal Microscopy,Data Analysis,Laser Capture Microdissection,Microscopy,Molecular Imaging,Multiphoton Microscopy,Optical Imaging",This is URMCs resource for Conventional (Brightfield) microscopy and confocal microscopy.
Cold Storage Core,RRID:SCR_023197,University of Rochester Medical Center,Rochester,NY,United States,https://www.urmc.rochester.edu/research/cold-storage-core.aspx,"Biorepository,Bioshipping,Cold Storage",The Cold Storage Core provides a controlled environment designed for the long-term storage of clinical/research materials in -20ºC or -80ºC freezers and in liquid nitrogen freezers.
Electron Microscopy Resource,RRID:SCR_012366,University of Rochester Medical Center,Rochester,NY,United States,https://www.urmc.rochester.edu/research/electron-microscope.aspx,"Biological photography/Photomicrography,Cell Imaging,Consultation,Consultations,Cryo-Electron Microscopy,Electron Microscopy,Image Aquisition,Immuno Electron Microscopy,Microscopy,Microtomy/Electron,Sample Preparation,Scanning Electron Microscopy,Transmission Electron Microscopy","The Electron Microscopy Resource supports ultra-structural interrogation of tissues, biologic solutions and nanomaterials for investigators utilizing transmission electron microscopy (TEM), scanning electron microscopy (SEM) and cryo-TEM."
Flow Cytometry Resource,RRID:SCR_012360,University of Rochester Medical Center,Rochester,NY,United States,https://www.urmc.rochester.edu/research/flow-core.aspx,"Analysis Workstations,Assay Development,Assays and Measurements,Automated Immunoassay Platforms,Cell Imaging,Cell Sorting,Clinical Trial Support,Computational - Application Development,Computational - Bioinformatics,Consultation,Consultations,CyTOF,Cytokine Assays,Data Analysis,Data Analysis And Interpretation,Data Visualization,DNA Analysis,FACS Cell Sorting,Flow Cytometric Analysis,Flow Cytometry Data Analysis,Imaging Flow Cytometry,Imaging Flow Cytomtry,Immune Monitoring,Immunoassay,Light Scattering,Luminex Bead Based Cytokine Assays,Luminex Services,Mass Cytometry,Multi-color Flow Cytometry,Nanosight Nanoparticle Analysis,Protocol Development,RNA Flow Cytometry,Spectral Flow Cytometry,Staining,Training","The URMC Flow Cytometry Resource is equipped with a wide array of instrumentation that is rarely matched the world over. This includes 8 traditional analytical cytometers, two full spectrum cytometers, 3 cell sorters, 2 imaging cytometers, a small(nano) particle detection system, a Metabolomics instrument, a BioPlex200, and a mass cytometer."
Mass Spectrometry Resource Laboratory,RRID:SCR_023106,University of Rochester Medical Center,Rochester,NY,United States,https://www.urmc.rochester.edu/research/mass-spectrometry.aspx,"Affinity Purification Mass Spectrometry (APMS),BCA,Consultation,Consultations,Consulting,Data Analysis,Data Analysis And Interpretation,Data Processing,Data Processing And Interpretation,Desalting,DIA-NN Analysis Software,Global PTM Mapping,High PH Fractionation,HPLC,HRAM Mass Spectrometry,Label Free Quantitative Proteomics,Labeled Quantitative Proteomics -TMT And Other Labeling,Lysis,MagNet EV Proteomics,Mass Spectrometry,Mass Spectrometry - Proteins And Peptides,Mass Spectrometry - Small Molecules,Nano-LC-MS -complex Mixtures,Neat Plasma Proteomics,Phosphoproteomics,Plasma Proteomics,Protein Post-translational Modification (PTM) Identification,Protein Profiling And Quantitation (Label-Free Quantitation, TMT, SILAC),Proteome Discoverer Analysis Software,Proteomics,Proteomics Analysis,Quantitative Phosphoproteomics,Quantitative Proteomics - TMT,Sample Preparation,SDS-PAGE,Targeted Proteomics (PRM),Targeted Small Molecule Quantitation (MRM),TMT-Quantitation,Training,Untargeted Mass Spectrometry","The Mass Spectrometry Resource Laboratory (MSRL) provides instrumentation and technical expertise to local researchers seeking to conduct MS-based protein or small molecule assays. 
 
 Staff within the MSRL provide assistance with project design, sample preparation, collection and interpretation of mass spectrometric data. 
 
 Common analyses include the identification of unknown proteins, characterization of protein complexes, mapping of post-translational modifications (PTMs) and quantitation of peptides and small molecules from a range of sample types, including complex clinical..."
Metabolomics Resource,RRID:SCR_024998,University of Rochester Medical Center,Rochester,NY,United States,https://www.urmc.rochester.edu/research/center-for-advanced-research-technologies/metabolomics-resource.aspx,"Assay Development,Biochemical Analysis,Consultations,Data Analysis,Data Processing,Discovery Science,HPLC,HRAM Mass Spectrometry,LC-MS,Lipidomics,Mass Spectrometry,Mass Spectrometry - Small Molecules,Metabolomics,Metabolomics Platform,Sample Preparation,Sample Preparations And Metabolic Quenching,Small Molecule Characterization,Stable Isotope Tracing,Training,Untargeted Mass Spectrometry",Specializing in metabolomic analysis.
UoS Core Genomic Facility,RRID:SCR_017912,University of Sheffield,Sheffield,,United Kingdom,http://genetics.group.shef.ac.uk/index.html,"Assays and Measurements,BioBanking,Data Analysis,DNA Analysis,Genomics,Genotyping,Nucleic Acid Extraction,oligo synthesis,Real-time qPCR,RNA analysis,RNA Integrity,Sequencing - Capillary Sequencing,Sequencing - DNA Sequencing","The Core Genomic Facility was established in 1994 to provide a DNA sequencing service to University of Sheffield researchers. Over recent years our service has expanded and we now offer DNA extraction, cell line identification and microsatellite analysis. In addition to scientists at the University of Sheffield, we also serve researchers from a host of UK and European academic institutes in addition to private sector companies."
SD-BRIN Proteomics Core Facility,RRID:SCR_017743,University of South Dakota,Vermillion,SD,United States of America,http://www.usd.edu/medicine/basic-biomedical-sciences/proteomics-core,"Computational - Bioinformatics,Consultations,Customized Protocols,Data Analysis,Data Analysis And Interpretation,Data Processing,Data Processing And Interpretation,Data Visualization,HPLC,Label Free Quantitative Proteomics,Mass Spectrometry,Mass Spectrometry - Proteins And Peptides,Molecular Imaging,Phosphoproteomics,Phosphor Imaging,Proteomics,Shared Instrumentation Oversight & Maintenance,Western Blot","The SD BRIN/USD Proteomics Core Facility provides state-of-the-art proteomics services to researchers from South Dakota, as well as nationwide and internationally. Since 2002, the USD PCF has been providing proteomics analyses, training in the use of common instrumentation such as scanner, spot cutter, imaging software, technique, and search engine tools for protein identification. Moreover, help in resolving protocol issues, sample preparation, data analysis and visualization, grant application support and proteomics requirement to submit data to specialize per review journals. Our goal..."
Fred Wright Flow Cytometry Core,RRID:SCR_017901,University of South Florida,Tampa,FL,United States of America,http://health.usf.edu/medicine/corefacilities/flowcytometry,"Cell Sorting,Flow Cytometric Analysis","For analysis the facility has a 4 laser 15 color BD LSRII and a 3 laser 8 color BD FacsCantoII. For sorting a 4 laser 13 color BD FacsAria IIu and a Miltenyi AutoMacs magnetic sorter. We can provide help with designing, running and analyzing experiments."
CHLA-Extracellular Vesicle Core,RRID:SCR_022143,University of Southern California,Los Angeles,CA,United States of America,https://www.chla.org/research/extracellular-vesicle-core,"Exosomes Characterisation,Gel Chromatography,Nanosight Nanoparticle Analysis,Real-time qPCR,RNA Isolation,Sample Preparation,SP-IRIS,Tangential Flow Filtration,Western Blot","The CHLA EV core provides isolation, characterization, and analysis of extracellular vesicles ."
UT/JIAM X-Ray Diffraction Core,RRID:SCR_018677,University of Tennessee at Knoxville,Knoxville,TN,United States of America,www.jiamdiffraction.com,X-ray Diffraction and Scattering,"The JIAM X-ray Diffraction Core Facility provides users with access to both the Panalytical X'Pert3 MRD and Panalytical Empyrean XRD platforms to perform a variety of X-ray diffraction experiments (phase identification, phase quantification, crystallite size and microstrain determination, pole figures, residual stress, high-temperature in situ measurements, etc.). These instruments are available for both assisted and unassisted use (with prior approval)."
AIMS Mass Spectrometry Laboratory,RRID:SCR_022210,University of Toronto,Toronto,ON,Canada,uoft.me/AIMS,"Biochemical Analysis,GC,HPLC,Mass Spectrometry,Mass Spectrometry - Proteins And Peptides,Mass Spectrometry - Small Molecules","The AIMS Mass Spectrometry Laboratory (Advanced Instrumentation for Molecular Structure) is the core mass spectrometry facility located in the Department of Chemistry, University of Toronto. The facility was established in 2005 and houses several mass spectrometers. The laboratory currently accepts samples from researchers within the Department of Chemistry and the University of Toronto as well as clients from other universities, hospitals and private industry. Services offered include:
 
 High resolution, accurate mass determinations of small molecules via EI, ESI and DART ionization
..."
HSC Cell Imaging Core,RRID:SCR_023496,University of Utah,Salt Lake City,UT,United States,https://cores.utah.edu/cell-imaging/,"In-vivo Imaging,Scanning 20X Brightfield,Scanning 20X Flourescent,Scanning 40X Brightfield,Scanning 40X Fluorescent","The HSC Cell Imaging Core offers exceptional services to both internal and external researchers at the University of Utah, as well as customers from various companies. Our core provides access to cutting-edge optical microscopes and imaging analysis software, and our experienced members offer comprehensive training for patrons to use the core or take advantage of our Assisted Imaging service. Additionally, we can offer extensive collaboration for complex projects. With the support of the University and our patrons, the HSC Cell Imaging Core has expanded to six different locations, making..."
Advanced Genome Technologies Core Massively Parallel Sequencing Facility,RRID:SCR_022696,University of Vermont,Burlington,VT,United States of America,https://www.med.uvm.edu/vigr/mpsf,"10x Genomics,ATAC,ATAC-Seq,Capillary Electrophoresis,CDNA Synthesis,Cell Line Authentication,Cell Lines For SARS-CoV-2 Research,ChIP-Seq,CITE-seq,Consultation,Copy Number Variation (CNV),Data Analysis,Digital PCR,Droplet Digital PCR,Genomics,Genotyping,Long Read Sequencing,Metabtranscriptomic,Metagenomics Analysis,Metatranscriptomics,Microbiological Culturing,Microbiome,Nanopore Sequencing,Nucleic Acid Extraction,Protocol Development,Proximity-Ligation,Real-time qPCR,Ribosomal Reduction ,RNA analysis,RNA Integrity,RNA Isolation,RNA Modification Analysis,RNAseq,SARS-CoV-2 Strain Sequencing,SARS-CoV-2 Wastewater Testing,Sequencing - Next Generation Sequencing (NGS),Single-Cell Analysis,Single-cell Sequencing,Spatial Transcriptomics,TaqMan Arrays,Tissue Extraction,Whole Genome Amplification (WGA),Whole Genome Sequencing","This facility is centrally located on the third floor of the Health Science Research Facility and includes infrastructure that provides comprehensive support for the design, execution, and analysis of experiments involving Next Generation Sequencing through access and use of the Illumina HiSeq 1500 sequencer. All next generation sequencing projects are reviewed using an integrated approach to experimental design, workflow, and sample collection in collaboration with the UVM bioinformatics core facilities to ensure high quality results. The facility is directed by Julie Dragon and Scott..."
Bioinformatics Shared Resource,RRID:SCR_027493,University of Vermont,Burlington,VT,,https://www.med.uvm.edu/bsr/home,"Bioinformatics,Data Modeling,Pipeline Development,Training","The BSR offers a wide range of bioinformatics and data modeling services. Our focus is on support for reproducible, well documented, containerized, nextflow pipelines customized to address the specific research questions and biological systems of the investigators we work with. We offer all levels of support from preprocessing -omics data, through data integration and manuscript support, based on grant support or a fee-for-service mechanism. We provide training for students and PIs in the form of individual help, seminars, and workshops."
Flow Cytometry and Cell Sorting Facility,RRID:SCR_022147,University of Vermont,Burlington,VT,United States of America,http://www.med.uvm.edu/flowcytometry/home,Cell Sorting,The Harry Hood Bassett FCCS Facility is located Given Medical Research Building Room FMRB 161/150M.
Functional Brain Imaging Core,RRID:SCR_023546,University of Vermont,Burlington,VT,United States of America,http://www.med.uvm.edu/mricenter/home,"Functional Brain Imaging,Magnetic Resonance Imaging (MRI)","The Functional Magnetic Resonance Brain Imaging Program (FMR-BIP) is located within the Clinical Neuroscience Research Unit (CNRU) of the Department of Psychiatry. Its primary goal is to perform functional brain imaging studies collaboratively with the Department of Radiology utilizing the new 3 Tesla Phillips Achieva scanner and the CNRU experimental image capture and analysis system. In addition, the FMR-BIP works collaboratively with other laboratories within the Psychiatry Department to serve mutual research interests. The FMR-BIP collaborates across the Neuroscience Consortium with..."
UVM - IMF Labs,RRID:SCR_021355,University of Vermont,Burlington,VT,United States of America,https://www.uvm.edu/research/imf,"3D Printing,Fabrication,Machining",IMF Labs specializes in the design and development of prototypes to advance research. Experienced design engineers are on staff to complete product development in Solidworks and testing in Labview. A comprehensive machine shop exists to turn a variety of materials into functional prototypes.
UVM - Microscopy Imaging Center,RRID:SCR_018821,University of Vermont,Burlington,VT,United States of America,http://www.med.uvm.edu/mic,"3D Visualization,Analysis Workstations,Assays and Measurements,Atomic Force Spectroscopy,Bioethics Consultation Support,Biological photography/Photomicrography,Cell Imaging,Clinical Assessment (Hematology, Clinical Chemistries, etc.),Clinical Research,Confocal Microscopy,Consultations,Cryo-Electron Microscopy,Data Analysis,Data Processing And Interpretation,Electron Microscopy,Exosomes Characterisation,F.I.S.H.,High-throughput Screening,Histology,Human Pathology Services - Diagnostics & Consultation,Image Processing And Analysis,Immuno Electron Microscopy,Immunohistochemistry,In Situ Hybridization,In-vivo Imaging,Laser Capture Microdissection,Live Cell Imaging,Microscopy,Molecular Imaging,Multiphoton Microscopy,Optical Imaging,Outreach,Prepared Slides,Sample Preparation,Shared Instrumentation Oversight & Maintenance,Slide Scanning,Spectroscopy,Super-resolution Microscopy,Transmission Electron Microscopy,Whole Slide Imaging","At the light and electron microscopic levels, it provides state of the art, quality assured, morphologically oriented services. The MIC is operated on a fee for service basis and provides professional consultation and assistance with equipment use, experimental design and interpretation. 
 The MIC occupies approximately 2000 square feet in the Health Science Research Facility at the University of Vermont and contains the following imaging equipment:
 
 1.JEOL 1400 transmission electron microscope with AMT 11 megapixel digital camera.
 
 2.JEOL JSM 6060 scanning electron microscope with..."
UVM VBRN Proteomics Facility,RRID:SCR_018667,University of Vermont,Burlington,VT,United States of America,https://vbrn.org/proteomics/,"Data Analysis,HRAM Mass Spectrometry,Mass Spectrometry,Phosphoproteomics,Proteomics","VBRN Proteomics Facility is supported by INBRE funding (P20GM103449) and is located in the Firestone Medical Research Building at the University of Vermont. It occupies 1,514 sq ft of lab, data processing unit, office, and consultation space. The Proteomics Facility enables investigators to use an array of state-of-the-art mass spectrometry-based techniques for proteomics experiments, ranging from routine protein identification, post-translational modification characterization and finding protein interacting partners, to large-scale quantitative proteomics analyses using stable isotopes..."
VCCBH Core C - Live Imaging and Physiology Core,RRID:SCR_021289,University of Vermont,Burlington,VT,United States of America,https://www.med.uvm.edu/heartbrainhealth/research_cores/imagingcore,"Cell Imaging,Computational - High Performance Computing,Confocal Microscopy,Data Analysis,Electrophysiology Services,Microscopy,Multiphoton Microscopy,Optical Imaging,Outreach,Shared Instrumentation Oversight & Maintenance","The MIC Live Imaging and Physiology Core is a division of the Microscopy and Imaging Center of the UVM Larner College of Medicine. The Live Imaging and Physiology Core provides a wide range of imaging techniques mainly for live-cell, live-tissue and in-vivo preparations. We maintain a Noran/Prairie Technologies OZ LSCM (laser scanning confocal microscope), a DeltaVision RT restoration microscopy system, a Zeiss LSM 7 MP dedicated multiphoton LSCM, a Nikon TIRF (total-internal reflection fluorescence) system, a Nikon/Yokogawa CSU-W1 spinning disk microscopy system, a Nikon SMZ-1500..."
Vermont Advanced Computing Center (VACC),RRID:SCR_017762,University of Vermont,Burlington,VT,United States of America,http://www.uvm.edu/~vacc/,"Computational - Application Development,Computational - High Performance Computing,Outreach","The Vermont Advanced Computing Center (VACC), in partnership with UVM Enterprise Technology Services (ETS), supports computationally-intensive research and high-performance computing (HPC) services at the University of Vermont (UVM) and its external partners. VACC is a hub for advanced computing outreach and HPC education, holding HPC consulting clinics and campus-wide workshops, and coordinating cyberinfrastructure planning with programs throughout Vermont and the northeast."
Vermont Integrative Genomics Resource,RRID:SCR_021775,University of Vermont,Burlington,VT,United States of America,http://www.med.uvm.edu/vigr/home,"10x Genomics,Computational - Biostatistics,Data Analysis,DNA Analysis,DNA Isolation,Genomics,Genotyping,Real-time qPCR,RNA analysis,RNA Integrity,RNA Isolation,RNA Modification Analysis,RNAseq,Sample Preparation,Sequencing - Capillary Sequencing,Sequencing - DNA Sequencing,Sequencing - Next Generation Sequencing (NGS)","Dry Lab Personnel: Julie Dragon, Korin Eckstrom, Ramiro Barrantes, John Hanley (bioinformatics)
 
 Wet Lab Personnel: Scott Tighe, Kris Finstad, Cassandra Orr
 
 Services: Experimental Design, Metagenomics, Comparative Expression Analyses, Variant Analyses, and Systems Biology"
VT INBRE-Data Science Core,RRID:SCR_017686,University of Vermont,Burlington,VT,United States of America,https://vbrn.org/bioinformatics/,"Computational - Bioinformatics,Consultations,Customized Protocols,Data Analysis,Data Analysis And Interpretation,Data Processing,Data Processing And Interpretation,Data Visualization,Experimental Design,Genome/Transcriptome Assembly And Annotation,Metagenomics Analysis,Metatranscriptomics,Microbiome,Outreach,Pathway Interpretation,Pipeline Development,RNAseq,Single-Cell Analysis,Spatial Transcriptomics,Training",The goal of the Data Science Core is to provide support for the design and analysis of molecular biological experiments. To accomplish this goal we meet with investigators to identify consensus needs and then develop pipelines consisting of support services that efficiently satisfy these needs.
University of Victoria Proteomics Centre,RRID:SCR_024904,University of Victoria,Victoria,BC,Canada,www.proteincentre.com,"3D Printing,Antibody Characterization,Bioanalytical LC MS/MS ,Computational - Bioinformatics,Computational - Biostatistics,Data Analysis,Data Visualization,Imaging Mass Spectrometry,Label Free Quantitative Proteomics,Labeled Quantitative Proteomics -TMT And Other Labeling,LC-MS,Lipidomics,Mass Spectrometry,Mass Spectrometry - Proteins And Peptides,Mass Spectrometry - Small Molecules,Metabolomics,Metabolomics Platform,Nano-LC-MS -complex Mixtures,Peptide Purification,Phosphoproteomics,Proteomics,Proteomics Analysis,Quantitative Phosphoproteomics,Quantitative Proteomics - TMT,Sample Preparation,TMT-Quantitation","The UVic-Genome BC Proteomics Centre is the central hub of the Pan-Canadian Proteomics Centre, Genome Canada’s Genomics Technology Platforms for proteomics technology development and service. In addition, the PC is a founding member of The Metabolomics Innovation Centre, Canada’s leading metabolomics facility, focused on quantitative metabolomics. The Centre has been providing mass spectrometry analytical services to academic, industrial, and government laboratories for over 30 years."
Biorepository & Tissue Research Facility,RRID:SCR_022971,University of Virginia,Charlottesville,VA,United States,https://med.virginia.edu/biorepository-and-tissue-research-facility/,"Image Aquisition,Immunohistochemistry,In Situ Hybridization,Scanning 20X Brightfield,Scanning 40X Brightfield,Spatial Transcriptomics,Tissue MicroArray","A biorepository of human specimens also offering advanced histology services: multi-color immunohistochemistry, in situ hybridization, tissue microarrays, slide scanning, computerized image analysis, NanoString spatial profiling"
Flow Cytometry Core,RRID:SCR_017829,University of Virginia,Charlottesville,VA,United States of America,https://med.virginia.edu/flow-cytometry-facility/,"Assays and Measurements,Cell Imaging,Cell Sorting,CyTOF,Data Analysis,DNA Analysis,Flow Cytometric Analysis,Imaging Flow Cytometry,Luminex Bead Based Cytokine Assays,Mass Cytometry,Multi-color Flow Cytometry,Sample Preparation,Spectral Flow Cytometry","The Flow Cytometry Core Facility provides access to high quality, cost effective comprehensive flow cytometry services. By providing these services, as well as the scientific expertise necessary to effectively use this technology, the facility serves to enhance the scope and quality of scientific research.
 
 With state of the art instrumentation, such as the Influx, Aria Fusion, and Sony MA900, the facility offers 4-6 way high-speed cell sorting and complex analytical services. The facility can offer high dimensional flow analysis with its two Aurora Full Spectral Cytometers capable of..."
UVA Advanced Microscopy Facility,RRID:SCR_018736,University of Virginia,Charlottesville,VA,United States of America,https://med.virginia.edu/advanced-microscopy-facility/,"3D Visualization,Cell Imaging,Confocal Microscopy,Data Analysis,Electron Microscopy,High Content Screening,Image Processing And Analysis,Microscopy,Optical Imaging,Transmission Electron Microscopy",The Advanced Microscopy Facility (AMF) is a state-of-the art microscopy service and shared instrumentation facility in the heart of the University of Virginia biomedical research community. The AMF provides expertise and instrument access for electron and light microscopy imaging technologies as well as image analysis tools and services for basic scientists and clinical researchers within the University of Virginia and across the Commonwealth.
UVA Genome Analysis and Technology Core,RRID:SCR_018883,University of Virginia,Charlottesville,VA,United States of America,https://med.virginia.edu/gatc/,"10x Genomics,Assay Development,CDNA Synthesis,Clinical Research,Consultations,Copy Number Variation (CNV),Customized Protocols,Data Analysis,Data Processing And Interpretation,Digital PCR,DNA Analysis,Genomics,Genotyping,Library Services,Long Read Sequencing,Metagenomics Analysis,Microbiome,Nanopore Sequencing,Real-time qPCR,RNA analysis,RNA Integrity,RNAseq,Sequencing - Next Generation Sequencing (NGS),Shared Instrumentation Oversight & Maintenance,Single-Cell Analysis,Single-cell Sequencing,Whole Exome Sequencing","The mission of the University of Virginia Genome Analysis and Technology Core (GATC) is to serve as a scientific educational resource and biotechnology hub enhancing the scope and quality of basic and translational research. The goal of the core staff is to enable Next Generation Sequencing projects for novice and experienced users, by providing education, and timely assistance in all facets of experimentation from project design and execution to data analysis and reporting. The core champions Scientific Rigor and Reproducibility at all stages of a project life cycle."
UVa-Molecular Electron Microscopy Core,RRID:SCR_019031,University of Virginia,Charlottesville,VA,United States of America,https://med.virginia.edu/molecular-electron-microscopy-core/,"Cryo-Electron Microscopy,Electron Microscopy,Sample Preparation,Transmission Electron Microscopy","The Molecular Electron Microscopy Core (MEMC) is a state-of-the-art facility dedicated to high-resolution electron cryomicroscopy and electron cryotomography. It houses three electron microscopes, a 120kV Spirit, a 200kV F20, a 200kV Glacios, and a 300kV Titan Krios. These microscopes are available to researchers either for direct use, or aided by MEMC personnel, to collect data aimed at high-resolution structural biology projects. 
 
 Funding: The MEMC is supported in part by the School of Medicine and was built with NIH grant G20-RR31199.
 
 In addition, the Titan Krios (SIG..."
Genomics Core Facility,RRID:SCR_022718,University of Warsaw,Warsaw,,Poland,https://cent.uw.edu.pl/en/core-facilities/genomics-core-facility/,"Amino Acid Analysis,ATAC-Seq,CDNA Synthesis,ChIP-Seq,Consultation,Customized Protocols,Data Analysis,Data Processing,Data Visualization,DNA Analysis,Genome/Transcriptome Assembly And Annotation,Genomics,Library Services,Metagenomics Analysis,Metatranscriptomics,Protocol Development,RNA analysis,RNA Integrity,RNAseq,Sequencing - Next Generation Sequencing (NGS),Whole Exome Sequencing,Whole Genome Sequencing","Genomics Core Facility is a highly specialized laboratory dedicated to analysis of RNA and DNA sequence, structure and interactions in biological and biochemical processes.
 
 We specialize in Genomics and its all related disciplines, such as Metagenomics, Transcriptomics, Epigenomics, Interactomics, Oncogenomics, Structural Genomics and many other dynamically developing fields. 
 
 Our lab is equipped with the most up-to-date infrastructure, including NovaSeq 6000, NextSeq 500 and MiSeq next generation sequencing systems and a wide spectrum of highly specialized instruments for..."
Gnotobiotic Animal Core (GNAC),RRID:SCR_017887,University of Washington,Seattle,WA,United States of America,http://www.uwgnotobiotics.org/,Protocol Development/Clinical Trial Coordination,"The Gnotobiotic Animal Core (GNAC) at the University of Washington (UW) is a core facility started in 2014 and managed by the Department of Comparative Medicine. Located in the UW Health Sciences Center, the GNAC is open to investigators with research needs to create or maintain mice free of any microorganisms (germ-free), or with a known population of microorganisms (gnotobiotic). Our facility is available to all University of Washington investigators as well as outside institutions."
In Vivo Services (IVS) Core,RRID:SCR_017859,University of Washington,Seattle,WA,United States of America,http://www.uwinvivo.org/,"Animal Husbandry,Behavioral Phenotyping,Necropsy,Protocol Development/Clinical Trial Coordination,Transgenics,Xenograft / Xenotransplantation","The In Vivo Services (IVS) Core provides mouse colony management at the UW. IVS staff will oversee the maintenance, breeding, weaning, identification, and record keeping of your mouse colonies to free up the limited and valuable time of your laboratory personnel. In addition, the IVS Core offers an array of technical services performing procedures such as sample collection, sample administration, metabolic testing, behavioral assays, and testing of drug compounds in rodents. Our facility is available to all University of Washington investigators and outside institutions."
UW Mouse CRISPR Core,RRID:SCR_025836,University of Washington,Seattle,WA,,uwcrispr.org,"CRISPR,CRISPR Injection Services,CRISPR/Cas Project Design,ES Cell Electroporation,ES Cell Injection,ES Cell Technology (Mouse),Genotyping,Injection Of DNA Constructs,IPS Cell Reprogramming,Transgenics","The University of Washington Mouse CRISPR Core (UWMCC) is a cost center administered through the Department of Comparative Medicine at the University of Washington (UW), Seattle, WA. The UWMCC is a full-service facility offering rapid, precise and economical generation of novel transgenic mouse models using CRISPR/Cas9 gene editing technology. Our standard service includes consultation, design, testing, prep, mouse embryo microinjection, and genotyping all at a competitive price point. The UWMCC is a joint collaboration utilizing 15 years of gene-editing experience by the UW Transgenic..."
UW Transgenic Resources Program (TRP),RRID:SCR_017863,University of Washington,Seattle,WA,United States of America,http://www.uwtransgenics.org/,"Cell Culture,CRISPR,CRISPR Injection Services,CRISPR/Cas Project Design,Embryo Cryopreservation & Recovery Services,ES Cell Electroporation,ES Cell Injection,ES Cell Technology (Mouse),Transgenics","The Transgenic Resources Program (TRP) is a core facility that creates transgenic and gene-targeted mice using pronuclear microinjection, targeted ES cell microinjection, and CRISPR-Cas9 gene editing. The TRP also offers mouse rederivation services to create specific pathogen free mice or to revive cryopreserved mouse lines. Additionally, embryo and sperm cryopreservation services are available to provide long-term storage of valuable mouse strains or stocks. Our facility is available to all University of Washington investigators and outside institutions."
Bioinformatics resource center,RRID:SCR_017799,University of Wisconsin–Madison,Madison,WI,United States of America,http://www.biotech.wisc.edu/facilities/brc/home,"Computational - Bioinformatics,Data Analysis","The Bioinformatics Resource Center (BRC) is a UW Biotechnology Center facility that provides bioinformatics support for high-throughput nucleic acid sequence data. We assist researchers with a wide variety of projects, including genome assembly, SNP detection, ChIP-Seq and expression profiling using RNA-Seq, RIP-seq, and small RNA analyses.
 
 We provide basic computational support for analysis of the next-gen sequencing data so that it can be delivered to researchers in a usable form. We also provide project-specific advanced bioinformatic analysis for researchers with high throughput..."
Chemistry Instrumentation Center - Mass Spectrometry,RRID:SCR_017931,University of Wisconsin–Madison,Madison,WI,United States of America,http://massspec.chem.wisc.edu,Mass Spectrometry,A mass spectrometer facility that helps characterize the new and novel compounds synthesized at the University of Wisconsin-Madison.
UW Biotech Center-DNA Sequencing Facility,RRID:SCR_017759,University of Wisconsin–Madison,Madison,WI,United States of America,https://biotech.wisc.edu/dna-seq/,"Computational - Bioinformatics,Copy Number Variation (CNV),Genomics,Genotyping,Library Services,Long Read Sequencing,Metagenomics Analysis,Nucleic Acid Extraction,Sequencing - DNA Sequencing,Sequencing - Next Generation Sequencing (NGS)","The UWBC DNA Sequencing Facility was established to provide cost-effective, cutting edge sequencing resources available to the University of Wisconsin campus as well as colleagues at public and private institutions. We provide comprehensive, fee-for-service support for Illumina, PacBio, and Oxford Nanopore next generation sequencing projects, from project design and sample preparation (including DNA extraction) through downstream analysis in conjunction with the UWBC Bioinformatics Resource Facility. We are licensed providers of GBS (KeyGene) and we are Certified Service Providers of..."
UW Biotech Center-Gene Expression Center,RRID:SCR_017757,University of Wisconsin–Madison,Madison,WI,United States of America,http://www.biotech.wisc.edu/facilities/gec/home,"10x Genomics,Genomics,Microarray,Nucleic Acid Extraction,RNA Integrity,Sequencing - Next Generation Sequencing (NGS),Single-cell Sequencing,Slide Scanning","The UWBC Gene Expression Center (GEC) is a fee-for-service facility that offers single cell RNA (scRNA), small RNA and bulk RNA library preparation and sequencing (Illumina, PacBio & Oxford Nanopore) services in collaboration with the UWBC DNA Sequencing Center. Illumina Beadarray Genotyping and Methylation services are also available on the iScan platform."
UW Biotechnology Center-Animal Models Core,RRID:SCR_024797,University of Wisconsin–Madison,Madison,WI,United States,https://animalmodels.biotech.wisc.edu/,"Animal Husbandry,Assisted Reproductive Technologies (Rodent IVF, ICSI),Biorepository,Bioshipping,Colony Management,CRISPR Injection Services,Embryo Cryopreservation & Recovery Services,ES Cell Electroporation,ES Cell Injection,ES Cell Technology (Mouse),Fresh/Frozen Sperm IVF,Genome Engineering,Genotyping,Genotyping-by-sequencing,Germplasm,Injection Of DNA Constructs,Rederivation (Mouse),Sperm Cryopreservation,Tissue Culture,Transgenics","The Animal Models Core provides support for the generation of novel animal (mice, rats and swine) models using CRISPR or transgenic technology, cryopreservation, rederivation, and IVF recovery of rodent animal models."
UW-Advanced Genome Editing Laboratory,RRID:SCR_021070,University of Wisconsin–Madison,Madison,WI,United States of America,https://www.biotech.wisc.edu/services/geam,"Assisted Reproductive Technologies (Rodent IVF, ICSI),Cell Culture,Cell Imaging,Copy Number Variation (CNV),CRISPR Rosa26 & CRISPR H11,CRISPR/Cas Project Design,Digital PCR,DNA Analysis,DNA Isolation,Droplet Digital PCR,Genomics,Genotyping,Live Cell Imaging,Molecular Construct Services,Mycoplasma Detection,Provide Germfree Mice,Rederivation,Rederivation (Mouse),Sample Preparation,Tissue Culture,Transgenics","Genome Editing & Animal Models (GEAM) provides services and expertise to generate new genome edited models, particularly mouse, rats, swine, and cell lines, as well as support the use of rodent models including cryopreservation, reservation, and assisted reproductive technologies.
 
 The Advanced Genome Editing Laboratory (AGEL) provides expertise to cutting edge genome editing technology. This includes"
UW-Biochemistry Optical Core,RRID:SCR_023952,University of Wisconsin–Madison,Madison,WI,United States,https://boc.wisc.edu/,"Confocal Microscopy,Light-sheet Microscopy,TIRF Microscopy","The Biochemistry Optical Core (BOC) provides state-of-the-art instrumentation for light and fluorescence based microscopy, including epifluorescence, confocal, and super-resolution imaging. Established by a faculty-approved investment from the Department of Biochemistry Endowment, our goal is to serve the campus research community by providing access to and training on basic and advanced light microscopy techniques. Expertise and advice is available for the design of experiments involving these techniques."
UWM-Great Lakes Genomics Center,RRID:SCR_017838,University of Wisconsin–Milwaukee,Milwaukee,WI,United States,http://www.greatlakesgenomics.uwm.edu,"Digital Droplet PCR,DNA Analysis,Genomics,Genotyping,Nucleic Acid Extraction,Real-time qPCR,RNA analysis,RNA Integrity,Sequencing - DNA Sequencing,Sequencing - Next Generation Sequencing (NGS)","The Great Lakes Genomics Center exists to support researchers developing and using genomic data for ecology and environmental health. We do this by providing sequencing and gene expression technologies and service for ecology, environment and human health researchers, as well as a support system for analysis and discussion of issues surrounding the use of genomic technologies for environmental health. 
 We are a small facility that focuses on applying genomic techniques to environmental and ecological research. We provide access to instruments and training needed for genomic research as..."
University of Wyoming Microscopy Core Facility,RRID:SCR_017758,University of Wyoming,Laramie,WY,United States of America,http://www.uwyo.edu/microscopy,"Cell Imaging,Confocal Microscopy,Electron Microscopy,Microscopy","The UW microscopy core facility is consisted of light, confocal and electron microscope."
UWCCC Flow Cytometry Laboratory,RRID:SCR_025085,University of Wyoming,Madison,WI,United States,https://cancer.wisc.edu/research/resources/flow/,"Analysis Workstations,Assay Development,Cell Sorting,Consultation,Experimental Design,FACS Cell Sorting,Flow Cytometric Analysis,Flow Cytometry,Flow Cytometry Data Analysis,High Dimensional Flow Cytometry Analysis,Imaging Flow Cytometry,Multi-color Flow Cytometry,Multiplex Fluorescence,Multiplexed Immunofluorescence,Protocol Development,RNA Flow Cytometry,Sample Preparation,Shared Instrumentation Oversight & Maintenance,Single Particle Extracellular Vesicle Flow Cytometry,Single-Cell Analysis,Spectral Flow Cytometry,Training","The mission of the University of Wisconsin Carbone Cancer Center Flow Lab is to maintain a cutting-edge facility that provides researchers the technical and educational support for fluorescence-based single cell analysis and isolation to further the characterization and understanding of cellular function, biomarkers, pathology, and treatment in basic, translational, and clinical research projects.
 
 The Flow Lab was established in 1988 as a resource for the University of Wisconsin–Madison campus. The facility maintains two laboratories: the main facility located in the Wisconsin..."
UZSM - Laboratory for Regenerative Neuroscience / GlowLab,RRID:SCR_022701,University of Zagreb,Zagreb,,Croatia,http://www.hiim.unizg.hr/index.php/institut/glowlab,"Behavioral Assessment,Cell Culture,Cell Imaging,Consultation,Cryostat Histology,Data Analysis,Data Analysis And Interpretation,Data Processing,Data Processing And Interpretation,Data Visualization,Histology,Home Cage Behavioral Analysis,In-vivo Imaging,Magnetic Resonance Imaging (MRI),Optical Imaging,Spectroscopy,Surgical Services,Training","Laboratory for Regenerative Neuroscience / GlowLab is a multimodal preclinical in vivo imaging facility for small laboratory animals such as mice and rats. Our strongest expertise is in brain research, however it is possible to provide imaging services on any part of or on the entire animal.
 The key instruments in the facility are the magnetic resonance imager (Bruker BioSpec 70/20 USR) and the optical bioluminescence/fluorescence imager (Perkin Elmer IVIS Spectrum), fully equipped with anesthesia delivery and physiological monitoring/control system.
 The imaging unit of GlowLab is..."
Center for Microscopy and Image Analysis,RRID:SCR_019115,University of Zurich,Zurich,,Switzerland,https://www.zmb.uzh.ch,"Cell Imaging,Confocal Microscopy,Consultations,Cryo-Electron Microscopy,Electron Microscopy,Focused Ion Beam (FIB),High Content Screening,High-Pressure Freezing,High-throughput Screening,Image Processing And Analysis,Immuno Electron Microscopy,Light-sheet Microscopy,Microscopy","The Center for Microscopy and Image Analysis is an advanced imaging facility of the University of Zurich providing various imaging techniques in microscopy. The focus is on techniques, instrumentation and know-how in electron and light microscopy including preparation."
VAI - Genomics Core,RRID:SCR_022913,Van Andel Institute,Grand Rapids,MI,United States,https://genomicscore.vai.org,"10x Genomics,10x Genomics Visium,10x Genomics Xenium Spatial Transcriptomics,Bisulfite Conversion,ChIP-Seq,CITE-seq,Consultations,CUT&amp;RUN,CUT&amp;Tag,Digital PCR,FFPE Restore,Genomics,Methylation Analysis,Microarray,Nanopore Sequencing,NanoString GeoMx DSP,Reduced Representation Bisulfite Sequencing,Ribosomal Reduction ,RNA Integrity,RNAseq,Sample Preparation,Sequencing - Next Generation Sequencing (NGS),Single-cell Sequencing,Spatial Transcriptomics,Visium HD Spatial Transcriptomics,Whole Exome Sequencing,Whole Genome Sequencing","Full service Next Generation Sequencing, Single Cell Genomics, and Spatial Transcriptomics facility. Provides the services in:
 - experimental design support
 - NGS library generation
 - Illumina, Element and Nanopore Sequencing
 - single cell preparation and library generation
 - spatial slide preparation and imaging
 - spatial transcriptomic and epigenomic profiling"
VAI Bioinformatics and Biostatistics Core,RRID:SCR_024762,Van Andel Institute,Grand Rapids,MI,United States,https://bioinformaticsandbiostatisticscore.vai.org,"Computational - Application Development,Computational - Bioinformatics,Computational - Biostatistics,Data Analysis,Data Analysis And Interpretation,Flow Cytometry Data Analysis,Glycolipid Analysis,Metagenomics Analysis,Methylation Analysis,Pipeline Development,Power Analysis,R Shiny App Development,Single-Cell Analysis,Targeted Methylation Analysis,Web Application Development","The VAI Bioinformatics and Biostatistics Core provides comprehensive, high-quality bioinformatics and statistics expertise for the Van Andel Institute and external organizations.
 
 The Core develops and maintains automated and customizable workflows for processing and analyzing many types of genomic data; supports the design of rational, robust and reproducible experiments and proposals; assists in the preparation of manuscripts, grants and presentations; and provides education and training in the use of cutting-edge software and analysis methods. The Core can contribute to many types of..."
VAI Cryo-EM Core,RRID:SCR_023210,Van Andel Institute,Grand Rapids,MI,United States,https://cryoemcore.vai.org/,"Cryo-Electron Microscopy,Electron Microscopy,Microtomy/Electron,Structural Biology,Structure Determination","VAI cryo-EM core facility encompasses state-of-the-art cryo-electron microscopes (Krios, Arctica), which are supported by expert staff and a robust high-performance computing cluster with extensive cloud capabilities. The VAI cryo-EM core also provides a wide range of cost-effective and efficient biological EM services."
VAI Flow Cytometry Core Facility,RRID:SCR_022685,Van Andel Institute,Grand Rapids,MI,United States,https://flowcytometrycore.vai.org/,"Cell Sorting,Consultation,Flow Cytometric Analysis,Flow Cytometry Data Analysis,High Dimensional Flow Cytometry Analysis,Multi-color Flow Cytometry,Phenotyping,Protocol Development,RNA Flow Cytometry,Staining","The VAI Flow Cytometry Core provides cell analysis and sorting services. We have a Cytek Aurora, Beckman Coulter CytoFLEX S, Attune CytPix, SONY MA900, and a BD FACSSymphony S6"
VAI Mass Spectrometry Core,RRID:SCR_024903,Van Andel Institute,Grand Rapids,MI,United States,https://massspec.vai.org/,"Histone,Lipidomics,Mass Spectrometry,Mass Spectrometry - Proteins And Peptides,Mass Spectrometry - Small Molecules,Metabolomics,Proteomics,Stable Isotope Tracing","The VAI Mass Spectrometry Core (MSC) is committed to developing scientific partnerships with research labs to develop and deploy LC/MS and GC/MS methods specifically tailored to meet the needs of every project. The MSC houses a comprehensive suite of technologies and staff expertise to deliver high quality metabolomics, lipidomics, and proteomics capabilities to VARI scientists and collaborators. The process begins with experimental design support to ensure samples are handled properly, necessary controls are included, and the study is sufficiently powered. Analytical capabilities are..."
VAI Optical Imaging Core,RRID:SCR_021968,Van Andel Institute,Grand Rapids,MI,United States of America,https://opticalimagingcore.vai.org/,"Analysis Workstations,Confocal Microscopy,Consultations,Image Processing And Analysis,Live Cell Imaging,Multiphoton Microscopy,Super-resolution Microscopy,Whole Slide Imaging,Widefield Microscopy","The Optical Imaging Core within Van Andel Institute is located in Grand Rapids, Michigan and offers an array of brightfield and fluorescence imaging techniques to help investigators tackle a wide range of research questions. The Optical Imaging Core is committed to providing top-notch services to assist customers with experimental design and optimization, instrument training, image acquisition, and data analysis"
VAI Pathology and Biorepository Core,RRID:SCR_022912,Van Andel Institute,Grand Rapids,MI,United States,https://pbc.vai.org/,"BioBanking,Biorepository,Blood Processing,CDNA Synthesis,Cryostat Histology,DNA Isolation,H&E Staining,Histology,Human Pathology Services - Diagnostics & Consultation,Immunofluorescence ,Immunohistochemistry,Nucleic Acid Extraction,Prepared Slides,Processing & Embedding- Histology,Processing &amp; Embedding- Histology,Repository,RNA Integrity,RNA Isolation,Sample Accessioning,Sample Preparation,Scanning 20X Brightfield,Scanning 40X Brightfield,Slide Scanning,Special Stains Histology,Staining,Tissue Embed,Tissue MicroArray,Whole Slide Imaging","VAI’s Pathology and Biorepository Core (PBC) integrates anatomic pathology expertise with biorepository and biospecimen science for investigator- and project-driven research. The Core builds upon strengths in standard histology, microscopy, molecular processing, and biobanking, along with novel technologies to test and apply best practices in biospecimen science. The Core’s focus on pathology and molecular quality metrics provide complementary emphasis on high-quality biospecimens and interpretable results with which to validate experimental models and extend them to clinical samples,..."
VAI Transgenic Core,RRID:SCR_022914,Van Andel Institute,"Grand Rapids,",MI,United States,https://vivariumandtransgenicscore.vai.org/,"CRISPR,CRISPR Rosa26 & CRISPR H11,CRISPR/Cas Project Design,DNA Isolation,Embryo Cryopreservation & Recovery Services,Genome Engineering,Genotyping,Rederivation,Rederivation (Mouse),Sperm Cryopreservation,Surgical Services,Transgenics","The mission of the VAI Transgenic Core is to provide genetically modified animal models for our collaborators in support of their research. 
  
 When these models are preexisting this provision can take the form of rederivation or reconstitution for the purpose of importing animals into our Vivarium’s barrier. 
  
 In the absence of preexisting models our Core works closely with partnering labs to generate their ideal mutation de novo, often using CRISPR technology. Usually beginning with a brief consultation, this process involves discussing factors such as ideal background strain,..."
VAI Vivarium,RRID:SCR_023211,Van Andel Institute,Grand Rapids,MI,United States,https://vivariumandtransgenicscore.vai.org/,"In-vivo Imaging,Irradiation,Necropsy,Rotarod,Surgical Services,Tail Biopsy,Training,Xenograft / Xenotransplantation","Van Andel Institute (VAI) is committed to conducting high-quality animal research in an ethical and responsible manner to advance science and improve human health. The VAI Vivarium provides state-of-the-art housing, care, and support for mouse, rat, and zebrafish models, serving VAI investigators, collaborators, and the broader research community.
 
 The facility maintains the highest level of biosecurity for rodent barrier housing and is designed to support rigorous, reproducible research. All animal procedures are performed in accordance with the National Institutes of Health Guide for..."
"Creative Data Solutions, Vanderbilt University",RRID:SCR_022366,Vanderbilt University,Nashville,TN,United States of America,https://cds.vanderbilt.edu,"10x Genomics,2D & 3D Illustration,3D Visualization,ATAC-Seq,Bioimage Informatics,Biorepository,ChIP-Seq,CITE-seq,Clinical Genomics,Computational - Bioinformatics,Computational - High Performance Computing,Computational - Interactive Compute/storage,Consultation,Consultations,Data Analysis,Data Analysis And Interpretation,Data Processing,Data Processing And Interpretation,Data Visualization,Deconvolution,DNA Analysis,Gene Expression Arrays,Genomics,Genotyping-by-sequencing,High Performance Computing,Image Data Management,Image Processing And Analysis,Methylation Analysis,Multimedia Production,Proteomics,R Shiny App Development,Repository,RNA analysis,RNA Modification Analysis,RNAseq,Single-Cell Analysis,Training,Whole Exome Sequencing,Whole Genome Sequencing",Creative Data Solutions (CDS) is a Vanderbilt University Shared Resource that offers bioinformatics and informatics services for basic research and clinical projects.
NIDDK - Vanderbilt Mouse Metabolic Phenotyping Center,RRID:SCR_021939,Vanderbilt University,Nashville,TN,United States of America,https://vmmpc.org/,"Analysis Workstations,Animal Husbandry,Animal Training ,Bariatric Surgery (mouse),Behavioral Phenotyping,Biological Mechanism,Body Composition,Confocal Microscopy,Data Analysis,Experimental Design,Glucose Clamps,Glucose Clamps (mouse),Indirect Calorimetry,Indirect Calorimetry (mouse),Inductively Coupled Plasma Optical Emission Spectroscopy,Islet Transplantation (mouse),Mass Spectrometry,Outreach,Phenotyping,Protocol Development,Stable Isotope Tracing,Surgical Services","The NIDDK-Vanderbilt University Mouse Metabolic Phenotyping Center (VMMPC; www.vmmpc.org) was founded in 2001 as a resource for the study of mouse models of diabetes, obesity, and related disease as part of the national MMPC consortium. The VMMPC occupies 3000 sq ft of continuous space that includes animal housing, energy balance, telemetry, and experiment rooms and surgical suites. The VMMPC is designed so housing and study environments can be controlled and workflow is optimized so that multiple procedures can be used on a single mouse. The VMMPC develops, standardizes, and provides..."
UTMDACC Proteomics Facility,RRID:SCR_017731,Vanderbilt University,Houston,TX,United States of America,http://www.mdanderson.org/proteomics-facility,"Mass Spectrometry,Proteomics","Proteomics - MW, Protein ID, PTMs, Stable Isotopes, NEW! Quant by QQQ!"
Vanderbilt Genome Editing Resource,RRID:SCR_018826,Vanderbilt University,Nashville,TN,United States of America,https://medschool.vanderbilt.edu/vger,"Animal Husbandry,Assisted Reproductive Technologies (Rodent IVF, ICSI),CRISPR/Cas Project Design,Embryo Cryopreservation & Recovery Services,Genotyping,Provide Germfree Mice,Rederivation,Repository,Transgenics","The Vanderbilt Genome Editing Resource (VGER) provides services, consultation, and collaborations to enable the generation, storage and regeneration of genetically altered mice.
 
 We have many years of experience in generating novel transgenic mouse models and are happy to discuss your project with you."
"Vanderbilt Diet, Body Composition, and Human Metabolism Core",RRID:SCR_023538,Vanderbilt University Medical Center,Nashville,TN,United States,https://www.vumc.org/diet-body-metabolism-core/welcome,"Assays and Measurements,Behavioral Assessment,Body Composition,Clinical Research,Clinical Research Coordination/Scheduling,Clinical Trial Support,Computed Tomography (CT),Consultation,Controlled Feeding And Meal Challenges,Data Analysis And Interpretation,Data Processing And Interpretation,Diet And Physical Activity Interventions ,Diet Assessment,Experimental Design,Image Processing And Analysis,Indirect Calorimetry,Menu Development,Outreach,Patients Database,Physical Activity Assessment,Project Management,Protocol Development,Small-scale Pilot Testing,Training","Core provides assessments and designs interventions by personnel with training and expertise in state-of-the-science methods for the valid and reliable assessment of dietary intake, nutritional status, body composition, physical activity, and energy expenditure. All services are tailored to meet the specific needs of the investigator and research study aims. Investigators pay a fee-for-service that covers all costs related to the methods chosen."
cryo-Electron Microscopy Facility,RRID:SCR_027178,Virginia Commonwealth University,Richmond,VA,United States,https://research.vcu.edu/cores/structural-biology/cryo-em/,Cryo-Electron Microscopy,"The cryo-EM Facility at VCU offers sample preparation, visualization and analysis for high resolution 3D reconstruction of frozen-hydrated proteins and macromolecular complexes. The Facility is endowed with a Thermofisher Scientific Tundra cryo-electron microscope, a Vitrobot Mark IV cryo-plunger, a Pelco easyGlow glow discharge unit, a Denton DV 502B evaporator, and a linux server dedicated to image processing."
VCU Bioimaging and Applied Research Core (BARC),RRID:SCR_026429,Virginia Commonwealth University,Richmond,VA,,https://research.vcu.edu/cores/barc/,"3D Printing,Clinical Imaging - Small Animal (luminescence/fluorescence),Computed Tomography (CT),Magnetic Resonance Imaging (MRI),MR Spectroscopy ,Optoacoustic Imaging,Phosphorus MR Spectroscopy,Photoacoustic Imaging,Positron Emission Tomography (PET)","The Bioimaging and Applied Research Core, directed by Frank Corwin, Ph.D. and managed by Mackenzie Newman, Ph.D., offers comprehensive instrumentation and technical support for all aspects of in vitro and in vivo pre-clinical non-human anatomical and molecular imaging. Studies may be conducted on samples prepared to exhibit characteristic features for a particular imaging modality. Within the intact environment, physiological and pathophysiological activity may be observed through imaging or numerous biological pathways and interactions involved in injury and disease progression, such as..."
VCU Genomics Core,RRID:SCR_023050,Virginia Commonwealth University,Richmond,VA,United States,https://research.vcu.edu/cores/genomics/,"10x Genomics,16S Amplicon Sequencing ,ATAC-Seq,ChIP-Seq,DNA Isolation,Illumina RNA/DNA NGS Library Construction,Real-time qPCR,RNA analysis,RNA Integrity,RNAseq,Sample Preparation,Sequencing - DNA Sequencing,Sequencing - Next Generation Sequencing (NGS),Single-Cell Analysis,Single-cell Sequencing,Spatial Transcriptomics,Visium HD Spatial Transcriptomics,Whole Exome Sequencing,Whole Genome Sequencing","The Genomics Core facility in Richmond VA, maintains a significant portfolio of instrumentation to support advanced sample/library preparation, high-throughput sequencing, real-time PCR and analysis."
VCU Structural Biology Core,RRID:SCR_026455,Virginia Commonwealth University,Richmond,VA,,https://research.vcu.edu/cores/structural-biology/,"Protein Crystallization,Structural Biology,Structure Determination,X-Ray Crystallography","The Structural Biology Core is a multi-user facility serving both the VCU campus and external research institutes. The core encompasses X-ray crystallography, Cryo-Electron Microscopy (Cryo-EM), and Nuclear Magnetic Resonance (NMR) facilities, and is also closely associated with the School of Pharmacy Molecular Modeling facility.
 
 The Structural Biology Core provides access to state-of-the art equipment, offering researchers the capability to determine the 3D structure of macromolecules and macromolecular complexes. This yields a diverse array of information on their biological or..."
Facility for Advanced Imaging and Microscopy,RRID:SCR_027348,Virginia Tech,Blacksburg,VA,,https://fralinlifesci.vt.edu/core-services/faim.html,"Consultations,Image Aquisition,Image Processing And Analysis,Training","Associated with Virginia Tech's Fralin Life Sciences Institute, this light microscopy research resource facility offers confocal, extended and super resolution, and lightsheet imaging options, as well as assistance and training for researchers. The FAIM also has educational resources available for light microscopy basics, and image processing and analysis."
Genomics Sequencing Center,RRID:SCR_017958,Virginia Tech,Blacksburg,VA,United States of America,https://fralinlifesci.vt.edu/core-services/genomics-sequencing-center.html,"DNA Analysis,Genomics,Genotyping,Microbiome,Real-time qPCR,RNA analysis,RNA Integrity,Sequencing - Capillary Sequencing,Sequencing - DNA Sequencing,Sequencing - Next Generation Sequencing (NGS)","The Genomics Sequencing Center (GSC) at Virginia Tech Fralin Institute is a dedicated multi-user resource for the development and application of state-of-the-art, Next-Generation Sequencing (NGS) technologies. GSC is a “one-stop shop” providing rapid, cost-effective, experimental design consultation, and genomic and functional-genomics services using Illumina’s NovaSeq, NextSeq and MiSeq systems. Quality control and quality assurance metrics are incorporated into each standard operating procedure to monitor performance of each service provided. Liquid handling robots and a custom..."
VT Surface Analysis Laboratory,RRID:SCR_027504,Virginia Tech,Blacksburg,VA,United States,https://chem.vt.edu/analyticalservices/surface-analysis-lab.html,"Surface, Interfacial, And Bulk Characterization Of Materials Via High-resolution Imaging And Spectroscopy,X-ray Diffraction And Scattering,X-ray Spectrometry","Analytical research facility specializing in X-ray materials characterization techniques, sample preparation and data analysis."
WFU Microscopic Imaging Core,RRID:SCR_021975,Wake Forest University,Winston Salem,NC,United States of America,microscopy.wfu.edu,"Confocal Microscopy,Microscopy,Widefield Microscopy",Light Microscopy Facility managed by the Biology Department
Genome Engineering & Stem Cell Center (GESC@MGI),RRID:SCR_023243,Wayne State University,St. Louis,MO,United States of America,http://GeneEditing.wustl.edu/,"Cell Culture,Data Analysis,DNA Analysis,Genomics,Genotyping,Immunohistochemistry,Molecular Library Services,Nucleic Acid Extraction,RNA Integrity,Sequencing - DNA Sequencing,Sequencing - Next Generation Sequencing (NGS),Stem Cell Procurement,Tissue Culture,Transgenics","The Genome Engineering and Stem Cell Center (GESC@MGI) supports researchers on and off WashU campus with up-to-date technologies to meet their cell and animal model needs. On the genome engineering front, we offer a variety of services tailored to best fit investigators individual preference, ranging from CRISPR reagents with or without validation, to cancer/iPS cell line modification or animal model creation. We work closely with mouse cores from design, reagent validation to genotyping, process improvement and troubleshooting, when necessary. We also provide next-generation sequencing..."
McDonnell Genome Institute,RRID:SCR_018300,Wayne State University,St. Louis,MO,United States of America,gtac.wustl.edu,"Copy Number Variation (CNV),Data Analysis,DNA Analysis,Genomics,Genotyping,Microarray,Real-time qPCR,RNA analysis,RNA Integrity,Sequencing - Capillary Sequencing,Sequencing - DNA Sequencing,Sequencing - Next Generation Sequencing (NGS)","We are a full service facility, from hypothesis to publication.
 NGS: NovaSeqs, Seqwell II, Oxford
 
 Microarray: expression and genotyping - all platforms"
WSU Proteomics Core,RRID:SCR_022879,Wayne State University,Detroit,MI,United States of America,https://research.wayne.edu/proteomics,"Data Analysis,Mass Spectrometry,Proteomics,SDS-PAGE,Western Blot","Protein identification and proteome analysis using Orbitrao Eclipse, Fusion and Q Exactive LC-MS/MS platforms. Affinity selection for phosphopeptides with analysis using HCD, CID and ETD. Validation and quantitation of proteins using MRM with a TSQ Vantage triple quad."
WSU-LCF,RRID:SCR_022682,Wayne State University,Detroit,MI,United States,https://lipidomics.wayne.edu,Lipidomics,"The Lipidomics Core Facility conducts comprehensive analysis of cellular lipids that encompass fatty acyls, glycerolipids, glycerophospholipids, sphingolipids, sterol lipids, and prenol lipids"
Microscopy and Image Analysis Core Facility,RRID:SCR_017693,Weill Cornell Medical College in Qatar,New York,NY,United States of America,https://weillcornellmicroscopy.org/,"Cell Imaging,Cryostat Histology,Data Analysis,High Content Screening,Optical Imaging,Processing &amp; Embedding- Histology,Transmission Electron Microscopy","The Microscopy and Image Analysis Core is comprised of three labs: Optical Microscopy, Automated Microscopy, and Electron Microscopy & Histology. The labs provide extensive training on the independent use of microscopes and accessory equipment as well as sample prep for EM and Histology to Weill Cornell Medicine research faculty and staff, postdoctoral fellows, graduate and medical students, residents and fellows. External users are accepted."
MISI WCM,RRID:SCR_024591,Weill Cornell Medical College in Qatar,New York,NY,United States,https://pathology.weill.cornell.edu/divisions/multiparametric-situ-imaging-misi-laboratory,"Bioimage Informatics,Brightfield Microscopy,High-plex Immunofluorescence,Immunofluorescence ,Immunohistochemistry,Microscopy,Multiplex Fluorescence,Nanostring,NanoString GeoMx DSP,Scanning 20X Fluorescent,Scanning 40X Brightfield,Slide Scanning,Spatial Transcriptomics,Whole Slide Imaging,Widefield Microscopy","Our core focuses on providing immunohistochemistry, multiplex immunofluorescence and high-plex histological imaging. We h"
Transgenic Animal Core Facility,RRID:SCR_017744,West Virginia University,Morgantown,WV,United States of America,http://www.hsc.wvu.edu/tacf/,"Assisted Reproductive Technologies (Rodent IVF, ICSI),CRISPR/Cas Project Design,Embryo Cryopreservation & Recovery Services,Transgenics","The Transgenic Animal Core Facility (TACF) at WVU offers pronuclear DNA injection for transgenic mouse production, CRISPR/Cas9-mediated genome editing, and embryonic stem cell injection for chimera production. Cryopreservation and rederivation/resuscitation services are also available for the management of genetically modified mice. The core is housed within an SPF barrier facility on the Health Sciences Center campus. Free consultation is also available to assist in construct and CRISPR design, genotyping, colony management, and special husbandry needs."
WVU Flow Cytometry & Single Cell Core Facility,RRID:SCR_017738,West Virginia University,Morgantown,WV,United States of America,http://flowcore.hsc.wvu.edu/,"10x Genomics,Assays and Measurements,Cell Sorting,Exosomes Characterisation,FACS Cell Sorting,Flow Cytometric Analysis,Flow Cytometry Data Analysis,High Dimensional Flow Cytometry Analysis,Multi-color Flow Cytometry,Nanosight Nanoparticle Analysis,Phenotyping,RNA Flow Cytometry,Single-Cell Analysis,Spectral Flow Cytometry,Training,Zeta Potential","The WVU Flow Cytometry & Single Cell Core Facility (FCSCCF) provides instrumentation and scientific support for single cell analysis and sorting. The facility routinely performs analysis of both eukaryotic and prokaryotic cells for expression of intracellular and extracellular proteins, cell cycle, cell proliferation, and cytokine production.
 
 Single and bulk cell sorting is performed based on expression of cell surface antigen(s) and/or expression of genetically engineered intercellular fluorescent proteins. The facility also provides instrumentation and expertise in single cell gene..."
Kilguss Research Core,RRID:SCR_021348,Women & Infants Hospital of Rhode Island,Providence,RI,United States of America,https://www.coresri.org/facilities?facility_id=16,"Cell Imaging,Cell Sorting,Flow Cytometric Analysis,Immunohistochemistry,Microscopy,Molecular Imaging,Nanosight Nanoparticle Analysis,Optical Imaging,Real-time qPCR,Shared Instrumentation Oversight & Maintenance","We provide a multi-user facility, open to qualified academic scientists, fee for use."
Wu Tsai Institute-BrainWorks,RRID:SCR_024556,Yale University,New Haven,CT,United States,https://wti.yale.edu/resources/brainworks,"3D Motion Caputre,EEG,Eye Tracking,FNIRS,Functional Brain Imaging,Functional Magnetic Resonance Imaging (fMRI),Magnetic Resonance Imaging (MRI),Magnetoencephalography,Transcranial Magnetic Stimulation","BrainWorks is the service core arm of the Center for Neurocognition and Behavior, one of the Wu Tsai Institute’s three research centers. It is a world-class facility for measuring the healthy human brain and behavior in action. Located on the first floor of 100 College Street with a dedicated entrance and spaces designed for participant comfort, this facility houses state-of-the-art equipment, including MRI, SQUID and triaxial OPM MEG, EEG, NIRS, TMS, VR, eye-tracking, and body motion tracking."
Yale Chemical and Biophysical Instrumentation Center (CBIC),RRID:SCR_021738,Yale University,New Haven,CT,United States of America,cbic.yale.edu,"Analytical Ultracentrifugation,Biochemical Analysis,Circular Dichroism (CD),Fluorescence Lifetime,GC,HRAM Mass Spectrometry,Isothermal Titration Calorimetry (ITC),Mass Spectrometry,MicroCT,Nuclear Magnetic Resonance (NMR),Optical Spectroscopy,Shared Instrumentation Oversight & Maintenance,Single Crystal X-ray Pattern Analysis,Structural Biology,Structure Determination,Untargeted Mass Spectrometry,X-Ray Crystallography,X-ray Diffraction and Scattering","The Yale CBIC has a range of instruments for characterization and structure elucidation of chemical and biophysical samples. Our staff maintains the instruments and provides data collection services as well as training and support for self-use of many of our instruments. We are most equipped in the areas of NMR spectroscopy, Mass spectrometry and X-ray crystallography, but we also have optical and calorimetric instruments."
YU-Keck MS & Proteomics Resource,RRID:SCR_026192,Yale University,New Haven,CT,United States,https://research.yale.edu/cores/keck-mass-spectrometry-proteomics-resource,"High-resolution (HR) MS For Small Molecule And Structural Elucidation,Protein ID From Complex Solution (e.g. Tissue, Cells, Biological Fluids, Etc.),Protein ID From Gel Bands Or Immunoprecipitated Workflow,Protein Post-translational Modification (PTM) Identification,Protein Profiling And Quantitation (Label-Free Quantitation, TMT, SILAC),Targeted Proteomics (PRM),Targeted Small Molecule Quantitation (MRM)","The Keck Mass Spectrometry (MS) & Proteomics Resource at the Yale School of Medicine provides efficient and cost-effective proteomics and small molecule mass spectrometry-based services. Beside from our developed Standard Operating Procedure (SOP) offered for many of our MS services, we also strive to continue to bring state-of-the-art mass spectrometry-based biotechnologies through input and request from our users. These technologies are developed and implemented with a broad spectrum of mass spectrometry-based techniques and protein/peptide/small molecule chemistries to separate,..."
Edward C Carlson Imaging and Image Analysis Core Facility,RRID:SCR_017733,Yeshiva University,Grand Forks,ND,United States of America,http://www.med.und.edu/imaging/index.cfm,"Cell Imaging,Confocal Microscopy,Electron Microscopy,Microscopy,Multiphoton Microscopy,Optical Imaging","The imaging core provides investigators with access to electron, confocal, TIRF and fluorescence microscopy equipment. Equipment housed in the facility includes an Hitachi 7500 TEM, an Hitachi 4700 field emission SEM, a Zeiss 510 META confocal microscope system on an Axiovert 200 inverted fluorescence microscope, a Zeiss ConfoCor2 fluorescence correlation spectroscopy (FCS) system , an Olympus FV300 confocal microscope on an Olympus IX70 inverted fluorescence microscope, an Olympus FV1000 MPE multiphoton system for intravital microscopy, an Olympus IX83 cellTIRF microscope, a Nikon Eclipse..."
AMU CAT - Cytomics and Cell Analysis Core Facility,RRID:SCR_027177,,Poznan,,,https://czt.amu.edu.pl/cytomika-i-analiza-komorkowa/,"Brightfield Microscopy,Cell Culture,Confocal Microscopy,ES Cell Electroporation,FACS Cell Sorting,Flow Cytometric Analysis,Flow Cytometry Data Analysis,Flow Cytometry Training ,Real-time QPCR,Stereomicroscopy",
Biological NanoStructures Laboratory,RRID:SCR_025308,,Santa Barbara,CA,United States of America,http://www.cnsi.ucsb.edu/resources/facilities/bnl,"Cell Culture,Cell Imaging,DNA Analysis,Droplet Digital PCR,Genomics,Light Scattering,Microbiome,Sequencing - DNA Sequencing,Sequencing - Next Generation Sequencing (NGS),Spectroscopy,Tissue Culture","Multi-purpose core research facility with three sub-cores. Genetics, Analytical, and Cell Culture Cores. 
 
 Genetics Core: Provides Next Generation Sequencing capabilities, DNA/RNA and protein quantitation, nucleic acid QC, Real-Time PCR, and Droplet Digital PCR.
 
 Analytical Core: Houses a variety of analytical instruments such as UV-Vis, nanoparticle analyzers and plate readers. Some basic molecular biology equipment are also available.
 
 Cell Culture Core: Resource for researchers who need access to BSL1/BSL2 cell culture facility. Also includes autoclaves or labware sterilization..."
CEMIB,RRID:SCR_022203,,"Campinas, São Paulo",,Brazil,https://www.cemib.unicamp.br,"Animal Husbandry,Animal Training ,Assisted Reproductive Technologies (Rodent IVF, ICSI),BioBanking,Biorepository,Consultations,Defined-flora Mice,DNA Analysis,DNA Isolation,ELISA,Embryo Cryopreservation & Recovery Services,ES Cell Technology (Mouse),Genotyping,Germfree Mice,Germplasm,Gnotobiotic Mice,Immunofluorescence ,Microbiological Culturing,Mycoplasma Detection,Necropsy,Nucleic Acid Extraction,Phenotyping,Real-time qPCR,Rederivation,Rederivation (Mouse),Repository,RNA Isolation,Sample Preparation,Sperm Cryopreservation,Training,Veterinary Services","CEMIB is stated at University of Campinas (UNICAMP) The center produces mice and rats for biomedical research.
 Our customers are researchers from Unicamp and other Institutions from Brazil."
"Certified Genetool, Inc.",RRID:SCR_018678,,Pleasanton,CA,United States of America,www.cgenetool.com,"Amino Acid Analysis,Atomic Force Spectroscopy,Cell Culture,Cell Imaging,Cell Sorting,Computational - Biostatistics,DNA Analysis,Flow Cytometric Analysis,Gel Chromatography,Genomics,Genotyping,Human Pathology Services - Diagnostics & Consultation,Laser Capture Microdissection,Mass Cytometry,Mass Spectrometry,Microarray,Microscopy,Molecular Construct Services,Molecular Imaging,Molecular Library Services,Monoclonal Antibody,oligo synthesis,PCR Arrays,Peptide Synthesis,Phosphor Imaging,Protein Extraction/Purification,Proteomics,Real-time qPCR,RNA analysis,Sequencing - Capillary Sequencing,Sequencing - DNA Sequencing,Sequencing - Next Generation Sequencing (NGS),Sequencing - Protein Sequencing","We have the current equipment for sale:
 
 Flow Cytometers:
 
 -BD FACSAria II SORP
 -BD FACSAria III
 -Sony SH800
 
 
 SPR/Biosensor:
 
 -GE Biacore T200
 -Octet Red 384
 -Probelife Gator
 
 
 Comes fully re-certified to Manufacturer's standards with 90 day warranty
 
 Ask me about it:
 Mai@cgenetool.com"
CSPC-Clinical Specimen Processing Core,RRID:SCR_021194,,Hershey,PA,United States of America,https://med.psu.edu/core/specimen-processing,"Bioshipping,Blood Processing,Clinical Research,Clinical Trial Support","Process, store and ship clinical trial samples from IRB approved studies."
Flow and Immune Analysis Shared Resource,RRID:SCR_022313,,Buffalo,NY,United States,https://www.roswellpark.org/shared-resources/flow-immune-analysis,"Akoya PhenoCycler Fusion,Analysis Workstations,Assay Development,Assays and Measurements,Cell Sorting,Confocal Microscopy,Consultation,Cytokine Assays,Data Analysis,ELISA,Exosomes Characterisation,Experimental Design,Flow Cytometric Analysis,Flow Cytometry,Flow Cytometry Data Analysis,Imaging Flow Cytomtry,Immune Monitoring,Luminex Bead Based Cytokine Assays,Luminex Services,Multi-color Flow Cytometry,Multiplexed Immunofluorescence,Phenotyping,Spectral Flow Cytometry,Staining,Tissue Culture","This state-of-the-art facility provides advanced flow cytometric and morphology services at cellular and subcellular levels of resolution. The services offered by the Flow and Immune Analysis Shared Resource (FIASR) include investigator access to equipment 24/7, education and consultation services, comprehensive sample processing, data acquisition and data analysis services, luminex cytokine, chemokine and growth factor quantification, and core flow cytometry services for investigator and biotech sponsored clinical trials."
Forsyth Histology Core,RRID:SCR_022165,,Cambridge,MA,United States,https://histology.forsyth.org/,"H&E Staining,Histology,Immunohistochemistry,Tissue Embed","The Histology Core offers consulting and support services for both soft tissue and precise hard tissue analysis. Services include: tissue processing, embedding, sectioning, staining, and guidance on protocols. The core can embed samples in standard molds or custom molds in paraffin, resin, or as frozen tissue for routine histology. The core can also provide special stains and immunohistological studies performed either by the investigator or core staff."
Forsyth Oral Microbiome Core,RRID:SCR_022166,,Cambridge,MA,United States,https://microbiome.forsyth.org/,"Data Analysis,Data Analysis And Interpretation,Genome/Transcriptome Assembly And Annotation,Genomics,Metagenomics Analysis,Proteogenomics,Proteomics,RNA analysis,RNAseq,Sequencing - DNA Sequencing,Sequencing - Next Generation Sequencing (NGS),Sequencing - Protein Sequencing","Forsyth is now offering Next Generation Sequencing (NGS) and comprehensive data analyses and interpretation for 16S rRNA gene amplicon sequences and other big data sequence applications through the new Forsyth Oral Microbiome Core (FOMC).
 
 Analyses of previously obtained sequences are also offered. Many investigators are familiar with the Human Oral Microbe Identification using Next Generation Sequencing (HOMINGS) as well as its predecessor the Human Oral Microbe Identification Microarray (HOMIM) for rapid 16S rDNA analyses of oral clinical samples. We continue in that tradition using..."
Forsyth- Bioinformatics,RRID:SCR_009783,,Cambridge,MA,United States of America,https://bioinformatics.forsyth.org/,"Computational - Bioinformatics,Consultations,Genome/Transcriptome Assembly And Annotation,Genomics,Metagenomics Analysis,Microbiome,Pipeline Development,Sequencing - DNA Sequencing,Sequencing - Next Generation Sequencing (NGS)","The Forsyth Bioinformatics Core specializes in oral microbial genomics, taxonomy, phylogenetics and the next generation sequence (NGS) data analysis with both in-house and cloud high-performance computational resource. In addition to supporting funded bioinformatics projects, the Bioinformatics Core will also provide computational support to Forsyth and other researchers for processing, analyzing, and interpreting biological data."
Forsyth- Flow Cytometry,RRID:SCR_009785,,Cambridge,MA,United States of America,https://flow.forsyth.org/,"Cell Sorting,FACS Cell Sorting,Flow Cytometric Analysis,Flow Cytometry Data Analysis,Shared Instrumentation Oversight & Maintenance","The Forsyth Flow Cytometry Core offers consulting and support services for the detection of up to 14 different fluorescent parameters simultaneously, RBC contaminated samples, and high-throughput analysis using 96 or 384-well plates. The cell sorter allows for collecting cells/particulates of interest, after-screening for positively selected markers, downstream applications, and is capable of sorting four separate cell populations simultaneously."
Forsyth- Multiplex Core,RRID:SCR_021783,,Cambridge,MA,United States of America,https://multiplex.forsyth.org/,"Assay Development,Assays and Measurements,Automated Immunoassay Platforms,Customized Protocols,ELISA,High-throughput Screening,Immunoassay,Luminex Bead Based Cytokine Assays,Luminex Services,Microarray,Plate Reader,Shared Instrumentation Oversight & Maintenance","The Forsyth Multiplex Core provides researchers access to multiplex analysis of any sample type using commercially available or in-house developed assays. This includes simultaneous measurement of multiple biomarkers in a single small sample volume. Multiplex technologies provide researchers with an economical and efficient approach to biomarker detection, saving time, funds, and precious sample volume. Our goal is to offer this service to researchers, globally, providing them with the expertise in sample preparation and handling and knowledge that comes with our extensive experience."
Forsyth-Advanced Microscopy Core,RRID:SCR_021121,,Cambridge,MA,United States,https://forsyth.org/advanced-microscopy-core/,"Analysis Workstations,Cell Imaging,Confocal Microscopy,Data Analysis,F.I.S.H.,Image Processing And Analysis,Immunohistochemistry,In Situ Hybridization,Live Cell Imaging,Microscopy,Optical Imaging,Super-resolution Microscopy","The Advanced Microscopy Core at the ADA Forsyth Institute offers microscopy imaging services to both internal and external users in the greater Boston area. The facility is equipped for live cell imaging, laser scanning confocal and super-resolution microscopy. Some common sample types imaged in the facility are live and fixed bacteria, biofilms, embedded soft tissue, cleared tissue, and mineralized tissue and samples can be labelled or label-free. One area of expertise is imaging many fluorophores simultaneously using spectral imaging and linear unmixing.
 In addition to instrument..."
Forsyth-MicroCT Core,RRID:SCR_021180,,Cambridge,MA,United States of America,https://www.forsyth.org/research/services/,"Analysis Workstations,Clinical Imaging - Small Animal (X-ray, Ultrasound, microCAT, MRI),Data Analysis,Image Processing And Analysis,MicroCT","The Forsyth Micro Computed Tomography (microCT) Core offers micro 3D X-ray imaging of small samples in high resolution and will provide images and quantitative analyses of internal structures of ex vivo samples without any destructive procedures. The Scanco μCT40 system allows for visualization, measurement, and quantification of the structure of mineralized specimens. Contrast reagents permit visualization of soft tissue structures such as blood vessels. This system creates a three-dimensional model from a stack of two-dimensional X-ray images taken around a single axis of rotation. The..."
Laboratorio Nacional de Microscopia Avanzada-IMSS (LNMA-IMSS),RRID:SCR_027351,,Mexico City,,Mexico,https://imss.lnma.mx/inicio.php,"Fluorescence Microscope With Optical Sectioning Capability,Optical Imaging",Optical microscopy and histology services core facility.
Laboratorio Nacional de Microscopía Avanzada-UNAM,RRID:SCR_023472,,Cuernavaca,,Mexico,https://www.lnma.unam.mx,"3D & 4D Image Processing Stations,3D Printing,Cell Imaging,Clinical Imaging - Small Animal (luminescence/fluorescence),Confocal Microscope With FCS/FLIM Capabilities ,Confocal Microscopy,Confocal/ Super Resolution Microscope,Deconvolution,Experimental Design,Fluorescence Lifetime,Fluorescence Microscope With Optical Sectioning Capability,Fluorescence Spectroscopy,Image Aquisition,Image Processing And Analysis,Imaging Flow Cytometry,Imaging Flow Cytomtry,In-vivo Imaging,Live Cell Imaging,Microscopy,Molecular Imaging,Multi-color Flow Cytometry,Multiphoton Microscopy,Multiphoton/ Harmonic Generation Microscope,Multiplex Fluorescence,Optical Imaging,Single-molecule Imaging,Spinning Disk Confocal Imaging,Super-resolution Microscopy,TIRF Microscopy,Training,Whole Plant Imaging,Widefield Microscopy","The LNMA is a national facility open to all sectors of scientific research and education. It offers light microscopy and image analysis services and consulting, has an original research program with incorporated undergraduate and postgraduate students, and supports the development of the bioimaging community in Mexico through training and outreach activities. Visit our website for full details of equipment, services and costs."
Montpellier Ressources en Imagerie,RRID:SCR_022290,,Montpellier,,France,https://www.mri.cnrs.fr,"3D Visualization,Bioimage Informatics,Cell Imaging,Confocal Microscope With FCS/FLIM Capabilities ,Confocal Microscopy,Confocal/ Super Resolution Microscope,Data Visualization,Deconvolution,Electron Microscopy,FACS Cell Sorting,Flow Cytometric Analysis,Flow Cytometry Data Analysis,Fluorescence Lifetime,Fluorescence Microscope With Optical Sectioning Capability,High Content Screening,High Dimensional Flow Cytometry Analysis,Image Aquisition,Image Data Management,Image Processing And Analysis,Imaging Flow Cytometry,Immunofluorescence ,Laser Capture Microdissection,Light-sheet Microscopy,Live Cell Imaging,Microscopy,Microtomy/Electron,Microtomy/Light,Multi-color Flow Cytometry,Multiphoton Microscopy,Multiphoton/ Harmonic Generation Microscope,Multiplex Fluorescence,Optical Imaging,Scanning 20X Brightfield,Scanning 20X Flourescent,Scanning 20X Fluorescent,Scanning 40X Brightfield,Scanning 40X Fluorescent,Spectral Flow Cytometry,Spinning Disk Confocal Imaging,STED Nanoscopy,Super-resolution Microscopy,TIRF Microsc","Montpellier Ressources en Imagerie is the cell imaging facility of the Montpellier area (France). It offers access to cutting-edge instruments for optical and electron microscopy, flow cytometry, and X-ray micro-tomography.
 
 More than 30 engineers are at the service of approximatively 750 active users. The instruments are housed in seven sites that mirror the distribution of the Life Science research campuses of the region. MRI’s mission is to support research by offering the most recent and sophisticated imaging instruments and image analysis solutions."
NAU Environmental Genetics and Genomics Laboratory,RRID:SCR_017939,,Flagstaff,AZ,United States of America,nau.edu/enggen,"DNA Analysis,Genomics,Genotyping,Microbiome,Nucleic Acid Extraction,Real-time qPCR,RNA analysis,Sequencing - Capillary Sequencing,Sequencing - DNA Sequencing,Sequencing - Next Generation Sequencing (NGS)",Genomics core facility at Northern Arizona University
SCRI Micro Computed Tomography Imaging and Visualization Lab,RRID:SCR_024678,,Seattle,WA,United States,bit.ly/SCRI_MicroCT,"3D Visualization,Image Processing And Analysis,Micro Computed Tomography,MicroCT","This is a shared instrument facility that has a Bruker Skyscan 1272 ex-vivo microCT that is capable of X-ray imaging at sub-microb resolution. We also provide a visualization and image analysis support for researchers, using open-source 3D Slicer biomedical imaging suite."
Unidad de Microscopia IIBO-UNAM,RRID:SCR_022204,,CDMX,,Mexico,https://www.biomedicas.unam.mx/servicios/unidad-de-microscopia/,"3D Visualization,Brightfield Microscope With Axial Sectioning Capability,Brightfield Microscopy,Cell Imaging,Computer-assisted Neuron Tracing And Analysis,Confocal Microscopy,Confocal/ Super Resolution Microscope,Consultation,Experimental Design,Fluorescence Microscope With Optical Sectioning Capability,Forster Resonance Energy Transfer (FRET),Image Aquisition,Image Processing And Analysis,In-vivo Imaging,Live Cell Imaging,Microscopy,Multiplex Fluorescence,Phase Contrast Microscopy,Scanning 20X Brightfield,Scanning 20X Fluorescent,Scanning 40X Brightfield,Scanning 40X Fluorescent,Spinning Disk Confocal Imaging,Stereology,Super-resolution Microscopy,TIRF Microscopy,Widefield Microscopy","Microscopy Core Facility located in CDMX, Mexico, specialized in stereology techniques, live cell imaging, CLSM (confocal microscopy), and STORM."
UTSW - Whole Brain Microscopy Facility,RRID:SCR_017949,,Dallas,TX,United States of America,https://www.utsouthwestern.edu/education/medical-school/departments/neurology/research/microscopy-facility/,"3D Visualization,Analysis Workstations,Bioimage Informatics,Computational - High Performance Computing,Consultations,Cryostat Histology,Customized Protocols,Data Analysis,Data Analysis And Interpretation,Data Processing,Data Processing And Interpretation,Data Visualization,Fluorescence Microscope With Optical Sectioning Capability,H&E Staining,Histology,Image Aquisition,Image Processing And Analysis,Immunofluorescence ,Immunohistochemistry,Light-sheet Microscopy,Microscopy,Microtomy/Light,Multiphoton Microscopy,Optical Imaging,Outreach,Scanning 20X Brightfield,Scanning 20X Flourescent,Scanning 20X Fluorescent,Scanning 40X Brightfield,Scanning 40X Fluorescent,Serial Two-photon Tomography,Shared Instrumentation Oversight & Maintenance,Slide Scanning,Staining,Stereology,Training,Virtual And Augmented Reality,Whole Slide Imaging","The Whole Brain Microscopy Facility (WBMF) in the UT Southwestern Department of Neurology was established in 2014 and is supported by the Texas Institute for Brain Injury and Repair (TIBIR). The facility is particularly well-suited to advance the study of traumatic brain injury as well as other neurological and psychiatric disorders by utilizing cutting-edge microscopy strategies to evaluate neuropathology across micro-, meso-, and macro-scales of inquiry. These techniques enable the tracing of neuronal projections from injured sites to their long-range targets, allowing crucial and..."
UTSW Proteomics Core,RRID:SCR_017813,,Dallas,TX,United States of America,http://proteomics.swmed.edu,"Mass Spectrometry,Proteomics",We offer qualitative and quantitative MS Proteomics services using high-performance instrumentation and state-of-the-art data analysis platforms.
UTSW-Neuro-models Facility,RRID:SCR_022529,,Dallas,TX,United States,https://www.utsouthwestern.edu/education/medical-school/departments/neurology/research/neuro-models-facility/,"Animal Training ,Behavioral Assessment,Behavioral Phenotyping,Consultations,EEG,Experimental Design,Phenotyping,Rotarod,Stereotaxic Injection,Surgical Services","The Neuro-Models Facility (NMF) was established in 2010 to facilitate scientific research of nervous system function and to enhance the development and testing of novel therapeutic strategies for the treatment of nervous system disorders. The NMF provides resource capacity typically unavailable or impractical in an individual laboratory. There are three major areas of specialization in the facility:
 1. Surgical approaches to model production and assessment. 2. Behavior testing of sensorimotor functions. 3. In vivo electrophysiological recording (EEG, EMG, ERP). Procedures are intended for..."
